true_label,pred_label,correct,rt_pred_normalized,rt_human_normalized,rt_pred_seconds,rt_human_seconds
1,1,True,0.6,0.051328067,3.1156790288318073,0.5374944214278173
4,4,False,0.5,0.12109351,2.6457834585,0.8653190782170813
6,6,False,0.55,0.31442463,2.880731243665904,1.7737732418474663
5,5,True,0.65,0.5253241,3.3506265339181924,2.7647802834660755
3,3,False,0.5,0.09715067,2.6457834585,0.7528127459983003
3,3,True,0.5,0.15263303,2.6457834585,1.0135218251782088
6,6,True,0.5,0.1325192,2.6457834585,0.9190078712628702
1,1,True,0.55,0.045605365,2.880731243665904,0.5106037067545119
6,6,True,0.45,0.13031997,2.410835673334096,0.9086737772600899
4,4,True,0.55,0.08376875,2.880731243665904,0.6899317081376755
2,2,True,0.55,0.47867116,2.880731243665904,2.5455602236349995
5,5,True,0.75,0.33475634,3.82052210425,1.8693110264435422
7,7,True,0.55,0.0682084,2.880731243665904,0.6168143240263089
7,7,True,0.55,0.08823835,2.880731243665904,0.7109341710488469
0,0,True,0.5,0.06432531,2.6457834585,0.5985678785894336
2,2,True,0.65,0.069894396,3.3506265339181924,0.6247367583230781
5,5,False,0.65,0.10492321,3.3506265339181924,0.7893355703706155
6,6,False,0.4,0.08840157,2.175888028207952,0.711701133800964
1,1,False,0.55,0.08734007,2.880731243665904,0.7067131976518051
5,5,True,0.65,0.1760409,3.3506265339181924,1.12351437369646
6,6,True,0.5,0.090121366,2.6457834585,0.7197823731848563
7,7,True,0.6,0.121978454,3.1156790288318073,0.8694773838218061
1,1,True,0.65,0.09683609,3.3506265339181924,0.7513345563182945
5,5,True,0.65,0.04064091,3.3506265339181924,0.48727595365891946
1,1,False,0.65,0.09437194,3.3506265339181924,0.7397556138845548
1,1,True,0.7,0.074053794,3.5855743190840963,0.644281582388931
2,2,True,0.6,0.11498991,3.1156790288318073,0.8366385153792973
5,5,True,0.6,0.11272929,3.1156790288318073,0.8260159744821594
2,2,True,0.6,0.10582815,3.1156790288318073,0.793587842653876
2,2,True,0.6,0.10461562,3.1156790288318073,0.7878902200141815
5,5,True,0.65,0.25560042,3.3506265339181924,1.4973609442906197
6,6,False,0.55,0.13056362,2.880731243665904,0.9098186723128006
1,1,False,0.5,0.06734873,2.6457834585,0.6127748071474677
5,5,False,0.6,0.07835681,3.1156790288318073,0.6645012580551768
7,7,True,0.65,0.19174959,3.3506265339181924,1.1973287707001394
5,5,True,0.65,0.070517704,3.3506265339181924,0.6276656548803139
2,2,True,0.65,0.1819446,3.3506265339181924,1.1512555498284054
5,5,True,0.6,0.14347239,3.1156790288318073,0.9704764039437639
1,1,True,0.55,0.41696975,2.880731243665904,2.2556280675895164
2,2,True,0.6,0.07921514,3.1156790288318073,0.6685345081547862
6,6,True,0.5,0.12556793,2.6457834585,0.8863441575493907
6,6,True,0.7,0.08322451,3.5855743190840963,0.687374372071982
2,2,True,0.6,0.117979705,3.1156790288318073,0.8506874440788248
7,7,True,0.6,0.07379549,3.1156790288318073,0.6430678227845512
0,0,False,0.45,0.10860173,2.410835673334096,0.806620747889251
0,0,True,0.5,0.09198232,2.6457834585,0.7285269108889937
0,0,False,0.55,0.06500895,2.880731243665904,0.6017802856395092
6,6,True,0.5,0.10596285,2.6457834585,0.7942207873562783
4,4,True,0.7,0.2669882,3.5855743190840963,1.5508715367426131
4,4,True,0.55,0.104193434,2.880731243665904,0.7859063817730387
0,0,True,0.45,0.093102776,2.410835673334096,0.7337918806921218
6,6,False,0.5,0.07787655,2.6457834585,0.6622445523429061
3,3,True,0.55,0.08118718,2.880731243665904,0.6778010440619668
4,4,True,0.65,0.1416418,3.3506265339181924,0.9618745317444823
7,7,False,0.7,0.108234234,3.5855743190840963,0.8048939176164879
0,0,False,0.5,0.27239072,2.6457834585,1.5762578042810311
6,6,True,0.55,0.086180106,2.880731243665904,0.7012625701376953
6,6,False,0.5,0.2954772,2.6457834585,1.684740164034261
6,6,False,0.55,0.111667216,2.880731243665904,0.8210253425676326
3,3,False,0.5,0.06532421,2.6457834585,0.6032616612240407
2,2,False,0.65,0.13784713,3.3506265339181924,0.9440435492637113
0,0,True,0.4,0.043732803,2.175888028207952,0.5018046235641008
0,0,True,0.45,0.15853633,2.410835673334096,1.0412611807932826
0,0,True,0.45,0.13754417,2.410835673334096,0.9426199750898588
2,2,False,0.6,0.04365602,3.1156790288318073,0.5014438286290599
1,1,True,0.7,0.097938545,3.5855743190840963,0.7565149421067645
3,3,True,0.6,0.08984319,3.1156790288318073,0.7184752420709182
5,5,False,0.6,0.085628524,3.1156790288318073,0.6986707142713178
3,3,False,0.55,0.09281956,2.880731243665904,0.7324610478489106
3,3,True,0.5,0.11779386,2.6457834585,0.8498141561394078
1,1,False,0.55,0.107562445,2.880731243665904,0.8017372113807008
4,4,True,0.7,0.15001622,3.5855743190840963,1.001225564087048
7,7,False,0.65,0.23904549,3.3506265339181924,1.4195700482998144
3,3,True,0.7,0.085813455,3.5855743190840963,0.6995396959881343
6,6,True,0.5,0.13622457,2.6457834585,0.936419224604696
0,0,False,0.6,0.17693853,3.1156790288318073,1.1277323012287355
6,6,True,0.45,0.124460705,2.410835673334096,0.8811413653994219
3,3,True,0.5,0.08591927,2.6457834585,0.7000369071537693
6,6,False,0.5,0.42875504,2.6457834585,2.311006650391716
6,6,True,0.55,0.13615459,2.880731243665904,0.9360904112497006
3,3,True,0.5,0.18636774,2.6457834585,1.1720396907547226
5,5,True,0.65,0.12198219,3.3506265339181924,0.8694949238016669
5,5,True,0.6,0.16077988,3.1156790288318073,1.0518035139182427
3,3,True,0.55,0.06442375,2.880731243665904,0.5990304299146252
7,7,False,0.55,0.24145591,2.880731243665904,1.430896534057354
5,5,True,0.6,0.24971826,3.1156790288318073,1.4697209468848174
1,1,True,0.55,0.072746776,2.880731243665904,0.6381399636921612
2,2,False,0.75,0.3233018,3.82052210425,1.8154866048908056
5,5,True,0.6,0.16310589,3.1156790288318073,1.0627333370573733
1,1,True,0.5,0.084737875,2.6457834585,0.6944855910526742
4,4,True,0.7,0.11206921,3.5855743190840963,0.8229143038718038
1,1,True,0.5,0.0715875,2.6457834585,0.6326925921024567
5,5,True,0.6,0.11861411,3.1156790288318073,0.8536684704364852
7,7,True,0.5,0.08037254,2.6457834585,0.6739730922495905
6,6,False,0.5,0.08619652,2.6457834585,0.7013396970351671
4,4,True,0.7,0.0869636,3.5855743190840963,0.7049441804015324
0,0,False,0.35,0.28892782,1.9409402430420482,1.653964886475855
2,2,False,0.7,0.101100266,3.5855743190840963,0.7713717251681445
0,0,True,0.45,0.12243693,2.410835673334096,0.8716317554799189
3,3,True,0.55,0.07133,2.880731243665904,0.6314826135715799
7,7,True,0.5,0.13946408,2.6457834585,0.9516415464479654
5,5,True,0.65,0.1325171,3.3506265339181924,0.9189979984598348
6,6,True,0.5,0.08110248,2.6457834585,0.6774030510658438
4,4,True,0.55,0.098097734,2.880731243665904,0.757262964481427
4,4,False,0.6,0.93021876,3.1156790288318073,4.6673618546333016
4,4,False,0.55,0.130144,2.880731243665904,0.9078469125009032
6,6,True,0.55,0.09827084,2.880731243665904,0.7580763854237145
1,1,True,0.55,0.14465879,2.880731243665904,0.9760512467244329
1,1,False,0.5,0.006265915,2.6457834585,0.32574941700099785
5,5,False,0.7,0.14304551,3.5855743190840963,0.9684705444504605
7,7,True,0.55,0.09968532,2.880731243665904,0.7647229524828244
0,0,False,0.5,0.42552316,2.6457834585,2.2958201787268444
0,0,True,0.55,0.1803143,2.880731243665904,1.143594884851834
7,7,True,0.8,0.05599648,4.055469889415903,0.5594310895737307
6,6,True,0.6,0.05467084,3.1156790288318073,0.553201963532326
2,2,True,0.55,0.101567104,2.880731243665904,0.7735653779787598
3,3,False,0.45,0.45958224,2.410835673334096,2.455862237044316
7,7,True,0.7,0.18381701,3.5855743190840963,1.1600539678299593
5,5,False,0.7,0.08100448,3.5855743190840963,0.676942530317163
0,0,False,0.4,0.15437204,2.175888028207952,1.0216933551969536
6,6,True,0.6,0.1395807,3.1156790288318073,0.9521895220263713
7,7,True,0.6,0.109897695,3.1156790288318073,0.8127104468452353
2,2,True,0.55,0.14752303,2.880731243665904,0.9895101879177441
4,4,True,0.65,0.19094679,3.3506265339181924,1.193556449682172
3,3,False,0.5,0.03419959,2.6457834585,0.45700849527792053
0,0,False,0.45,0.10668873,2.410835673334096,0.7976316657553177
7,7,True,0.65,0.17761809,3.3506265339181924,1.130925487821838
5,5,True,0.7,0.11923261,3.5855743190840963,0.8565747855825228
3,3,False,0.45,0.06757958,2.410835673334096,0.61385955512353
4,4,False,0.7,0.08875647,3.5855743190840963,0.7133687972753944
5,5,True,0.7,0.2642452,3.5855743190840963,1.537982417330169
0,0,True,0.4,0.10038163,2.175888028207952,0.7679948764306312
0,0,True,0.55,0.13256194,2.880731243665904,0.9192086882778036
0,0,True,0.5,0.046792597,2.6457834585,0.5161824531434733
1,1,True,0.7,0.08444071,3.5855743190840963,0.6930892196020789
1,1,True,0.45,0.069949955,2.410835673334096,0.6249978274444794
6,6,True,0.55,0.44381174,2.880731243665904,2.381757397579708
7,7,True,0.65,0.19477203,3.3506265339181924,1.2115311129560542
3,3,False,0.5,0.10872265,2.6457834585,0.8071889592128855
3,3,True,0.4,0.16552883,2.175888028207952,1.0741186395138473
7,7,True,0.55,0.04029007,2.880731243665904,0.485627370601703
1,1,True,0.5,0.19051598,2.6457834585,1.191532104940632
5,5,True,0.6,0.30380008,3.1156790288318073,1.7238489275931204
4,4,True,0.6,0.1567321,3.1156790288318073,1.0327831737611617
4,0,False,0.35,0.16747181,1.9409402430420482,1.0832486016457046
6,6,True,0.5,0.08410479,2.6457834585,0.6915107614543659
4,4,True,0.6,0.12035934,3.1156790288318073,0.8618692337549978
2,2,True,0.6,0.13070388,3.1156790288318073,0.9104777694402646
3,3,True,0.6,0.11198124,3.1156790288318073,0.8225009415120901
0,0,True,0.4,0.105379626,2.175888028207952,0.7914802442753921
4,4,False,0.55,0.2481222,2.880731243665904,1.46222111757188
5,5,True,0.65,0.11672235,3.3506265339181924,0.8447792016410413
3,3,True,0.45,0.123351485,2.410835673334096,0.8759291905855754
7,7,False,0.75,0.19736435,3.82052210425,1.2237122613650149
0,0,False,0.5,0.10076409,2.6457834585,0.7697920416725368
0,0,True,0.5,0.09881905,2.6457834585,0.7606523817873434
4,4,False,0.55,0.26590818,2.880731243665904,1.545796635902887
5,5,False,0.65,0.08197724,3.3506265339181924,0.6815134980828046
5,5,True,0.6,0.1895629,3.1156790288318073,1.1870536334360529
1,1,True,0.55,0.12550624,2.880731243665904,0.8860542752474995
5,5,True,0.65,0.0874068,3.3506265339181924,0.7070267466730293
6,6,False,0.45,0.16182126,2.410835673334096,1.0566969232298282
1,1,False,0.5,0.092614144,2.6457834585,0.7314958238074687
6,6,False,0.55,0.091614604,2.880731243665904,0.7267990303180352
5,5,True,0.55,0.15450406,2.880731243665904,1.0223137313309523
2,2,True,0.55,0.08744568,2.880731243665904,0.7072094285391246
7,7,True,0.55,0.16912335,2.880731243665904,1.0910091149707049
2,2,False,0.65,0.066812806,3.3506265339181924,0.6102565071646981
1,1,True,0.7,0.08159511,3.5855743190840963,0.6797178732782521
6,6,False,0.6,0.15325554,3.1156790288318073,1.0164469756718815
2,2,True,0.6,0.13019924,3.1156790288318073,0.9081064761948913
0,0,True,0.4,0.5101571,2.175888028207952,2.6935112491286635
1,1,True,0.5,0.06311882,2.6457834585,0.5928986490109509
5,5,True,0.9,0.18317379,4.525365179668192,1.157031489703526
3,3,True,0.55,0.097754456,2.880731243665904,0.7556499165131502
4,4,True,0.6,0.09482028,3.1156790288318073,0.7418623720244826
2,2,True,0.7,0.08083303,3.5855743190840963,0.6761369165914606
7,7,True,0.5,0.1304494,2.6457834585,0.9092819699350237
1,1,False,0.65,0.14085162,3.3506265339181924,0.958161517564607
3,3,True,0.55,0.11002536,2.880731243665904,0.8133103421644268
4,4,True,0.7,0.08413641,3.5855743190840963,0.691659343639055
7,7,False,0.65,0.0012537806,3.3506265339181924,0.302197624906781
2,2,True,0.7,0.1426878,3.5855743190840963,0.96678964721877
5,5,False,0.6,0.08560195,3.1156790288318073,0.6985458338159016
6,6,True,0.5,0.29081067,2.6457834585,1.6628123183931875
2,2,True,0.65,0.14760059,3.3506265339181924,0.9898746413914986
3,3,True,0.5,0.11686976,2.6457834585,0.8454718733008137
6,6,True,0.6,0.1475428,3.1156790288318073,0.9896031042980846
7,7,True,0.5,0.09263532,2.6457834585,0.7315953220564995
1,1,False,0.5,0.08530034,2.6457834585,0.6971285964411607
6,6,True,0.55,0.19056447,2.880731243665904,1.1917599496291231
2,2,True,0.6,0.06040582,3.1156790288318073,0.5801503745864908
1,1,False,0.55,0.08456239,2.880731243665904,0.6936610019395772
4,4,False,0.65,0.103717245,3.3506265339181924,0.7836687914879217
0,0,True,0.35,0.23794879,1.9409402430420482,1.4144167251948423
0,0,True,0.5,0.050856996,2.6457834585,0.5352808829713717
0,0,False,0.45,0.13008152,2.410835673334096,0.9075533191453888
2,2,True,0.6,0.342162,3.1156790288318073,1.9041099263681012
3,3,True,0.6,0.24670935,3.1156790288318073,1.4555821826796556
4,4,True,0.5,0.10945348,2.6457834585,0.81062308421198
5,5,True,0.6,0.15734112,3.1156790288318073,1.0356449562637204
1,1,True,0.55,0.069109134,2.880731243665904,0.6210468507034985
3,3,True,0.5,0.09779515,2.6457834585,0.7558411408045668
5,5,True,0.6,0.1717684,3.1156790288318073,1.1034380637338668
3,3,True,0.65,0.07089272,3.3506265339181924,0.6294278451923173
4,4,False,0.6,0.107848376,3.1156790288318073,0.8030807878420143
2,2,True,0.85,0.15456872,4.290417674581807,1.0226175475889008
2,2,False,0.65,0.060616728,3.3506265339181924,0.5811414184585662
4,4,False,0.6,0.10163609,3.1156790288318073,0.7738895350117563
1,1,False,0.5,0.41742468,2.6457834585,2.2577657745162645
7,7,True,0.6,0.12826052,3.1156790288318073,0.8989965397486237
5,5,True,0.65,0.16660404,3.3506265339181924,1.0791709939523153
0,0,True,0.45,0.26633355,2.410835673334096,1.5477954233883422
1,1,True,0.55,0.12598404,2.880731243665904,0.8882994626895623
1,1,True,0.55,0.082195684,2.880731243665904,0.68253995450903
1,1,False,0.55,0.12379288,2.880731243665904,0.8780032844516307
5,5,False,0.6,0.12187666,3.1156790288318073,0.8689990430137459
0,0,False,0.5,0.10198255,2.6457834585,0.7755175322243456
1,1,False,0.7,0.108343795,3.5855743190840963,0.8054087387818634
1,1,True,0.55,0.17652236,2.880731243665904,1.125776716009045
0,0,False,0.45,0.07639709,2.410835673334096,0.6552926285884948
7,7,False,0.55,0.26709306,2.880731243665904,1.551364336655828
7,7,False,0.5,0.00044068313,2.6457834585,0.2983769170065276
2,2,True,0.6,0.17060481,3.1156790288318073,1.0979704213889936
1,1,True,0.5,0.071516104,2.6457834585,0.6323570918489514
1,1,True,0.55,0.110760055,2.880731243665904,0.8167626373222993
4,4,True,0.55,0.120590486,2.880731243665904,0.8629553821286536
6,6,True,0.5,0.31333515,2.6457834585,1.7686538083642611
4,4,True,0.55,0.19186798,2.880731243665904,1.1978850786442274
0,0,False,0.55,0.15270649,2.880731243665904,1.0138670231850502
1,1,False,0.6,0.025799897,3.1156790288318073,0.41753870921941116
2,2,True,0.6,0.096962295,3.1156790288318073,0.751927589689277
1,1,True,0.7,0.085694395,3.5855743190840963,0.6989802371494602
3,3,True,0.55,0.070685096,2.880731243665904,0.6284522231987424
7,7,True,0.5,0.12829821,2.6457834585,0.8991736200243442
6,6,False,0.6,0.1348989,3.1156790288318073,0.9301899760285017
5,5,True,0.6,0.31614077,3.1156790288318073,1.7818372913508962
7,7,False,0.55,0.15818161,2.880731243665904,1.0395943575574083
7,7,False,0.55,0.12183343,2.880731243665904,0.868795915342783
1,1,True,0.5,0.100870095,2.6457834585,0.7702901630966078
5,5,True,0.55,0.08675463,2.880731243665904,0.7039622216088461
1,1,True,0.55,0.25672987,2.880731243665904,1.502668171091137
1,1,True,0.55,0.116382055,2.880731243665904,0.843180157648701
7,7,False,0.55,0.07922745,2.880731243665904,0.6685923445754052
1,1,False,0.6,0.37314758,3.1156790288318073,2.0497096843019813
2,2,True,0.85,0.20414485,4.290417674581807,1.2555735472573175
4,4,True,0.55,0.20125218,2.880731243665904,1.2419810081335694
6,6,False,0.4,0.2606172,2.175888028207952,1.5209345371837821
7,7,True,0.6,0.11515316,3.1156790288318073,0.8374056531811136
5,5,False,0.7,0.47794792,3.5855743190840963,2.542161738754664
4,4,True,0.6,0.28253758,3.1156790288318073,1.6239374212324722
7,7,False,0.55,0.15005982,2.880731243665904,1.0014304422550029
0,0,False,0.55,0.22591385,2.880731243665904,1.3578650993482995
7,7,False,0.55,0.20221546,2.880731243665904,1.246507443255732
5,5,True,0.65,0.17421253,3.3506265339181924,1.1149229344592513
4,4,True,0.65,0.16424772,3.3506265339181924,1.0680987503779078
0,0,True,0.55,0.11177152,2.880731243665904,0.8215154467154797
5,5,False,0.6,0.15289132,3.1156790288318073,1.0147355497726487
0,0,False,0.6,0.21779533,3.1156790288318073,1.3197165183995447
7,7,True,0.6,0.12936348,3.1156790288318073,0.9041792712030631
3,3,True,0.5,0.09500658,2.6457834585,0.7427377605602901
5,5,False,0.7,0.090846464,3.5855743190840963,0.7231895755402123
2,2,True,0.6,0.07865226,3.1156790288318073,0.6658895772196085
5,5,True,0.7,0.20271665,3.5855743190840963,1.2488624918890188
7,7,True,0.6,0.10516683,3.1156790288318073,0.7904803253835668
2,2,True,0.65,0.108279005,3.3506265339181924,0.805104292344998
6,6,True,0.55,0.09151362,2.880731243665904,0.7263245055934178
3,3,True,0.6,0.29590282,3.1156790288318073,1.6867400718377912
7,7,True,0.7,0.07645592,3.5855743190840963,0.6555690670734867
1,1,True,0.55,0.08620943,2.880731243665904,0.7014003692609131
2,2,True,0.6,0.11259736,3.1156790288318073,0.8253960534773783
3,3,True,0.5,0.3320465,2.6457834585,1.856577631243515
1,1,True,0.75,0.12682623,3.82052210425,0.8922568462495342
3,3,False,0.45,0.065223046,2.410835673334096,0.602786296260867
1,1,True,0.45,0.0675453,2.410835673334096,0.6136984743903173
7,7,True,0.55,0.21161175,2.880731243665904,1.2906601588674973
5,5,True,0.65,0.14613698,3.3506265339181924,0.982997218789071
2,2,True,0.65,0.06371984,3.3506265339181924,0.5957227958281794
0,0,False,0.4,0.12952279,2.175888028207952,0.9049278537367631
4,4,True,0.75,0.35686678,3.82052210425,1.9732069440377202
3,3,True,0.5,0.07939583,2.6457834585,0.6693835692158326
1,1,True,0.75,0.07594504,3.82052210425,0.6531684705084657
0,0,False,0.45,0.21223071,2.410835673334096,1.2935686446298051
5,5,False,0.65,0.1613987,3.3506265339181924,1.0547112994817538
0,0,True,0.4,0.08430243,2.175888028207952,0.6924394701285526
2,2,True,0.6,0.06379636,3.1156790288318073,0.5960823479103561
7,7,True,0.6,0.12444417,3.1156790288318073,0.8810636783429127
3,3,True,0.55,0.08363936,2.880731243665904,0.6893237255223805
4,4,True,0.6,0.13648926,3.1156790288318073,0.9376629877275202
5,5,True,0.75,0.16032876,3.82052210425,1.0496837320806938
3,3,True,0.6,0.18531635,3.1156790288318073,1.167099298103869
4,4,True,0.55,0.33305445,2.880731243665904,1.8613139159450902
2,2,True,0.65,0.07491347,3.3506265339181924,0.6483211692876518
6,6,False,0.5,0.19043288,2.6457834585,1.1911416040716352
4,4,True,0.6,0.08497919,3.1156790288318073,0.6956195279942143
6,6,True,0.5,0.1891869,2.6457834585,1.18528682181199
6,6,True,0.45,0.09268036,2.410835673334096,0.7318069571428438
7,7,True,0.4,0.09101495,2.175888028207952,0.7239812903197977
0,0,True,0.35,0.08637565,1.9409402430420482,0.7021814060088467
6,6,True,0.45,0.10129118,2.410835673334096,0.7722688198666539
6,6,True,0.5,0.21716315,2.6457834585,1.3167459250039573
0,0,False,0.4,0.07982439,2.175888028207952,0.6713973409555403
2,2,False,0.6,0.26834226,3.1156790288318073,1.5572342432094848
4,4,True,0.6,0.117568694,3.1156790288318073,0.848756120747445
3,3,True,0.55,0.16337124,2.880731243665904,1.0639801810549034
3,3,True,0.55,0.1390059,2.880731243665904,0.9494885751874463
6,6,True,0.6,0.06888964,3.1156790288318073,0.6200154578757553
0,0,False,0.5,0.17306662,2.6457834585,1.1095383356916833
2,2,True,0.6,0.07748423,3.1156790288318073,0.6604010339406499
4,4,True,0.8,0.11644439,4.055469889415903,0.8434730508054187
5,5,False,0.6,0.11985039,3.1156790288318073,0.8594777047643958
2,2,False,0.75,0.09215646,3.82052210425,0.729345198212919
6,6,True,0.5,0.12389605,2.6457834585,0.8784880670886218
5,5,True,0.8,0.13364041,4.055469889415903,0.9242763770699223
5,5,False,0.65,0.19819506,3.3506265339181924,1.2276157296176304
7,7,False,0.55,0.21397232,2.880731243665904,1.301752358107615
6,6,False,0.45,0.21035135,2.410835673334096,1.2847375973643185
6,6,True,0.55,0.14696825,2.880731243665904,0.9869032777772346
7,7,True,0.55,0.17380196,2.880731243665904,1.112993676714322
7,7,True,0.55,0.102847666,2.880731243665904,0.779582676379151
7,7,True,0.55,0.049700264,2.880731243665904,0.5298454497711533
1,1,False,0.5,0.17150874,2.6457834585,1.1022179673303756
0,0,True,0.45,0.0731273,2.410835673334096,0.6399280263497078
4,4,False,0.6,0.15325984,3.1156790288318073,1.01646721141711
5,5,True,0.6,0.14178935,3.1156790288318073,0.9625678685931118
1,1,True,0.6,0.15627745,3.1156790288318073,1.0306467972121276
1,1,True,0.65,0.17583266,3.3506265339181924,1.122535845877878
7,7,True,0.65,0.038828682,3.3506265339181924,0.47876038096134826
2,2,False,0.65,0.11771469,3.3506265339181924,0.8494421405186475
5,5,True,0.6,0.11759223,3.1156790288318073,0.8488667171474056
2,2,True,0.65,0.053589676,3.3506265339181924,0.5481216186469543
4,4,True,0.65,0.11020352,3.3506265339181924,0.8141474998459268
2,2,True,0.55,0.10486518,2.880731243665904,0.7890628779491868
4,4,True,0.5,0.16505156,2.6457834585,1.0718759727874532
3,3,True,0.55,0.095316775,2.880731243665904,0.7441953643956688
4,4,False,0.55,0.14631136,2.880731243665904,0.9838165914211314
2,2,True,0.65,0.1828938,3.3506265339181924,1.1557158161642667
7,7,True,0.65,0.22707585,3.3506265339181924,1.3633252495660462
4,4,True,0.65,0.14176622,3.3506265339181924,0.9624591977398425
5,5,False,0.6,0.103712365,3.1156790288318073,0.7836458599773253
3,3,True,0.5,0.14577559,2.6457834585,0.9812990266470986
4,4,True,0.6,0.07146285,3.1156790288318073,0.6321068407989614
1,1,True,0.55,0.12902948,2.880731243665904,0.9026098456198292
5,5,False,0.6,0.122805685,3.1156790288318073,0.8733645024325153
6,6,False,0.45,0.0643821,2.410835673334096,0.5988347243509088
4,4,True,0.6,0.10671567,3.1156790288318073,0.7977582616977862
0,0,False,0.55,0.10030956,2.880731243665904,0.7676562252825403
4,4,True,0.55,0.12267291,2.880731243665904,0.8727405902945923
6,6,False,0.5,0.10420091,2.6457834585,0.7859414967427002
6,6,True,0.5,0.13037427,2.6457834585,0.9089289297016578
3,3,True,0.4,0.29060298,2.175888028207952,1.6618363813101542
4,4,True,0.55,0.14609723,2.880731243665904,0.9828104057500745
0,0,False,0.4,0.023518583,2.175888028207952,0.4068189194618772
3,3,True,0.55,0.07345766,2.880731243665904,0.6414803670822988
0,0,False,0.4,0.1933451,2.175888028207952,1.2048260092775285
2,2,False,0.6,0.077488504,3.1156790288318073,0.6604211296461191
1,1,False,0.6,0.08075435,3.1156790288318073,0.6757671766167899
6,6,True,0.45,0.15803938,2.410835673334096,1.0389260178058262
5,5,True,0.6,0.12605903,3.1156790288318073,0.8886518027241314
3,3,True,0.45,0.09026989,2.410835673334096,0.7204802963356051
0,0,True,0.5,0.09637158,2.6457834585,0.7491518616188497
4,4,False,0.6,0.27607846,3.1156790288318073,1.593586324105191
1,1,False,0.65,0.14992578,3.3506265339181924,1.0008006134372467
1,1,False,0.6,0.17679848,3.1156790288318073,1.127074184379587
7,7,True,0.4,0.084400296,2.175888028207952,0.6928993256883763
2,2,True,0.65,0.15745921,3.3506265339181924,1.0361998638102148
1,1,True,0.55,0.13720492,2.880731243665904,0.9410258324890967
4,4,False,0.8,0.24418812,4.055469889415903,1.4437350290967867
1,1,False,0.5,0.095727116,2.6457834585,0.7461235368324628
6,6,True,0.4,0.2331221,2.175888028207952,1.391736305886927
3,3,False,0.6,0.03124507,3.1156790288318073,0.44312532989105957
0,0,False,0.5,0.17084241,2.6457834585,1.099086888370553
5,5,True,0.85,0.20737793,4.290417674581807,1.2707656205125635
2,2,True,0.7,0.09855285,3.5855743190840963,0.7594015466566711
7,7,True,0.6,0.15083693,3.1156790288318073,1.0050820490003955
6,6,True,0.6,0.103887215,3.1156790288318073,0.7844674732455357
6,6,True,0.55,0.17156528,2.880731243665904,1.102483622753896
2,2,True,0.6,0.06495098,3.1156790288318073,0.6015078732975992
5,5,True,0.6,0.08908973,3.1156790288318073,0.7149347568745839
1,1,True,0.5,0.14117326,2.6457834585,0.9596728966675829
2,2,False,0.6,0.05735084,3.1156790288318073,0.5657951614282561
1,1,False,0.6,0.105530545,3.1156790288318073,0.7921894056168302
4,4,True,0.6,0.117981255,3.1156790288318073,0.8506947261463119
5,5,False,0.7,0.08564041,3.5855743190840963,0.6987265551253656
7,7,True,0.5,0.059836544,2.6457834585,0.5774753701129887
2,2,True,0.65,0.0973736,3.3506265339181924,0.7538602784083106
7,7,True,0.55,0.05145584,2.880731243665904,0.5380948243911364
4,4,True,0.6,0.13819833,3.1156790288318073,0.9456938478079799
4,4,True,0.7,0.14130747,3.5855743190840963,0.9603035657238954
4,4,True,0.55,0.08687898,2.880731243665904,0.7045465375048079
4,4,True,0.55,0.074298315,2.880731243665904,0.6454305736046032
3,3,True,0.6,0.12709044,3.1156790288318073,0.8934983687362086
4,4,True,0.6,0.09888187,3.1156790288318073,0.7609475856000906
7,7,True,0.5,0.07752269,2.6457834585,0.6605817552501139
4,4,True,0.6,0.17866036,3.1156790288318073,1.1358230983262045
0,0,False,0.35,0.23040886,1.9409402430420482,1.3789869461543318
6,6,True,0.6,0.14649254,3.1156790288318073,0.9846679631382074
7,7,True,0.6,0.08134371,3.1156790288318073,0.6785365678881058
4,4,True,0.55,0.10494552,2.880731243665904,0.7894403901305023
3,3,True,0.5,0.11033177,2.6457834585,0.814750125940426
7,7,True,0.6,0.09609464,3.1156790288318073,0.7478505071449855
5,4,False,0.9,0.24156407,4.525365179668192,1.4314047383440995
7,7,True,0.6,0.09018969,3.1156790288318073,0.7201034143332068
4,4,False,0.65,0.14154416,3.3506265339181924,0.9614157614927937
3,3,False,0.5,0.589532,2.6457834585,3.06649034343342
2,2,True,0.7,0.074675135,3.5855743190840963,0.6472012363220485
7,7,True,0.65,0.14034094,3.3506265339181924,0.9557618662679617
0,0,False,0.5,0.058253605,2.6457834585,0.5700372108090829
2,2,True,0.5,0.12654193,2.6457834585,0.8909209369650459
7,7,True,0.7,0.13093086,3.5855743190840963,0.911544312247609
4,4,True,0.6,0.12776294,3.1156790288318073,0.8966584359262205
3,3,False,0.5,0.15481861,2.6457834585,1.023791780971199
1,1,True,0.5,0.08209994,2.6457834585,0.6820900417721214
7,7,False,0.6,0.1209398,3.1156790288318073,0.8645967881482025
1,1,True,0.55,0.05337375,2.880731243665904,0.5471069955803954
5,5,True,0.6,0.06165038,3.1156790288318073,0.5859985049575658
1,1,False,0.55,0.103372574,2.880731243665904,0.7820491966608945
2,2,True,0.65,0.19666578,3.3506265339181924,1.2204297294054358
3,3,True,0.6,0.068082884,3.1156790288318073,0.6162245465797318
6,6,False,0.45,0.12836836,2.410835673334096,0.8995032736178957
5,5,False,0.55,0.1546237,2.880731243665904,1.022875920944934
3,3,True,0.5,0.050392404,2.6457834585,0.5330977856576187
6,6,True,0.45,0.12641308,2.410835673334096,0.8903154750654197
6,6,False,0.5,0.1692165,2.6457834585,1.0914468092386085
7,7,True,0.55,0.09082718,2.880731243665904,0.7230989698159014
6,6,True,0.45,0.16194837,2.410835673334096,1.0572941928035315
3,3,True,0.5,0.07786727,2.6457834585,0.6622009299578631
3,3,False,0.55,0.2092564,2.880731243665904,1.2795924665852694
7,7,True,0.5,0.09593087,2.6457834585,0.74708095365732
5,5,True,0.6,0.08371112,3.1156790288318073,0.6896609062529981
2,2,False,0.55,0.2886608,2.880731243665904,1.6527101302319203
6,6,False,0.55,0.11303829,2.880731243665904,0.8274679417172235
1,1,False,0.55,0.07809696,2.880731243665904,0.6632802513932499
0,0,True,0.45,0.054855004,2.410835673334096,0.5540673392253387
3,3,True,0.4,0.10700077,2.175888028207952,0.7990979170458374
1,1,True,0.5,0.07521247,2.6457834585,0.6497261531834482
2,2,True,0.65,0.10477545,3.3506265339181924,0.7886412532436705
6,6,True,0.5,0.12122266,2.6457834585,0.8659259405143013
3,3,True,0.5,0.15866803,2.6457834585,1.0418800164899285
1,1,True,0.6,0.07692497,3.1156790288318073,0.6577731178362352
1,1,False,0.6,0.11259911,3.1156790288318073,0.8254042808132412
2,2,True,0.65,0.08930508,3.3506265339181924,0.7159466841757749
3,3,True,0.5,0.12444973,2.6457834585,0.8810897957580347
1,1,False,0.55,0.106808074,2.880731243665904,0.7981924549717058
2,2,True,0.5,0.11703753,2.6457834585,0.8462601921162344
2,2,True,0.55,0.09181026,2.880731243665904,0.7277184263482241
5,5,False,0.65,0.11686738,3.3506265339181924,0.8454606701200643
2,2,True,0.6,0.15880658,3.1156790288318073,1.0425310613312289
6,6,True,0.5,0.12893614,2.6457834585,0.9021712410934896
5,5,True,0.65,0.1234257,3.3506265339181924,0.8762779245963409
1,1,True,0.55,0.06759731,2.880731243665904,0.613942843770414
6,6,True,0.6,0.3073149,3.1156790288318073,1.7403649367334286
7,7,True,0.55,0.061185613,2.880731243665904,0.5838145849102265
7,7,True,0.45,0.16326848,2.410835673334096,1.0634973239646037
1,1,True,0.5,0.105377086,2.6457834585,0.791468305885906
0,0,True,0.4,0.05904504,2.175888028207952,0.5737561241638216
5,5,True,0.6,0.1811348,3.1156790288318073,1.147450389486866
3,3,False,0.65,0.07510816,3.3506265339181924,0.6492360140256612
7,7,True,0.4,0.10394859,2.175888028207952,0.7847558851299534
3,3,False,0.45,0.00030538708,2.410835673334096,0.297741166995938
3,3,True,0.5,0.06337361,2.6457834585,0.5940958839237251
7,7,True,0.6,0.035109974,3.1156790288318073,0.46128634232223553
1,1,False,0.6,0.09069162,3.1156790288318073,0.7224619639604776
4,4,True,0.55,0.14090908,2.880731243665904,0.958431514220668
6,6,True,0.5,0.21549733,2.6457834585,1.3089183326342197
1,1,False,0.55,0.108162194,2.880731243665904,0.8045554065081563
4,4,True,0.6,0.07206277,3.1156790288318073,0.6349258411550333
2,2,False,0.7,0.12311553,3.5855743190840963,0.8748204608007215
2,2,True,0.6,0.19004017,3.1156790288318073,1.189296300162447
2,2,True,0.6,0.12984423,3.1156790288318073,0.9064383225813032
1,1,False,0.6,0.09370152,3.1156790288318073,0.7366053494776985
6,6,True,0.55,0.10101196,2.880731243665904,0.7709567873611378
0,0,True,0.5,0.09095611,2.6457834585,0.7237047818149261
7,7,True,0.6,0.08201418,3.1156790288318073,0.6816870773645409
6,6,False,0.45,0.17084935,2.410835673334096,1.0991195176344855
5,5,True,0.65,0.2655949,3.3506265339181924,1.5443245379524135
0,0,False,0.6,0.15075,3.1156790288318073,1.0046735530223199
0,0,True,0.4,0.12322508,2.175888028207952,0.8753352119462173
2,2,True,0.6,0.064961806,3.1156790288318073,0.6015587427401896
3,3,True,0.55,0.111366056,2.880731243665904,0.8196102057892821
2,2,True,0.6,0.14255913,3.1156790288318073,0.9661850255576999
0,0,True,0.45,0.07501818,2.410835673334096,0.6488131989821903
3,3,True,0.45,0.082293026,2.410835673334096,0.6829973593730648
2,2,True,0.65,0.06403821,3.3506265339181924,0.5972188055675649
3,3,True,0.5,0.12272406,2.6457834585,0.8729809685415469
0,0,True,0.4,0.07401425,2.175888028207952,0.64409574962825
0,0,False,0.4,0.067989886,2.175888028207952,0.6157875525106249
5,5,True,0.65,0.41545358,3.3506265339181924,2.248503684871444
1,1,True,0.6,0.22629383,3.1156790288318073,1.3596506062802376
4,4,True,0.55,0.16504386,2.880731243665904,1.0718397725096567
2,2,True,0.55,0.18584767,2.880731243665904,1.1695959269338765
7,7,True,0.55,0.0814503,2.880731243665904,0.6790374200874845
5,5,True,0.75,0.10534505,3.82052210425,0.7913177631445858
7,7,False,0.6,0.1702596,3.1156790288318073,1.096348270836358
7,7,True,0.55,0.2388727,2.880731243665904,1.4187581677948802
7,7,True,0.55,0.08175542,2.880731243665904,0.6804711821538307
1,1,True,0.5,0.07232373,2.6457834585,0.6361520993079366
4,4,True,0.55,0.27905482,2.880731243665904,1.6075720948732437
1,1,True,0.55,0.20296799,2.880731243665904,1.2500435171996462
2,2,True,0.55,0.2337107,2.880731243665904,1.394502161154319
6,6,False,0.4,0.17679177,2.175888028207952,1.1270426754337293
3,3,True,0.5,0.11578468,2.6457834585,0.8403731306920551
4,4,True,0.65,0.19218339,3.3506265339181924,1.1993671894374955
5,5,True,0.75,0.19399463,3.82052210425,1.2078781058130679
4,4,True,0.55,0.18886378,2.880731243665904,1.1837685107409255
2,2,True,0.7,0.0897409,3.5855743190840963,0.7179945906068284
7,7,True,0.6,0.15570638,3.1156790288318073,1.0279633553431236
4,4,False,0.6,0.14253235,3.1156790288318073,0.9660591998339081
6,6,False,0.45,0.1537086,2.410835673334096,1.018575930113669
0,0,True,0.4,0.10985792,2.175888028207952,0.8125235287764193
6,6,True,0.5,0.16846494,2.6457834585,1.087915286586874
1,1,True,0.6,0.079761796,3.1156790288318073,0.6711032224509282
2,2,True,0.55,0.056910656,2.880731243665904,0.5637267566774253
3,3,False,0.4,0.08172782,2.175888028207952,0.6803414703267165
5,5,False,0.6,0.113389164,3.1156790288318073,0.8291166998241392
5,5,True,0.6,0.17737626,3.1156790288318073,1.1297891351944487
0,0,True,0.5,0.11651819,2.6457834585,0.8438198592694928
4,4,True,0.5,0.15394737,2.6457834585,1.0196978586458434
6,6,True,0.4,0.12887351,2.175888028207952,0.9018769475391784
3,3,True,0.55,0.14595535,2.880731243665904,0.9821437464756045
1,1,True,0.55,0.14328101,2.880731243665904,0.9695771386289842
4,4,False,0.55,0.07211094,2.880731243665904,0.6351522154260512
0,0,False,0.3,0.086346015,1.7059925979159036,0.7020421714780953
6,6,True,0.6,0.18998492,3.1156790288318073,1.1890366664485792
5,5,False,0.6,0.22111247,3.1156790288318073,1.335303643815967
7,7,True,0.6,0.101729386,3.1156790288318073,0.7743279294784569
1,1,False,0.55,0.27637172,2.880731243665904,1.5949643153373692
0,0,True,0.35,0.06357107,1.9409402430420482,0.5950237523593558
2,2,False,0.65,0.009326063,3.3506265339181924,0.34012891392875527
7,7,False,0.75,0.081323236,3.82052210425,0.6784403605734202
1,1,False,0.55,0.18620145,2.880731243665904,1.1712583389173303
4,4,True,0.55,0.08512017,2.880731243665904,0.6962819860759032
7,7,False,0.6,0.21543875,3.1156790288318073,1.3086430844871824
4,4,False,0.7,0.009452209,3.5855743190840963,0.3407216672202189
5,5,True,0.55,0.13244276,2.880731243665904,0.918648669280092
2,2,False,0.6,0.25189394,3.1156790288318073,1.4799443394578176
4,4,False,0.65,0.13226877,3.3506265339181924,0.9178311171649034
1,1,True,0.65,0.07981909,3.3506265339181924,0.6713724488883126
2,2,True,0.6,0.09052813,3.1156790288318073,0.7216937408505262
5,5,True,0.65,0.76997787,3.3506265339181924,3.9143971967831033
3,3,True,0.45,0.11974659,2.410835673334096,0.858989946282518
5,5,True,0.6,0.16421261,3.1156790288318073,1.0679337835413727
3,3,True,0.5,0.19388747,2.6457834585,1.2073745928582613
0,0,True,0.5,0.07519836,2.6457834585,0.6496598443573876
2,2,True,0.6,0.0673477,3.1156790288318073,0.6127699407658297
4,4,True,0.6,0.1552888,3.1156790288318073,1.026001188254743
6,6,False,0.5,0.055423196,2.6457834585,0.5567372497525938
4,4,False,0.55,0.26667088,2.880731243665904,1.5493805334246251
2,2,True,0.55,0.09731748,2.880731243665904,0.7535965835414212
5,5,True,0.7,0.21509978,3.5855743190840963,1.3070502722641342
7,7,True,0.4,0.13180758,2.175888028207952,0.9156640018886882
3,3,True,0.45,0.104999356,2.410835673334096,0.7896933719558001
5,5,True,0.6,0.057536513,3.1156790288318073,0.5666676266340869
7,7,False,0.65,0.11900787,3.3506265339181924,0.8555187457571309
1,1,True,0.6,0.047173373,3.1156790288318073,0.5179717061389746
5,5,False,0.65,0.1359367,3.3506265339181924,0.9350665805689633
3,3,True,0.65,0.2308186,3.3506265339181924,1.3809122827859988
0,0,True,0.5,0.06837927,2.6457834585,0.6176172419866436
5,5,True,0.65,0.18202856,3.3506265339181924,1.1516501118504237
2,2,True,0.6,0.09780581,3.1156790288318073,0.7558912400284805
2,2,False,0.6,0.13761996,3.1156790288318073,0.942976096197931
5,5,True,0.6,0.20090126,3.1156790288318073,1.2403320399670146
3,3,True,0.5,0.22104631,2.6457834585,1.3349927555501706
4,4,True,0.6,0.33545083,3.1156790288318073,1.872574372956088
3,3,True,0.45,0.04578491,2.410835673334096,0.5114473762848227
7,7,True,0.6,0.106039874,3.1156790288318073,0.794582720114364
0,0,True,0.45,0.07590998,2.410835673334096,0.6530037137315696
1,1,True,0.55,0.11746181,2.880731243665904,0.8482538681504727
5,5,False,0.7,0.08147423,3.5855743190840963,0.6791498720142567
2,2,True,0.6,0.1800479,3.1156790288318073,1.142343069442846
0,0,True,0.45,0.07170733,2.410835673334096,0.6332556569649344
7,7,True,0.7,0.10501531,3.5855743190840963,0.7897683282370016
0,0,True,0.45,0.17534667,2.410835673334096,1.1202522175218688
2,2,True,0.55,0.09859515,2.880731243665904,0.7596002980851537
5,5,True,0.6,0.15880099,3.1156790288318073,1.0425048038763474
2,2,True,0.55,0.14095408,2.880731243665904,0.9586429742573132
7,7,True,0.5,0.07450785,2.6457834585,0.6464151581427777
2,2,True,0.55,0.27152503,2.880731243665904,1.572189929350918
3,3,True,0.7,0.08742323,3.5855743190840963,0.7071039435903808
6,6,True,0.5,0.077099666,2.6457834585,0.6585939958957088
2,2,True,0.55,0.11344176,2.880731243665904,0.8293638349894834
1,1,True,0.6,0.07972474,3.1156790288318073,0.6709290830101544
2,2,False,0.65,0.19185838,3.3506265339181924,1.197839985841711
6,6,True,0.5,0.26619014,2.6457834585,1.5471215520662647
4,4,False,0.65,0.4252085,3.3506265339181924,2.29434163894744
3,3,False,0.55,0.0902414,2.880731243665904,0.7203464183256496
0,0,True,0.4,0.20725192,2.175888028207952,1.2701735324099568
0,0,False,0.4,0.08748164,2.175888028207952,0.7073784215187415
0,0,False,0.35,0.13866812,1.9409402430420482,0.9479013645547728
3,3,True,0.55,0.13096784,2.880731243665904,0.9117181015889844
5,5,True,0.6,0.20441401,3.1156790288318073,1.256838316344047
6,6,True,0.55,0.083980985,2.880731243665904,0.6909290012840126
6,6,True,0.5,0.048030566,2.6457834585,0.5219996172227581
7,7,True,0.6,0.14264022,3.1156790288318073,0.9665660737429395
5,5,True,0.7,0.06532687,3.5855743190840963,0.6032741597725642
6,6,True,0.5,0.13964537,2.6457834585,0.9524934083041992
4,4,False,0.65,0.09588122,3.3506265339181924,0.7468476824281534
0,0,False,0.4,0.14309756,2.175888028207952,0.9687151238901963
6,6,False,0.5,0.21410307,2.6457834585,1.3023667825518406
1,1,True,0.65,0.08107181,3.3506265339181924,0.6772589151435146
0,0,False,0.45,0.106912546,2.410835673334096,0.7986833643481692
5,5,True,0.65,0.2072609,3.3506265339181924,1.2702157543974062
3,3,True,0.5,0.15893127,2.6457834585,1.0431169876844233
2,2,True,0.55,0.07106665,2.880731243665904,0.6302451172279873
6,6,False,0.45,0.12160477,2.410835673334096,0.8677214602890343
7,7,True,0.55,0.102728024,2.880731243665904,0.7790204867651693
3,3,True,0.6,0.08803018,3.1156790288318073,0.7099559933296635
7,7,True,0.6,0.2387168,3.1156790288318073,1.418025549793748
3,3,True,0.5,0.075818494,2.6457834585,0.6525738266802505
7,7,False,0.65,0.10456812,3.3506265339181924,0.7876669966377494
1,1,False,0.6,0.081355,3.1156790288318073,0.6785896079469663
2,2,True,0.65,0.20778297,3.3506265339181924,1.2726689008821301
6,6,True,0.6,0.32806322,3.1156790288318073,1.8378603371257056
6,6,True,0.6,0.10218222,3.1156790288318073,0.7764557636021694
3,3,False,0.5,0.24293137,2.6457834585,1.4378296224641305
0,0,False,0.5,0.12970424,2.6457834585,0.9057804858116734
1,1,True,0.7,0.14632803,3.5855743190840963,0.9838949436664977
4,4,False,0.65,0.23813851,3.3506265339181924,1.415308218302977
2,2,True,0.75,0.057081368,3.82052210425,0.5645289219240535
3,3,True,0.5,0.0908238,2.6457834585,0.7230830753032131
5,5,True,0.65,0.18538386,3.3506265339181924,1.1674164881588367
1,1,True,0.5,0.056350194,2.6457834585,0.5610931689627563
6,6,True,0.55,0.1347907,2.880731243665904,0.9296815616821172
6,6,True,0.55,0.06012919,2.880731243665904,0.5788505080350699
4,4,False,0.55,0.06630893,2.880731243665904,0.6078888199431285
4,4,True,0.6,0.41669407,3.1156790288318073,2.2543326998153654
3,3,False,0.6,0.11609373,3.1156790288318073,0.8418253429966982
1,1,True,0.6,0.3543348,3.1156790288318073,1.9613093061215994
3,3,True,0.5,0.17894535,2.6457834585,1.1371622285251584
7,7,True,0.45,0.111726366,2.410835673334096,0.8213032864800377
1,1,False,0.45,0.097482465,2.410835673334096,0.7543718436492808
4,4,True,0.6,0.07431434,3.1156790288318073,0.6455058799852031
2,2,True,0.75,0.2608035,3.82052210425,1.5218099257195896
3,3,True,0.45,0.0930288,2.410835673334096,0.7334442669994312
5,5,False,0.6,0.082242124,3.1156790288318073,0.6827581714640648
3,3,False,0.5,0.08465035,2.6457834585,0.694074329289351
6,6,True,0.45,0.08827166,2.410835673334096,0.7110907004898801
7,7,False,0.65,0.061566167,3.3506265339181924,0.5856027876075325
6,6,True,0.6,0.18573686,3.1156790288318073,1.1690752591085474
7,7,True,0.8,0.101259634,4.055469889415903,0.7721205877813633
5,5,True,0.65,0.37690255,3.3506265339181924,2.067354133823275
0,0,True,0.45,0.056337737,2.410835673334096,0.5610346323433406
7,7,True,0.75,0.032389093,3.82052210425,0.44850104488639264
5,5,False,0.7,0.09040393,3.5855743190840963,0.7211101251533614
1,1,True,0.6,0.13090406,3.1156790288318073,0.9114184165039375
6,6,False,0.6,0.1755347,3.1156790288318073,1.1211357283637198
4,4,True,0.6,0.07357821,3.1156790288318073,0.6420468279089412
6,6,True,0.55,0.36048388,2.880731243665904,1.9902035696321785
7,7,True,0.5,0.07461913,2.6457834585,0.6469380666042567
2,2,True,0.75,0.07556042,3.82052210425,0.6513611523840059
0,0,True,0.6,0.049957726,3.1156790288318073,0.5310552532523309
4,4,False,0.6,0.054830875,3.1156790288318073,0.5539539595351606
4,4,True,0.55,0.10692548,2.880731243665904,0.7987441416037347
4,4,True,0.6,0.18693791,3.1156790288318073,1.1747189314309454
6,6,True,0.5,0.13653965,2.6457834585,0.937899794960611
3,3,True,0.45,0.13473597,2.410835673334096,0.9294243786640385
0,0,True,0.4,0.11899873,2.175888028207952,0.8554757885609449
5,5,True,0.6,0.10538806,3.1156790288318073,0.7915198755272932
1,1,False,0.55,0.11774846,2.880731243665904,0.849600840575951
0,0,False,0.5,0.09400035,2.6457834585,0.7380095281448786
6,6,True,0.55,0.171159,2.880731243665904,1.100574530734316
0,0,True,0.4,0.08680868,2.175888028207952,0.7042162187223993
6,6,False,0.45,0.0018526196,2.410835673334096,0.30501154225721205
4,4,True,0.65,0.07512177,3.3506265339181924,0.6492999421758126
2,2,True,0.7,0.09756832,3.5855743190840963,0.7547752631860793
7,7,False,0.65,0.055763226,3.3506265339181924,0.5583350333870996
2,2,True,0.7,0.11880226,3.5855743190840963,0.8545525764473133
7,7,True,0.65,0.07841149,3.3506265339181924,0.6647581960036768
4,4,True,0.6,0.13195969,3.1156790288318073,0.916378764820501
3,3,True,0.5,0.1124668,2.6457834585,0.8247825392915884
1,1,True,0.6,0.1137318,3.1156790288318073,0.8307267369375897
0,0,True,0.4,0.08673916,2.175888028207952,0.7038895409737342
3,3,True,0.55,0.16280799,2.880731243665904,1.0613334996227337
4,4,True,0.55,0.18687926,2.880731243665904,1.1744433331845099
7,7,False,0.6,0.08563089,3.1156790288318073,0.6986818474321876
1,1,True,0.55,0.07420402,2.880731243665904,0.6449874878059638
7,7,True,0.7,0.062388938,3.5855743190840963,0.5894689527692463
4,4,True,0.55,0.5508424,2.880731243665904,2.8846896075041912
6,6,True,0.55,0.22804473,2.880731243665904,1.36787801216297
2,2,True,0.6,0.1263061,3.1156790288318073,0.8898128023491694
7,7,False,0.6,0.052564334,3.1156790288318073,0.5433035857358482
6,6,True,0.7,0.0700242,3.5855743190840963,0.6253467014950042
7,7,True,0.85,0.0895621,4.290417674581807,0.7171544220705017
3,3,True,0.5,0.18348734,2.6457834585,1.1585048480118338
3,3,True,0.5,0.10092483,2.6457834585,0.7705473461146866
5,5,False,0.7,0.13164546,3.5855743190840963,0.9149021855977278
4,4,False,0.6,0.1133773,3.1156790288318073,0.8290609639999108
2,2,True,0.6,0.112513654,3.1156790288318073,0.8250027168032543
1,1,False,0.45,0.06531258,2.410835673334096,0.6032070107079475
0,0,False,0.45,0.15354802,2.410835673334096,1.0178213258703162
1,1,True,0.65,0.089718625,3.3506265339181924,0.717889910886701
7,7,True,0.6,0.096608214,3.1156790288318073,0.7502637773082292
2,2,True,0.65,0.081344195,3.3506265339181924,0.6785388435341955
2,2,False,0.7,0.08006704,3.5855743190840963,0.6725375446763121
4,4,True,0.65,0.15009706,3.3506265339181924,1.0016054219343329
5,5,True,0.6,0.2834567,3.1156790288318073,1.6282563874511315
7,7,False,0.55,0.2264816,2.880731243665904,1.360532926784134
3,3,True,0.45,0.14152236,2.410835673334096,0.9613133224088163
0,0,True,0.4,0.060431473,2.175888028207952,0.5802709138093665
5,5,True,0.65,0.16906647,3.3506265339181924,1.0907418490899516
0,0,True,0.45,0.10190747,2.410835673334096,0.7751647370605586
4,4,True,0.55,0.14422515,2.880731243665904,0.9740135982057531
2,2,True,0.55,0.07707605,2.880731243665904,0.65848301438641
7,7,False,0.6,0.11641875,3.1156790288318073,0.8433525816024225
4,4,True,0.55,0.099980265,2.880731243665904,0.7661088909713467
4,4,False,0.6,0.13480899,3.1156790288318073,0.9297674760744894
4,4,False,0.7,0.12695833,3.5855743190840963,0.8928775724829315
3,3,True,0.5,0.05775235,2.6457834585,0.5676818295813677
1,1,False,0.65,0.06452071,3.3506265339181924,0.599486049271728
6,6,True,0.5,0.052781813,2.6457834585,0.5443255083748642
5,5,True,0.65,0.30550042,3.3506265339181924,1.7318387560240853
7,7,True,0.5,0.17473672,2.6457834585,1.1173860937867697
1,1,True,0.55,0.071813785,2.880731243665904,0.6337558789853958
7,7,True,0.6,0.115334705,3.1156790288318073,0.838258705375302
4,4,True,0.6,0.11705364,3.1156790288318073,0.8463359186161125
1,1,True,0.55,0.08686978,2.880731243665904,0.7045033352390428
2,2,False,0.6,0.1699672,3.1156790288318073,1.0949743407572012
0,0,True,0.5,0.11537487,2.6457834585,0.8384474439609898
2,2,True,0.5,0.03844387,2.6457834585,0.4769521700834225
7,7,True,0.45,0.06345532,2.410835673334096,0.5944798379339716
5,5,True,0.7,0.17094164,3.5855743190840963,1.0995531507493674
1,1,False,0.5,0.14969014,2.6457834585,0.9996933190599262
0,0,False,0.5,0.202538,2.6457834585,1.248023023551489
0,0,False,0.35,0.038068607,1.9409402430420482,0.47518882444340427
4,4,True,0.6,0.1665166,3.1156790288318073,1.0787601172983305
2,2,True,0.6,0.06840672,3.1156790288318073,0.617746253614961
2,2,True,0.55,0.10794466,2.880731243665904,0.8035332212945916
1,1,False,0.55,0.15113418,2.880731243665904,1.0064788055603289
4,4,True,0.7,0.17356601,3.5855743190840963,1.1118849819394079
0,0,False,0.45,0.07106368,2.410835673334096,0.6302311832719302
2,2,False,0.6,0.07021125,3.1156790288318073,0.6262256260347357
7,7,True,0.6,0.064918816,3.1156790288318073,0.6013567353873016
6,6,False,0.4,0.21420638,2.175888028207952,1.3028522303776888
7,7,True,0.7,0.10793208,3.5855743190840963,0.8034741245161384
4,4,False,0.5,0.06109669,2.6457834585,0.5833967412782131
5,5,False,0.65,0.3084038,3.3506265339181924,1.7454815694214465
5,5,False,0.65,0.24169508,3.3506265339181924,1.4320203531262798
7,7,True,0.5,0.10547283,2.6457834585,0.7919182186228146
5,5,True,0.6,0.14391205,3.1156790288318073,0.9725423404938359
5,5,False,0.75,0.12310036,3.82052210425,0.8747491805632033
2,2,True,0.55,0.12139752,2.880731243665904,0.8667475887924514
0,0,True,0.45,0.15179919,2.410835673334096,1.0096036527508598
3,3,True,0.45,0.09288876,2.410835673334096,0.7327862201701624
4,4,False,0.6,0.06885424,3.1156790288318073,0.6198491256515664
0,0,True,0.35,0.10579278,1.9409402430420482,0.7934216504694465
4,4,False,0.6,0.11010441,3.1156790288318073,0.8136817976261496
4,4,False,0.65,0.10015749,3.3506265339181924,0.7669416724103666
5,5,True,0.6,0.10211243,3.1156790288318073,0.77612782549567
7,7,True,0.65,0.10134448,3.3506265339181924,0.7725192809762831
6,6,False,0.45,0.11736926,2.410835673334096,0.8478189746777562
5,5,False,0.75,0.17115116,3.82052210425,1.1005377002776022
3,3,True,0.55,0.10526709,2.880731243665904,0.7909514541440197
7,7,True,0.5,0.0430471,2.6457834585,0.49858253626565896
6,6,False,0.5,0.18308982,2.6457834585,1.1566369276815078
4,4,True,0.45,0.10016137,2.410835673334096,0.7669599125890243
1,1,False,0.5,0.08829152,2.6457834585,0.7111840019795589
5,5,True,0.65,0.064465314,3.3506265339181924,0.5992257503690033
1,1,True,0.65,0.09106341,3.3506265339181924,0.7242089949685295
3,3,True,0.55,0.115661114,2.880731243665904,0.8397924908397768
0,0,False,0.35,0.12398091,1.9409402430420482,0.8788868303034213
4,4,True,0.65,0.105370894,3.3506265339181924,0.7914392126258973
0,0,True,0.35,0.15101998,1.9409402430420482,1.0059421732024318
4,4,True,0.7,0.12458529,3.5855743190840963,0.8817268016134585
0,0,False,0.5,0.11907974,2.6457834585,0.8558564516368462
5,5,True,0.6,0.11849139,3.1156790288318073,0.8530918217173488
4,4,False,0.6,0.16376702,3.1156790288318073,1.0658399790791864
1,1,True,0.6,0.065818764,3.1156790288318073,0.6055855510108681
7,7,True,0.5,0.07046668,2.6457834585,0.6274259068122763
0,0,True,0.4,0.057696875,2.175888028207952,0.5674211630742747
3,3,True,0.4,0.23514317,2.175888028207952,1.4012332422082072
5,5,True,0.6,0.12893519,3.1156790288318073,0.9021667598211898
4,4,True,0.6,0.052418638,3.1156790288318073,0.5426189663622394
1,1,True,0.6,0.39923677,3.1156790288318073,2.172301609970545
7,7,False,0.55,0.15615678,2.880731243665904,1.0300797762264478
7,7,False,0.55,0.53403336,2.880731243665904,2.8057046625051374
2,2,True,0.55,0.1807703,2.880731243665904,1.1457375631900395
7,7,False,0.65,0.118097804,3.3506265339181924,0.8512423866352592
5,5,False,0.6,0.45225477,3.1156790288318073,2.421430801448338
2,2,False,0.55,0.026646167,2.880731243665904,0.4215152957313864
3,3,True,0.55,0.13265204,2.880731243665904,0.9196320984902517
2,2,True,0.55,0.15849417,2.880731243665904,1.0410630945536568
3,3,True,0.55,0.10126035,2.880731243665904,0.772123948735588
4,4,True,0.6,0.106262274,3.1156790288318073,0.7956277668186456
1,1,False,0.55,0.122982435,2.880731243665904,0.8741950432353853
4,4,False,0.65,0.16282378,3.3506265339181924,1.0614077206951986
2,2,True,0.55,0.21429817,2.880731243665904,1.3032835528365414
0,0,False,0.4,0.12000016,2.175888028207952,0.8601814745750982
7,7,False,0.6,0.1485744,3.1156790288318073,0.994450510548718
5,5,True,0.65,0.12533812,3.3506265339181924,0.8852643109649063
5,5,True,0.65,0.07487917,3.3506265339181924,0.6481599835246196
2,2,True,0.6,0.12011327,3.1156790288318073,0.8607129604718384
7,7,False,0.55,0.07231667,2.880731243665904,0.6361189098849664
6,6,True,0.55,0.14712672,2.880731243665904,0.9876479391976725
7,7,True,0.65,0.13429376,3.3506265339181924,0.9273464687145405
4,4,True,0.6,0.07321362,3.1156790288318073,0.6403336515127164
3,3,True,0.55,0.08600979,2.880731243665904,0.7004622779228487
5,5,True,0.65,0.22276029,3.3506265339181924,1.3430466521710465
3,3,True,0.5,0.06670602,2.6457834585,0.6097547096969438
7,7,False,0.6,0.25378048,3.1156790288318073,1.488809136305312
7,7,True,0.7,0.09336673,3.5855743190840963,0.7350321778309017
6,6,True,0.5,0.5433436,2.6457834585,2.8494530833316083
1,1,True,0.55,0.12253651,2.880731243665904,0.8720996633259062
1,1,True,0.5,0.08381067,2.6457834585,0.6901287090691659
0,0,True,0.5,0.12128507,2.6457834585,0.866219218780357
4,4,True,0.6,0.15124501,3.1156790288318073,1.0069996134254176
3,3,True,0.7,0.10723661,3.5855743190840963,0.8002061216815938
1,1,False,0.6,0.0091603445,3.1156790288318073,0.33935020971806373
1,1,True,0.55,0.17363638,2.880731243665904,1.112215615811275
4,4,True,0.6,0.29731458,3.1156790288318073,1.6933738952787987
1,1,False,0.5,0.15874012,2.6457834585,1.0422187726678387
5,5,True,0.75,0.21171926,3.82052210425,1.2911653522994164
2,2,True,0.7,0.08279111,3.5855743190840963,0.6853378438713773
2,2,True,0.55,0.3428218,2.880731243665904,1.9072102666007429
6,6,True,0.5,0.091415904,2.6457834585,0.7258653502323908
6,6,False,0.55,0.08380926,2.880731243665904,0.6901220571805959
7,7,True,0.7,0.06466317,3.5855743190840963,0.6001554743314454
5,5,True,0.6,0.14236487,3.1156790288318073,0.9652722464061413
0,0,True,0.45,0.05894594,2.410835673334096,0.5732904569539841
1,1,False,0.6,0.10875654,3.1156790288318073,0.8073482194292264
7,7,True,0.6,0.08894149,3.1156790288318073,0.7142381991114888
2,2,False,0.75,0.18834276,3.82052210425,1.1813202656477797
7,7,True,0.65,0.08296335,3.3506265339181924,0.686147168650703
3,3,True,0.55,0.08173973,2.880731243665904,0.6803974512205238
0,0,True,0.5,0.0671588,2.6457834585,0.6118823337610173
5,5,True,0.6,0.16620924,3.1156790288318073,1.0773158172400916
2,2,True,0.6,0.1423825,3.1156790288318073,0.9653550799238073
5,5,True,0.6,0.193641,3.1156790288318073,1.2062164640482904
6,6,True,0.55,0.13681395,2.880731243665904,0.9391887209058314
0,0,True,0.45,0.12221272,2.410835673334096,0.8705782013602558
5,5,True,0.55,0.27647692,2.880731243665904,1.595458655687937
7,7,True,0.55,0.11690221,2.880731243665904,0.8456243415888253
2,2,True,0.65,0.23041898,3.3506265339181924,1.3790344896526372
1,1,True,0.45,0.06328142,2.410835673334096,0.5936626709281212
2,2,True,0.5,0.1796991,2.6457834585,1.1407040440992064
3,3,True,0.5,0.22370851,2.6457834585,1.3475022971948487
2,2,False,0.55,0.19560805,2.880731243665904,1.215459508285837
2,2,True,0.7,0.11547333,3.5855743190840963,0.8389101003160009
6,6,False,0.55,0.65689135,2.880731243665904,3.383008767715343
0,0,True,0.5,0.05323421,2.6457834585,0.5464512944170961
0,0,False,0.45,0.06805047,2.410835673334096,0.6160722183314795
1,1,True,0.5,0.08264407,2.6457834585,0.684646887698657
4,4,False,0.65,0.1876655,3.3506265339181924,1.1781378621161487
7,7,True,0.6,0.09841782,3.1156790288318073,0.7587670265069761
1,1,True,0.65,0.15272106,3.3506265339181924,1.013935502627381
7,7,False,0.55,0.12128942,2.880731243665904,0.8662396295752849
6,6,True,0.65,0.10685886,3.3506265339181924,0.7984310827216683
7,7,True,0.8,0.08571268,4.055469889415903,0.6990661515418324
4,4,False,0.6,0.08265184,3.1156790288318073,0.6846834030659121
7,7,True,0.55,0.11630915,2.880731243665904,0.8428375853873479
2,2,False,0.7,0.17703593,3.5855743190840963,1.1281899511623492
0,0,True,0.35,0.15545754,1.9409402430420482,1.026794093372283
1,1,True,0.45,0.07088435,2.410835673334096,0.629388494019935
4,4,False,0.6,0.17056453,3.1156790288318073,1.0977811576542083
1,1,True,0.45,0.06676627,2.410835673334096,0.6100378350804454
7,7,True,0.55,0.13194636,2.880731243665904,0.916316097028184
3,3,False,0.65,0.07906435,3.3506265339181924,0.6678259419823256
2,2,False,0.65,0.12526675,3.3506265339181924,0.8849289157412207
1,1,True,0.6,0.045815244,3.1156790288318073,0.5115899192548892
7,7,False,0.55,0.17025483,2.880731243665904,1.096325864474859
3,3,False,0.5,0.082306266,2.6457834585,0.6830595720361639
1,1,False,0.55,0.08702806,2.880731243665904,0.7052470513911049
0,0,False,0.45,0.1935567,2.410835673334096,1.2058202915690392
5,5,False,0.55,0.06860592,2.880731243665904,0.6186822793665748
1,1,False,0.65,0.111683555,3.3506265339181924,0.821102119365706
0,0,True,0.45,0.100674555,2.410835673334096,0.7693713272254564
1,1,False,0.5,0.11724262,2.6457834585,0.847223910730263
2,2,True,0.6,0.2180274,3.1156790288318073,1.320807008005741
3,3,False,0.45,0.24328573,2.410835673334096,1.439494765222892
0,0,True,0.45,0.08562237,2.410835673334096,0.6986417960610084
2,2,True,0.6,0.112190835,3.1156790288318073,0.8234858061297834
4,4,False,0.65,0.14736252,3.3506265339181924,0.9887559337737897
0,0,True,0.45,0.06523992,2.410835673334096,0.602865593774609
2,2,False,0.75,0.09524413,3.82052210425,0.74385401748221
7,7,True,0.65,0.13524523,3.3506265339181924,0.9318173780721138
3,3,True,0.65,0.0784936,3.3506265339181924,0.6651440405506746
0,0,True,0.45,0.056825947,2.410835673334096,0.5633287111663925
5,5,False,0.75,0.11781772,3.82052210425,0.8499262929767215
3,3,True,0.55,0.06888345,2.880731243665904,0.6199863646157466
6,6,True,0.6,0.13512151,3.1156790288318073,0.9312360030110988
5,5,True,0.65,0.12371267,3.3506265339181924,0.8776263674392925
0,0,True,0.55,0.43640414,2.880731243665904,2.3469493950707903
0,0,True,0.6,0.11767507,3.1156790288318073,0.8492559926685079
2,2,True,0.55,0.037302554,2.880731243665904,0.4715891724487371
6,6,True,0.55,0.055750813,2.880731243665904,0.5582767068273229
0,0,True,0.5,0.14812256,2.6457834585,0.9923273677569443
3,3,False,0.65,0.06604842,3.3506265339181924,0.6066646973965555
2,2,True,0.55,0.16070254,2.880731243665904,1.0514401107426834
3,3,True,0.45,0.17631663,2.410835673334096,1.1248100215501298
1,1,True,0.65,0.12327289,3.3506265339181924,0.8755598707301829
7,7,False,0.55,0.33672008,2.880731243665904,1.878538526267799
6,6,False,0.65,0.17714141,3.3506265339181924,1.128685621890631
7,7,True,0.6,0.37256348,3.1156790288318073,2.0469650450581343
2,2,True,0.65,0.10178948,3.3506265339181924,0.7746103196532218
5,5,True,0.75,0.09826571,3.82052210425,0.7580522635751633
7,7,True,0.5,0.1548405,2.6457834585,1.0238946401744544
2,2,True,0.55,0.18715988,2.880731243665904,1.175761947558716
1,1,True,0.5,0.051968183,2.6457834585,0.5405023004093363
6,6,True,0.55,0.24531904,2.880731243665904,1.4490491878653928
4,4,True,0.6,0.063584134,3.1156790288318073,0.5950851247838986
4,4,False,0.55,0.1408188,2.880731243665904,0.9580073337895432
7,7,True,0.55,0.15985349,2.880731243665904,1.0474504480181772
7,7,True,0.5,0.07015042,2.6457834585,0.6259398048858662
0,0,True,0.4,0.09353671,2.175888028207952,0.7358309296083951
7,7,True,0.55,0.3629782,2.880731243665904,2.0019241972924586
4,4,True,0.8,0.2624368,4.055469889415903,1.5294848047317366
7,7,True,0.65,0.11261669,3.3506265339181924,0.8254868692613283
7,7,True,0.5,0.13847998,2.6457834585,0.9470172935538844
7,7,True,0.55,0.14187816,2.880731243665904,0.9629851870760276
5,5,False,0.6,0.05439232,3.1156790288318073,0.5518932044561852
0,0,True,0.3,0.1608676,1.7059925979159036,1.0522157209499414
4,4,False,0.55,0.108370036,2.880731243665904,0.8055320437899867
2,2,True,0.65,0.10632445,3.3506265339181924,0.7959199247666264
0,0,True,0.45,0.053128164,2.410835673334096,0.5459529979433259
5,5,False,0.65,0.063932955,3.3506265339181924,0.5967242201474179
0,0,True,0.4,0.072739564,2.175888028207952,0.6381060740703941
0,0,True,0.4,0.12018107,2.175888028207952,0.8610315509244
5,5,False,0.6,0.05202299,3.1156790288318073,0.5407598335268136
7,7,True,0.6,0.117361814,3.1156790288318073,0.8477839997478542
6,6,False,0.75,0.13501361,3.82052210425,0.930728989062308
3,3,True,0.55,0.07149731,2.880731243665904,0.6322687967806702
4,4,False,0.55,0.15068194,2.880731243665904,1.0043537722318037
0,0,True,0.6,0.066784255,3.1156790288318073,0.6101223490752239
6,6,True,0.55,0.5212146,2.880731243665904,2.745469920967344
2,2,True,0.5,0.1326299,2.6457834585,0.9195280489490416
0,0,True,0.5,0.08350293,2.6457834585,0.6886826585139351
2,2,True,0.6,0.16656046,3.1156790288318073,1.07896618580424
4,4,False,0.5,0.09057499,2.6457834585,0.7219139183621921
2,2,True,0.6,0.08363186,3.1156790288318073,0.6892884705129597
3,3,True,0.5,0.12061772,2.6457834585,0.8630833434587759
1,1,True,0.5,0.11866685,2.6457834585,0.8539163058006262
0,0,True,0.45,0.0574278,2.410835673334096,0.5661567966018535
2,2,True,0.55,0.07536023,2.880731243665904,0.6504204703103933
7,7,False,0.55,0.20630258,2.880731243665904,1.2657126358951785
1,1,False,0.55,0.21599258,2.880731243665904,1.3112455133553922
0,0,True,0.45,0.08182944,2.410835673334096,0.6808190059061603
6,6,True,0.4,0.10486347,2.175888028207952,0.789054860672963
2,2,False,0.5,0.02339062,2.6457834585,0.4062176237450921
4,4,True,0.5,0.2156323,2.6457834585,1.309552572704396
3,3,True,0.5,0.08716223,2.6457834585,0.7058775103877784
3,3,True,0.5,0.09201662,2.6457834585,0.7286880966520259
2,2,True,0.6,0.2066563,3.1156790288318073,1.2673747677991136
7,7,True,0.7,0.14594437,3.5855743190840963,0.9820921418242775
4,4,False,0.65,0.29868343,3.3506265339181924,1.6998060614663166
3,3,True,0.5,0.05432547,2.6457834585,0.5515790777709535
0,0,True,0.4,0.09297342,2.175888028207952,0.7331840381165862
3,3,True,0.4,0.066464804,2.175888028207952,0.6086212628945615
6,6,True,0.45,0.09262828,2.410835673334096,0.7315622376633488
3,3,True,0.5,0.06333841,2.6457834585,0.5939304619579722
4,4,False,0.55,0.09293256,2.880731243665904,0.7329920436064931
3,3,True,0.65,0.15623853,3.3506265339181924,1.0304639052863935
1,1,False,0.6,0.045780823,3.1156790288318073,0.5114281733328194
2,2,False,0.65,0.21957617,3.3506265339181924,1.328084594220562
6,6,False,0.45,0.14995526,2.410835673334096,1.0009391127592613
1,1,True,0.55,0.21849331,2.880731243665904,1.322996319583816
6,6,True,0.65,0.1453477,3.3506265339181924,0.9792884058019767
0,0,True,0.45,0.23040277,2.410835673334096,1.3789583080235412
5,5,True,0.65,0.12188934,3.3506265339181924,0.8690586299313569
3,3,True,0.55,0.09693643,2.880731243665904,0.7518060351781457
3,3,True,0.5,0.08585496,2.6457834585,0.6997347363629937
5,5,True,0.6,0.16793664,3.1156790288318073,1.0854328017725625
1,1,True,0.5,0.28182995,2.6457834585,1.6206123171860456
6,6,True,0.55,0.13221432,2.880731243665904,0.9175752645245386
5,5,True,0.75,0.14448099,3.82052210425,0.9752157695200451
0,0,True,0.35,0.110468775,1.9409402430420482,0.8153939237241791
7,7,True,0.6,0.10904986,3.1156790288318073,0.8087264907409234
4,4,False,0.7,0.14748484,3.5855743190840963,0.9893307269661145
7,7,False,0.7,0.124654494,3.5855743190840963,0.8820519739347104
7,7,False,0.55,0.09053261,2.880731243665904,0.7217147818243712
1,1,True,0.5,0.14731576,2.6457834585,0.9885362113913417
1,1,True,0.55,0.06429005,2.880731243665904,0.5984021765441618
7,7,True,0.45,0.099880025,2.410835673334096,0.7656378672407134
7,7,True,0.8,0.09295169,4.055469889415903,0.7330819491320071
3,3,True,0.45,0.103415,2.410835673334096,0.7822485432583544
6,6,True,0.45,0.28308848,2.410835673334096,1.6265260561843844
7,7,True,0.5,0.062883414,2.6457834585,0.5917924749517054
1,1,True,0.5,0.1368181,2.6457834585,0.9392081864323835
0,0,False,0.55,0.16263305,2.880731243665904,1.0605114662352453
5,5,True,0.65,0.39024353,3.3506265339181924,2.1300427920644687
1,1,True,0.55,0.22129573,2.880731243665904,1.336164748296319
1,1,True,0.5,0.08291057,2.6457834585,0.6858991582368629
0,0,False,0.45,0.29627782,2.410835673334096,1.6885021921299148
5,5,False,0.8,0.35792756,4.055469889415903,1.9781915192326542
5,5,True,0.6,0.070314184,3.1156790288318073,0.6267093233635918
4,4,True,0.6,0.105053455,3.1156790288318073,0.7899475791289923
0,0,True,0.5,0.06722783,2.6457834585,0.6122067008536528
1,1,True,0.5,0.092707686,2.6457834585,0.7319353736021841
3,3,True,0.55,0.09314803,2.880731243665904,0.7340045310667216
6,6,True,0.45,0.07089434,2.410835673334096,0.629435442349263
1,1,True,0.55,0.047883894,2.880731243665904,0.52131041154703
1,1,True,0.6,0.0870727,3.1156790288318073,0.7054568309506377
3,3,True,0.55,0.1152558,2.880731243665904,0.837887950112376
5,5,True,0.6,0.09955738,3.1156790288318073,0.7641217617958589
0,0,False,0.4,0.098342955,2.175888028207952,0.7584152466314444
7,7,False,0.65,0.2884525,3.3506265339181924,1.6517313923536994
5,5,False,0.7,0.06575684,3.5855743190840963,0.6052945834008419
3,3,True,0.45,0.13232586,2.410835673334096,0.9180993633239722
6,6,False,0.6,0.22426757,3.1156790288318073,1.3501293030408275
4,4,True,0.55,0.07880284,2.880731243665904,0.6665971281038138
7,7,True,0.5,0.10578751,2.6457834585,0.7933968634320383
5,5,True,0.6,0.37502056,3.1156790288318073,2.0585107630589636
5,5,False,0.65,0.18668647,3.3506265339181924,1.1735374159811602
1,1,True,0.6,0.103664435,3.1156790288318073,0.7834206410343222
2,2,True,0.7,0.045168016,3.5855743190840963,0.508548623285791
1,1,True,0.6,0.09042427,3.1156790288318073,0.7212057022891298
5,5,False,0.6,0.21413432,3.1156790288318073,1.3025136142395377
3,3,False,0.6,0.14452566,3.1156790288318073,0.9754256891193372
4,4,False,0.5,0.12088703,2.6457834585,0.864348847754242
4,4,True,0.75,0.15417711,3.82052210425,1.020777425150809
4,4,False,0.75,0.11247907,3.82052210425,0.8248402006625081
6,6,True,0.5,0.07909232,2.6457834585,0.6679573692964922
3,3,True,0.5,0.022753322,2.6457834585,0.40322299602580325
6,6,True,0.5,0.05996558,2.6457834585,0.5780817072611111
7,7,False,0.55,0.09864399,2.880731243665904,0.7598297882408176
7,7,False,0.6,0.27943024,3.1156790288318073,1.6093361757219986
1,1,True,0.5,0.07766252,2.6457834585,0.6612388218010672
7,7,True,0.6,0.108089894,3.1156790288318073,0.8042156700519302
1,1,True,0.6,0.18985185,3.1156790288318073,1.1884113889230024
4,4,True,0.6,0.0800864,3.1156790288318073,0.6726285355099613
6,6,True,0.5,0.073269896,2.6457834585,0.6405980815883424
2,2,True,0.55,0.10708248,2.880731243665904,0.7994818710560838
1,1,True,0.45,0.076357275,2.410835673334096,0.6551055354699796
2,2,False,0.55,0.11509905,2.880731243665904,0.8371513759880417
4,4,True,0.6,0.09832378,3.1156790288318073,0.7583251310462913
7,7,True,0.55,0.14493611,2.880731243665904,0.977354386705229
1,1,True,0.55,0.07050148,2.880731243665904,0.627589403231338
3,3,True,0.55,0.04991369,2.880731243665904,0.5308483270028952
6,6,True,0.5,0.087627634,2.6457834585,0.7080644412899441
3,3,True,0.5,0.09569788,2.6457834585,0.7459861578285232
3,3,True,0.55,0.13804372,2.880731243665904,0.9449673215363803
4,4,True,0.6,0.061357185,3.1156790288318073,0.5846207938049064
6,6,True,0.5,0.1044227,2.6457834585,0.7869837076418544
7,7,False,0.75,0.2309686,3.82052210425,1.3816171028948965
4,4,False,0.7,0.14707288,3.5855743190840963,0.9873949573723747
4,4,False,0.6,0.23078132,3.1156790288318073,1.3807370930470297
6,6,False,0.4,0.18682592,2.175888028207952,1.1741926620152414
6,6,False,0.55,0.104184754,2.880731243665904,0.7858655951931229
3,3,True,0.45,0.23177592,2.410835673334096,1.3854107099562878
7,7,False,0.65,0.20336998,3.3506265339181924,1.2519324434938777
4,4,True,0.6,0.12568411,3.1156790288318073,0.8868901025512856
0,0,True,0.4,0.070386745,2.175888028207952,0.6270502851677122
3,3,True,0.5,0.11428423,2.6457834585,0.8333225839371091
2,2,True,0.6,0.15511662,3.1156790288318073,1.0251921085449962
1,1,True,0.5,0.08187866,2.6457834585,0.681050281568756
1,1,True,0.8,0.10410526,4.055469889415903,0.7854920391350095
7,7,False,0.5,0.1969574,2.6457834585,1.2218000184508488
0,0,True,0.55,0.077318616,2.880731243665904,0.6596228329978435
7,7,True,0.5,0.08696916,2.6457834585,0.7049702978166545
3,3,True,0.5,0.30860728,2.6457834585,1.7464377608984092
3,3,True,0.5,0.16730186,2.6457834585,1.08245002491791
5,5,True,0.6,0.28878787,3.1156790288318073,1.653307259765864
2,2,True,0.7,0.06844031,3.5855743190840963,0.6179040784237685
6,6,True,0.55,0.17261963,2.880731243665904,1.1074379493608069
4,4,True,0.6,0.07337682,3.1156790288318073,0.6411005092350139
4,4,True,0.55,0.13243341,2.880731243665904,0.9186047668155303
0,0,True,0.5,0.14398922,2.6457834585,0.9729049734507186
1,1,False,0.5,0.52471995,2.6457834585,2.7619413974641733
6,6,True,0.45,0.1181419,2.410835673334096,0.8514495754592437
5,5,False,0.6,0.051680546,3.1156790288318073,0.539150706671799
4,4,True,0.55,0.10589061,2.880731243665904,0.7938813309795709
5,5,True,0.6,0.2358608,3.1156790288318073,1.4046053295939018
6,6,True,0.55,0.047200117,2.880731243665904,0.5180973743180373
1,1,True,0.55,0.21969521,2.880731243665904,1.3286439830393562
1,1,True,0.5,0.15296726,2.6457834585,1.0150923710795177
2,2,True,0.75,0.0664881,3.82052210425,0.6087307389764471
3,3,True,0.5,0.44669244,2.6457834585,2.3952936407201904
5,5,True,0.6,0.14824496,3.1156790288318073,0.9929025110486674
7,7,False,0.5,0.3125495,2.6457834585,1.7649620802278096
6,6,True,0.5,0.2563744,2.6457834585,1.500997776841399
4,4,True,0.7,0.080601566,3.5855743190840963,0.6750492627903915
3,3,True,0.5,0.15816548,2.6457834585,1.0395185960475906
6,6,False,0.5,0.08960675,2.6457834585,0.7173642016300346
1,1,False,0.55,0.2983135,2.880731243665904,1.6980677479332853
0,0,False,0.4,0.09443694,2.175888028207952,0.7400610756096756
5,5,True,0.65,0.11830949,3.3506265339181924,0.852237089046048
6,6,False,0.45,0.36383978,2.410835673334096,2.005972746735779
5,5,True,0.6,0.11733561,3.1156790288318073,0.8476608697894301
5,5,True,0.7,0.11485217,3.5855743190840963,0.8359912866214396
1,1,True,0.55,0.0624104,2.880731243665904,0.589569798900961
5,5,False,0.6,0.23056337,3.1156790288318073,1.3797129822867737
4,4,True,0.6,0.110576406,3.1156790288318073,0.8158996773151356
5,5,False,0.65,0.46025077,3.3506265339181924,2.4590036089264524
5,5,True,0.7,0.11298153,3.5855743190840963,0.8272012359955078
6,6,True,0.6,0.11407529,3.1156790288318073,0.8323407651841822
3,3,True,0.5,0.08503751,2.6457834585,0.695893550793357
3,3,True,0.55,0.06339627,2.880731243665904,0.5942023491507845
5,5,True,0.8,0.196766,4.055469889415903,1.2209006831161895
0,0,False,0.45,0.06752617,2.410835673334096,0.6136085688648032
3,3,True,0.6,0.12964916,3.1156790288318073,0.9055216923363619
2,2,False,0.6,0.18585284,3.1156790288318073,1.1696202238321267
5,5,True,0.75,0.1107847,3.82052210425,0.8168784502032963
7,7,False,0.55,0.19228774,2.880731243665904,1.1998575386549217
2,2,False,0.6,0.06519959,3.1156790288318073,0.6026760849702446
4,4,True,0.7,0.08502662,3.5855743190840963,0.695842401271248
3,3,False,0.45,0.15562692,2.410835673334096,1.0275900093446495
4,4,False,0.7,0.22690746,3.5855743190840963,1.3625340249256186
7,7,True,0.5,0.10371718,2.6457834585,0.7836684763984632
2,2,True,0.6,0.08599593,3.1156790288318073,0.7003971244248028
3,3,True,0.5,0.14037836,2.6457834585,0.9559376861858478
7,7,True,0.55,0.106565006,2.880731243665904,0.7970502906943028
5,5,False,0.6,0.1262859,3.1156790288318073,0.8897178553923181
6,6,False,0.4,0.07251797,2.175888028207952,0.6370648084396155
5,5,True,0.8,0.13857795,4.055469889415903,0.9474776742628058
0,0,True,0.4,0.123156965,2.175888028207952,0.8750151510761824
5,5,True,0.6,0.17121622,3.1156790288318073,1.1008434070723019
0,0,True,0.45,0.1322293,2.410835673334096,0.9176456345036209
7,7,True,0.65,0.12268137,3.3506265339181924,0.8727803615862527
7,7,True,0.6,0.06551998,3.1156790288318073,0.6041815824033272
4,4,False,0.7,0.1437646,3.5855743190840963,0.9718494937843642
4,4,True,0.6,0.08255229,3.1156790288318073,0.6842156352596842
3,3,True,0.5,0.08846099,2.6457834585,0.7119803380712033
3,3,True,0.45,0.1170887,2.410835673334096,0.8465006403830687
6,6,False,0.45,0.08149124,2.410835673334096,0.6792297997069158
0,0,False,0.45,0.11445206,2.410835673334096,0.8341111828320485
2,2,True,0.6,0.122464836,3.1156790288318073,0.8717628677046269
2,2,False,0.6,0.31009427,3.1156790288318073,1.7534250446920607
2,2,True,0.65,0.08272668,3.3506265339181924,0.6850350779116243
2,2,False,0.6,0.04927486,3.1156790288318073,0.5278465047409688
1,1,True,0.5,0.067059666,2.6457834585,0.6114164915014807
3,3,True,0.55,0.076687306,2.880731243665904,0.6566563357652175
0,0,True,0.45,0.14785998,2.410835673334096,0.9910934774371555
7,7,True,0.75,0.12886181,3.82052210425,0.9018219819336265
5,5,True,0.75,0.24344029,3.82052210425,1.440221011414973
5,5,False,0.7,0.13273482,3.5855743190840963,0.9200210589218956
3,3,False,0.55,0.25736317,2.880731243665904,1.5056440159777007
7,7,True,0.55,0.11767046,2.880731243665904,0.8492343215157458
0,0,False,0.45,0.10996049,2.410835673334096,0.8130055106182231
0,0,False,0.4,0.06957706,2.175888028207952,0.6232456149653308
7,7,True,0.55,0.09034285,2.880731243665904,0.7208231136665372
1,1,True,0.5,0.048801564,2.6457834585,0.5256224983125104
4,4,False,0.6,0.19711688,3.1156790288318073,1.222549441223105
6,6,False,0.45,0.10217625,2.410835673334096,0.776427720640356
1,1,True,0.55,0.3346745,2.880731243665904,1.8689264772643186
6,6,True,0.55,0.26471457,2.880731243665904,1.5401879035004509
6,6,True,0.7,0.18250793,3.5855743190840963,1.1539026513798532
5,5,False,0.8,0.13936445,4.055469889415903,0.9511733935323992
7,7,True,0.6,0.09390138,3.1156790288318073,0.7375444911139583
7,7,False,0.55,0.20303756,2.880731243665904,1.25037044001789
5,5,True,0.45,0.08300121,2.410835673334096,0.6863250891649797
4,4,False,0.65,0.09582308,3.3506265339181924,0.7465744648576269
6,6,True,0.45,0.055562366,2.410835673334096,0.557391200418901
0,0,True,0.5,0.077966765,2.6457834585,0.6626684526945121
3,3,True,0.5,0.09010682,2.6457834585,0.7197140337822848
3,3,False,0.45,0.10755822,2.410835673334096,0.8017173607448104
4,4,True,0.5,0.14276153,2.6457834585,0.9671361055834458
5,5,False,0.65,0.11625147,3.3506265339181924,0.8425665384330916
5,5,True,0.75,0.17824675,3.82052210425,1.13387955652582
7,7,True,0.55,0.123972684,2.880731243665904,0.8788481793298358
4,4,False,0.6,0.13820294,3.1156790288318073,0.9457154839508023
3,5,True,0.7,0.05140668,3.5855743190840963,0.5378638288080594
7,7,False,0.65,0.16309747,3.3506265339181924,1.0626937758253518
1,1,True,0.45,0.10446986,2.410835673334096,0.787205285551114
3,3,False,0.65,0.09308122,3.3506265339181924,0.733690596936159
4,4,False,0.6,0.09073132,3.1156790288318073,0.7226485319298952
0,0,True,0.4,0.24264374,2.175888028207952,1.4364780987464727
1,1,True,0.6,0.25559637,3.1156790288318073,1.4973418988833456
1,1,True,0.6,0.16746537,3.1156790288318073,1.0832183530576809
6,6,True,0.45,0.15340546,2.410835673334096,1.0171514456813808
5,5,True,0.7,0.11711671,3.5855743190840963,0.8466322777568743
0,0,False,0.45,0.029850177,2.410835673334096,0.4365707952113091
0,0,False,0.5,0.45007533,2.6457834585,2.411189693845778
1,1,True,0.6,0.09324903,3.1156790288318073,0.7344791258112187
1,1,True,0.6,0.10496649,3.1156790288318073,0.7895389431111574
7,7,True,0.5,0.14943603,2.6457834585,0.9984992700516774
1,1,False,0.45,0.17642228,2.410835673334096,1.1253064624970883
3,3,True,0.45,0.07558847,2.410835673334096,0.6514929648075107
6,6,True,0.45,0.112268016,2.410835673334096,0.8238484740966059
6,6,True,0.4,0.167192,2.175888028207952,1.0819337683450012
7,7,True,0.6,0.061409503,3.1156790288318073,0.5848666336024764
2,2,True,0.55,0.09547072,2.880731243665904,0.7449187397726826
3,3,True,0.55,0.06416821,2.880731243665904,0.5978296589979268
7,7,False,0.65,0.2618837,3.3506265339181924,1.5268858068376314
7,7,True,0.65,0.10729676,3.3506265339181924,0.8004887569259377
5,5,True,0.65,0.27802044,3.3506265339181924,1.6027115949051094
4,4,True,0.55,0.14057748,2.880731243665904,0.9568733618380632
4,4,False,0.7,0.07500619,3.5855743190840963,0.6487568329790447
7,7,True,0.55,0.11874692,2.880731243665904,0.8542925576241073
1,1,False,0.55,0.1133284,2.880731243665904,0.8288311587547884
0,0,False,0.45,0.20841639,2.410835673334096,1.275645305927731
1,1,True,0.5,0.053375438,2.6457834585,0.5471149253317696
4,4,True,0.6,0.28031495,3.1156790288318073,1.6134933960185882
0,0,False,0.5,0.13332687,2.6457834585,0.9228030887814944
5,5,False,0.6,0.14977628,3.1156790288318073,1.0000981039843784
3,3,True,0.55,0.10837602,2.880731243665904,0.8055601567716797
7,7,True,0.6,0.064914614,3.1156790288318073,0.6013369897812308
7,7,True,0.55,0.11242651,2.880731243665904,0.8245932405468631
3,3,False,0.45,0.08930626,2.410835673334096,0.7159522157462699
2,2,False,0.8,0.13044564,4.055469889415903,0.9092643249253435
2,2,True,0.5,0.07286916,2.6457834585,0.6387150369640047
6,6,True,0.5,0.14957818,2.6457834585,0.9991672597038613
7,7,True,0.65,0.09435853,3.3506265339181924,0.7396926310027792
6,6,True,0.5,0.08801269,2.6457834585,0.7098737899909147
6,6,True,0.4,0.112843394,2.175888028207952,0.8265521517108384
0,0,False,0.45,0.08292096,2.410835673334096,0.6859479971029423
6,6,False,0.6,0.19903107,3.1156790288318073,1.2315441249474133
4,4,False,0.6,0.11853084,3.1156790288318073,0.8532771993488117
3,3,True,0.7,0.15650265,3.5855743190840963,1.0317050076537897
0,0,True,0.4,0.07283917,2.175888028207952,0.6385741219561408
1,1,False,0.55,0.049630303,2.880731243665904,0.5295167064360377
4,4,True,0.6,0.08914912,3.1156790288318073,0.7152138211050638
7,7,True,0.55,0.039555244,2.880731243665904,0.4821744627698833
2,2,True,0.7,0.21538898,3.5855743190840963,1.3084092180890383
3,3,True,0.5,0.10779186,2.6457834585,0.8028152374483133
0,0,False,0.45,0.11196306,2.410835673334096,0.8224155172588759
5,5,True,0.6,0.26900762,3.1156790288318073,1.560360770877128
1,1,True,0.5,0.1277602,2.6457834585,0.8966455522683586
0,0,True,0.45,0.07156512,2.410835673334096,0.6325874222431715
6,6,True,0.5,0.15774758,2.6457834585,1.0375548885218568
6,6,True,0.5,0.1455656,2.6457834585,0.9803123065025937
6,6,True,0.65,0.07306988,3.3506265339181924,0.6396582047433461
7,7,False,0.6,0.07068769,3.1156790288318073,0.6284644066578073
5,5,False,0.6,0.02073549,3.1156790288318073,0.39374128902835426
0,0,True,0.4,0.08309723,2.175888028207952,0.6867762622597227
6,6,True,0.5,0.11553709,2.6457834585,0.8392097153811681
3,3,True,0.55,0.23535772,2.880731243665904,1.4022413884358953
0,0,True,0.45,0.08655367,2.410835673334096,0.7030179335114296
3,3,False,0.5,0.057067003,2.6457834585,0.5644614227600382
6,6,True,0.5,0.07526442,2.6457834585,0.6499702424840261
5,5,True,0.65,0.16462736,3.3506265339181924,1.0698826468526133
6,6,False,0.5,0.16883078,2.6457834585,1.0896343446529921
2,2,True,0.6,0.09674007,3.1156790288318073,0.7508833482136118
5,5,True,0.7,0.25393143,3.5855743190840963,1.4895184376865094
3,3,False,0.5,0.08589725,2.6457834585,0.6999334527815364
3,3,False,0.5,0.15604948,2.6457834585,1.0295755630728443
7,7,True,0.55,0.13071051,2.880731243665904,0.9105089282867239
2,2,True,0.7,0.17454529,3.5855743190840963,1.1164865483924713
2,2,False,0.6,0.0024775013,3.1156790288318073,0.30794783302314843
0,0,True,0.5,0.15906955,2.6457834585,1.0437667721678894
1,1,True,0.65,0.0629859,3.3506265339181924,0.5922740366742311
1,1,False,0.55,0.1496251,2.880731243665904,0.9993876822851061
1,1,True,0.6,0.06182611,3.1156790288318073,0.5868242493986775
2,2,True,0.6,0.4057134,3.1156790288318073,2.2027350504763348
3,3,False,0.6,0.045666426,3.1156790288318073,0.5108906307164864
7,7,True,0.5,0.180516,2.6457834585,1.1445426739432347
5,5,False,0.65,0.10305514,3.3506265339181924,0.7805575981739291
2,2,True,0.65,0.42054972,3.3506265339181924,2.2724502036438023
1,1,True,0.7,0.12516837,3.5855743190840963,0.8844666444955478
6,6,True,0.5,0.05817694,2.6457834585,0.5696769585281094
6,6,True,0.55,0.4294959,2.880731243665904,2.3144878987698374
1,1,True,0.45,0.13078253,2.410835673334096,0.910847334365236
6,6,True,0.6,0.10964938,3.1156790288318073,0.8115436355701836
6,6,True,0.5,0.14535525,2.6457834585,0.9793239058809764
2,2,True,0.7,0.08905016,3.5855743190840963,0.7147488190840834
0,0,True,0.4,0.08256927,2.175888028207952,0.6842954229125839
7,7,True,0.55,0.1701204,2.880731243665904,1.0956942151402311
6,6,False,0.6,0.120290734,3.1156790288318073,0.8615468622289333
7,7,True,0.55,0.07259494,2.880731243665904,0.6374264961281225
4,4,True,0.65,0.25874695,3.3506265339181924,1.512146342084662
2,2,True,0.55,0.057458322,2.880731243665904,0.5663002148204159
7,7,True,0.6,0.11374242,3.1156790288318073,0.8307766261018644
4,4,False,0.6,0.066516146,3.1156790288318073,0.6088625163900121
1,1,False,0.5,0.11107177,2.6457834585,0.8182273831854058
7,7,True,0.6,0.10653591,3.1156790288318073,0.79691357687922
1,1,True,0.5,0.0611466,2.6457834585,0.5836312553602442
2,2,True,0.55,0.08420984,2.880731243665904,0.6920043665961971
4,4,True,0.7,0.10858152,3.5855743190840963,0.8065258009323997
6,6,True,0.6,0.1274318,3.1156790288318073,0.8951023841400062
3,3,True,0.55,0.17302832,2.880731243665904,1.1093583846008959
7,7,True,0.55,0.08150304,2.880731243665904,0.6792852554516253
1,1,True,0.55,0.10615873,2.880731243665904,0.7951412336846624
7,7,True,0.5,0.1432485,2.6457834585,0.969424355251514
7,7,True,0.55,0.13431866,2.880731243665904,0.9274634719334922
3,3,True,0.6,0.09538192,3.1156790288318073,0.7445014913096466
3,3,True,0.55,0.23588616,2.880731243665904,1.4047245034291238
1,1,True,0.65,0.055655934,3.3506265339181924,0.5578308727484059
2,2,True,0.7,0.15342668,3.5855743190840963,1.0172511539900504
0,0,True,0.4,0.2858889,2.175888028207952,1.6396851722528893
5,5,False,0.6,0.03471718,3.1156790288318073,0.4594406182937692
3,3,False,0.5,0.07049817,2.6457834585,0.6275738588180483
0,0,False,0.45,0.18445075,2.410835673334096,1.163031843293034
1,1,True,0.45,0.22211425,2.410835673334096,1.340010940287353
3,3,True,0.5,0.11351376,2.6457834585,0.8297021710481157
0,0,False,0.45,0.02106394,2.410835673334096,0.3952846672163457
5,5,True,0.65,0.18773389,3.3506265339181924,1.178459183344018
5,5,True,0.6,0.29916868,3.1156790288318073,1.7020861888283416
5,5,True,0.8,0.25371078,4.055469889415903,1.488481583308151
7,7,True,0.4,0.038022723,2.175888028207952,0.47497321572888773
3,3,True,0.5,0.22255588,2.6457834585,1.3420861194615432
3,3,True,0.6,0.19281977,3.1156790288318073,1.2023575284391539
5,5,True,0.65,0.19867061,3.3506265339181924,1.2298503440578608
7,7,True,0.5,0.060100514,2.6457834585,0.5787157547766182
5,5,False,0.65,0.072962485,3.3506265339181924,0.6391535714704646
1,1,True,0.5,0.07407748,2.6457834585,0.6443928789876885
5,5,False,0.9,0.16362458,4.525365179668192,1.0651706590492884
0,0,False,0.5,0.13937666,2.6457834585,0.9512307398138603
2,2,True,0.65,0.09337625,3.3506265339181924,0.7350769205340196
5,5,True,0.6,0.18063433,3.1156790288318073,1.1450987018078043
1,1,True,0.55,0.15131077,2.880731243665904,1.0073086111544622
6,6,True,0.45,0.10199781,2.410835673334096,0.7755892325811419
3,3,True,0.6,0.29929605,3.1156790288318073,1.7026847187598793
0,0,True,0.55,0.057667214,2.880731243665904,0.567281788503764
4,4,True,0.55,0.17412072,2.880731243665904,1.114491541980519
0,0,True,0.5,0.09084451,2.6457834585,0.7231804029359737
7,7,True,0.55,0.060971852,2.880731243665904,0.5828101322311916
2,2,True,0.75,0.047144238,3.82052210425,0.5178347997692228
0,0,False,0.45,0.10470807,2.410835673334096,0.7883246233477401
7,7,True,0.6,0.102215104,3.1156790288318073,0.7766102974766316
0,0,False,0.4,0.6840922,2.175888028207952,3.5108244564878404
6,6,True,0.5,0.17258371,2.6457834585,1.1072692014507686
0,0,True,0.45,0.08949197,2.410835673334096,0.7168248735067697
1,1,False,0.6,0.10571413,3.1156790288318073,0.7930520505345353
7,7,True,0.6,0.065883376,3.1156790288318073,0.6058891572091772
3,3,True,0.5,0.10106904,2.6457834585,0.7712249985102668
3,3,True,0.55,0.24902615,2.880731243665904,1.4664687335331414
0,0,False,0.45,0.1513318,2.410835673334096,1.007407409204696
5,5,False,0.65,0.009211623,3.3506265339181924,0.33959116562902575
4,4,False,0.55,0.14522569,2.880731243665904,0.9787150830271253
3,3,True,0.45,0.09542371,2.410835673334096,0.74469786206222
2,2,True,0.45,0.40344015,2.410835673334096,2.192053097711285
3,3,True,0.55,0.24495739,2.880731243665904,1.4473498053854656
2,2,True,0.6,0.07298261,3.1156790288318073,0.6392481333179776
7,7,False,0.55,0.4258852,2.880731243665904,2.297521381723643
1,1,True,0.6,0.11763721,3.1156790288318073,0.8490780721542314
3,3,True,0.5,0.14285292,2.6457834585,0.9675655375055467
4,4,True,0.7,0.14402685,3.5855743190840963,0.9730817736469204
6,6,True,0.6,0.16258132,3.1156790288318073,1.0602684272328626
1,1,True,0.55,0.054427028,2.880731243665904,0.5520562982609387
0,0,True,0.4,0.07364942,2.175888028207952,0.6423814529139503
5,5,True,0.8,0.16314676,4.055469889415903,1.062925401587346
0,0,True,0.55,0.12610433,2.880731243665904,0.8888646631583703
6,6,True,0.45,0.13901457,2.410835673334096,0.9495293267574224
6,6,True,0.55,0.11172418,2.880731243665904,0.821293028567664
4,4,True,0.6,0.21279322,3.1156790288318073,1.296211825067991
5,5,True,0.65,0.17555773,3.3506265339181924,1.1212439790977111
5,5,True,0.8,0.18533759,4.055469889415903,1.1671990764324183
4,4,False,0.55,0.1638714,2.880731243665904,1.066330398316492
2,2,True,0.5,0.10275353,2.6457834585,0.7791403257892483
1,1,True,0.55,0.1299964,2.880731243665904,0.9071533655926347
2,2,True,0.7,0.11470539,3.5855743190840963,0.8353015908065538
2,2,False,0.65,0.11786902,3.3506265339181924,0.8501673364125332
2,2,True,0.7,0.09433596,3.5855743190840963,0.7395865508850581
1,1,False,0.6,0.1179392,3.1156790288318073,0.8504970950359043
4,4,True,0.6,0.18951605,3.1156790288318073,1.1868334909343268
2,2,True,0.6,0.055879857,3.1156790288318073,0.5588830789853851
1,1,True,0.55,0.07294119,2.880731243665904,0.6390535130623963
3,3,False,0.5,0.08189072,2.6457834585,0.6811069276514203
2,2,True,0.65,0.09657312,3.3506265339181924,0.7500988804915738
3,3,True,0.55,0.05877585,2.880731243665904,0.5724912150373327
2,2,True,0.5,0.07148921,2.6457834585,0.6322307059661221
0,0,True,0.5,0.21071132,2.6457834585,1.2864290675978411
6,6,True,0.5,0.07197243,2.6457834585,0.6345013456344499
7,7,True,0.65,0.14172085,3.3506265339181924,0.9622459872062051
3,3,True,0.5,0.06805582,2.6457834585,0.6160973904782259
1,1,True,0.65,0.08746471,3.3506265339181924,0.7072988789354206
3,3,True,0.6,0.11851433,3.1156790288318073,0.853199617322122
7,7,True,0.7,0.18057677,3.5855743190840963,1.1448282150125855
7,7,True,0.65,0.10633205,3.3506265339181924,0.7959556349052652
1,1,True,0.55,0.061582144,2.880731243665904,0.5856778664235236
1,1,True,0.65,0.1324189,3.3506265339181924,0.9185365674527183
0,0,True,0.4,0.09733371,2.175888028207952,0.753672835190397
5,5,True,0.7,0.1034842,3.5855743190840963,0.7825737155796062
2,2,False,0.65,0.17065741,3.3506265339181924,1.0982175915642778
3,3,True,0.55,0.105312,2.880731243665904,0.791162459051447
7,7,True,0.55,0.073612764,2.880731243665904,0.6422092040099281
3,3,False,0.6,0.66672647,3.1156790288318073,3.4292235687837977
7,7,True,0.6,0.20633301,3.1156790288318073,1.2658556164894927
6,6,True,0.55,0.120487526,2.880731243665904,0.8624715797699781
0,0,False,0.5,0.17982101,2.6457834585,1.1412769467547799
2,2,True,0.7,0.12226451,3.5855743190840963,0.8708215554520969
5,5,True,0.65,0.26207048,3.3506265339181924,1.5277634360095889
0,0,True,0.45,0.058077645,2.410835673334096,0.5692103810598361
5,5,False,0.65,0.14412247,3.3506265339181924,0.9735310912148516
3,3,False,0.4,0.7785389,2.175888028207952,3.95462501805907
4,4,True,0.55,0.17026304,2.880731243665904,1.096364445428565
0,0,False,0.55,0.1848162,2.880731243665904,1.1647490808422805
3,3,True,0.5,0.23758028,2.6457834585,1.4126851335702606
4,4,False,0.65,0.16154979,3.3506265339181924,1.055421301061748
0,0,True,0.5,0.11375795,2.6457834585,0.8308496218264348
4,4,True,0.6,0.18076876,3.1156790288318073,1.1457303511424322
4,4,True,0.65,0.11375151,3.3506265339181924,0.8308193382284716
6,6,True,0.5,0.09857031,2.6457834585,0.7594835749457207
1,1,True,0.55,0.14764343,2.880731243665904,0.9900759485455897
3,3,True,0.5,0.08096963,2.6457834585,0.6767787888285224
7,7,True,0.85,0.14305982,4.290417674581807,0.9685377635349571
0,0,True,0.3,0.23860711,1.7059925979159036,1.4175101334593951
6,6,False,0.55,0.162032,2.880731243665904,1.0576871443683173
7,7,True,0.6,0.03002142,3.1156790288318073,0.43737545491615093
2,2,True,0.7,0.10117225,3.5855743190840963,0.7717099912068971
2,2,True,0.6,0.051906846,3.1156790288318073,0.5402140810795877
5,5,True,0.6,0.13854161,3.1156790288318073,0.9473068957762569
4,4,False,0.65,0.17874786,3.3506265339181924,1.136234255059708
1,1,False,0.65,0.22565654,3.3506265339181924,1.3566559960659186
5,5,False,0.65,0.1304285,3.3506265339181924,0.9091837320438273
3,3,True,0.5,0.092734985,2.6457834585,0.7320636500217649
0,0,True,0.45,0.12153014,2.410835673334096,0.8673707657216377
0,0,False,0.4,0.08947554,2.175888028207952,0.7167476765894183
3,3,True,0.55,0.09371263,2.880731243665904,0.736657549298003
7,7,True,0.65,0.14729485,3.3506265339181924,0.9884379735001454
3,3,True,0.5,0.07136074,2.6457834585,0.6316270295734278
6,6,True,0.5,0.13911523,2.6457834585,0.9500023110446868
1,1,True,0.55,0.0695328,2.880731243665904,0.62303762091273
2,2,True,0.6,0.12573867,3.1156790288318073,0.8871464453308082
3,3,True,0.6,0.13002941,3.1156790288318073,0.9073084596261344
0,0,True,0.5,0.12820573,2.6457834585,0.8987390766510261
1,1,True,0.5,0.043729488,2.6457834585,0.5017890441408712
2,2,True,0.7,0.07776524,3.5855743190840963,0.6617215038416677
4,4,False,0.5,0.115516245,2.6457834585,0.8391117575694904
3,3,True,0.55,0.12846729,2.880731243665904,0.8999681355991168
7,7,True,0.5,0.052854255,2.6457834585,0.5446659100199472
2,2,True,0.65,0.12568468,3.3506265339181924,0.8868927633067136
3,3,False,0.45,0.11385703,2.410835673334096,0.8313151840064528
0,0,True,0.45,0.046011306,2.410835673334096,0.5125112058218294
4,4,True,0.6,0.2711427,3.1156790288318073,1.57039335927799
6,6,False,0.55,0.08969067,2.880731243665904,0.717758553592414
2,2,True,0.55,0.10360705,2.880731243665904,0.7831509944776596
3,3,True,0.5,0.21924677,2.6457834585,1.3265368047801502
3,3,True,0.55,0.08157717,2.880731243665904,0.6796335693431127
1,1,True,0.45,0.07337403,2.410835673334096,0.641087415517513
5,5,True,0.65,0.086074896,3.3506265339181924,0.7007681947771874
3,3,True,0.5,0.087142006,2.6457834585,0.7057824934110473
3,3,True,0.5,0.30658278,2.6457834585,1.7369247200048017
5,5,True,0.7,0.0495624,3.5855743190840963,0.5291976258443183
5,5,True,0.6,0.39073187,3.1156790288318073,2.1323374835614675
0,0,False,0.4,0.07938297,2.175888028207952,0.6693231420596655
1,1,True,0.55,0.10085072,2.880731243665904,0.7701991372530188
0,0,False,0.4,0.17120841,2.175888028207952,1.1008067166553475
2,2,True,0.55,0.103414066,2.880731243665904,0.7822441670158741
2,2,True,0.6,0.13150582,3.1156790288318073,0.9142460293052105
5,5,True,0.7,0.11353208,3.5855743190840963,0.8297882604901871
2,2,True,0.55,0.12200891,2.880731243665904,0.8696205044558799
4,4,True,0.65,0.055759557,3.3506265339181924,0.5583177909917274
5,5,True,0.6,0.2328378,3.1156790288318073,1.3904003966024387
4,4,True,0.6,0.10751245,3.1156790288318073,0.8015022946843614
3,3,True,0.6,0.236286,3.1156790288318073,1.4066033468606807
4,4,True,0.7,0.124666035,3.5855743190840963,0.8821062043315255
5,5,False,0.7,0.18814461,3.5855743190840963,1.1803891412877436
1,1,True,0.55,0.08280112,2.880731243665904,0.6853848622205849
3,3,True,0.6,0.09042417,3.1156790288318073,0.7212052471599117
1,1,True,0.7,0.05349346,3.5855743190840963,0.5476695002838357
3,3,False,0.6,0.095779106,3.1156790288318073,0.7463678361926798
0,0,False,0.45,0.16348405,2.410835673334096,1.06451030156399
3,3,True,0.55,0.057765216,2.880731243665904,0.5677422917474747
0,0,True,0.45,0.078262374,2.410835673334096,0.6640575070676804
2,2,True,0.55,0.09564554,2.880731243665904,0.7457402130011337
0,0,False,0.6,0.10671182,3.1156790288318073,0.7977401615588878
2,2,True,0.8,0.07291826,4.055469889415903,0.6389457524675629
3,3,True,0.5,0.2063685,2.6457834585,1.2660224038428998
3,3,True,0.5,0.09629981,2.6457834585,0.7488146108683524
6,6,True,0.5,0.3123529,2.6457834585,1.764038237935261
4,7,True,0.25,0.24157386,1.47104481275,1.4314507414050517
2,2,True,0.65,0.19269629,3.3506265339181924,1.201777273696214
4,4,True,0.65,0.41616416,3.3506265339181924,2.251842652854048
5,5,False,0.7,0.0026208577,3.5855743190840963,0.3086214581815863
2,2,False,0.6,0.2737159,3.1156790288318073,1.5824848122210755
7,7,False,0.6,0.18120718,3.1156790288318073,1.1477904760424904
5,5,True,0.7,0.16076316,3.5855743190840963,1.0517249516132372
5,5,True,0.65,0.10376483,3.3506265339181924,0.7838923999736922
1,1,False,0.55,0.086832836,2.880731243665904,0.7043297209473667
7,7,True,0.6,0.046945397,3.1156790288318073,0.5169004544947214
7,7,True,0.5,0.11425367,2.6457834585,0.8331789731638776
7,7,True,0.75,0.08300648,3.82052210425,0.686349841192448
3,3,False,0.55,0.096589886,2.880731243665904,0.7501776528562181
2,2,True,0.55,0.079863645,2.880731243665904,0.6715818083285674
1,1,True,0.5,0.059353903,2.6457834585,0.5752074612199687
1,1,True,0.5,0.08286142,2.6457834585,0.6856682326736655
0,0,False,0.55,0.074091926,2.880731243665904,0.644460763261042
2,2,False,0.75,0.28299588,3.82052210425,1.6260909526520289
6,6,True,0.5,0.109599926,2.6457834585,0.8113112395895129
2,2,True,0.5,0.09354098,2.6457834585,0.7358509903039245
3,3,True,0.5,0.08987555,2.6457834585,0.7186272902396516
4,4,True,0.6,0.1412444,3.1156790288318073,0.9600071715731937
3,3,True,0.4,0.10480035,2.175888028207952,0.7887582564626222
1,1,True,0.5,0.09568417,2.6457834585,0.745921739539214
2,2,False,0.65,0.13754839,3.3506265339181924,0.9426397907158094
0,0,True,0.5,0.27074164,2.6457834585,1.5685088442361788
5,5,True,0.6,0.12838183,3.1156790288318073,0.8995665715891299
0,0,True,0.45,0.081738085,2.410835673334096,0.6803897140238186
5,5,True,0.65,0.068798415,3.3506265339181924,0.6195867961723308
3,3,True,0.65,0.06604324,3.3506265339181924,0.6066403654883654
6,6,True,0.55,0.17541498,2.880731243665904,1.1205731886503396
0,0,True,0.5,0.057444416,2.6457834585,0.5662348687677009
6,6,False,0.55,0.13810545,2.880731243665904,0.9452574138979105
3,3,False,0.5,0.16455689,2.6457834585,1.0695515228415884
1,1,False,0.7,0.06491918,3.5855743190840963,0.6013584508743539
7,7,True,0.5,0.08499649,2.6457834585,0.6957008210745272
7,7,False,0.7,0.2142562,3.5855743190840963,1.3030863068354719
5,5,True,0.65,0.18252264,3.3506265339181924,1.153971761001101
4,3,True,0.45,0.053749163,2.410835673334096,0.5488710414192106
6,6,True,0.5,0.28195485,2.6457834585,1.6211992238175557
0,0,True,0.4,0.101991706,2.175888028207952,0.7755605594404114
0,0,False,0.4,0.06359743,2.175888028207952,0.5951476175265165
3,3,True,0.45,0.1582405,2.410835673334096,1.039871076121919
4,4,True,0.65,0.19942132,3.3506265339181924,1.2333778755764535
1,1,False,0.55,0.11282839,2.880731243665904,0.8264816416919968
2,2,True,0.6,0.14884353,3.1156790288318073,0.9957151395956881
6,6,True,0.55,0.1730864,2.880731243665904,1.1096313220919034
7,7,True,0.55,0.11049265,2.880731243665904,0.8155060955714326
5,5,True,0.9,0.2709933,4.525365179668192,1.5696913399642796
1,1,False,0.75,0.11517169,3.82052210425,0.8374927229015005
0,0,False,0.45,0.088112175,2.410835673334096,0.7103412777176239
3,3,True,0.45,0.26116177,2.410835673334096,1.5234934837067082
1,1,True,0.6,0.10902687,3.1156790288318073,0.808618485076511
2,2,False,0.9,0.114790104,4.525365179668192,0.8356996538225564
1,1,True,0.45,0.13946813,2.410835673334096,0.9516605918552394
2,2,True,0.65,0.13332282,3.3506265339181924,0.9227840433742204
4,4,True,0.6,0.15750346,3.1156790288318073,1.0364077528329962
2,2,True,0.7,0.09708601,3.5855743190840963,0.7525089297403521
3,3,False,0.55,0.067366004,2.880731243665904,0.6128559601880212
7,7,True,0.5,0.098546155,2.6457834585,0.7593700727207533
6,6,False,0.45,0.08433436,2.410835673334096,0.6925894877207752
2,2,True,0.6,0.0062760855,3.1156790288318073,0.3257972077570033
0,0,True,0.45,0.1391765,2.410835673334096,0.9502902327899467
5,5,True,0.55,0.18424147,2.880731243665904,1.1620484841027539
7,7,True,0.55,0.60561275,2.880731243665904,3.142052996793046
7,7,True,0.6,0.10639646,3.1156790288318073,0.7962582958351987
5,5,True,0.75,0.12751435,3.82052210425,0.8954902942734548
5,5,True,0.65,0.2010248,3.3506265339181924,1.2409125747894736
3,3,True,0.6,0.1841626,3.1156790288318073,1.1616778688795875
1,1,False,0.3,0.0017022225,1.7059925979159036,0.30430483325265384
4,4,True,0.6,0.12211656,3.1156790288318073,0.870126328066716
7,7,False,0.55,0.06605252,2.880731243665904,0.6066839528634687
5,5,False,0.55,0.3889647,2.880731243665904,2.12403368599
6,6,True,0.5,0.14275415,2.6457834585,0.9671014457430022
5,5,True,0.6,0.22888827,3.1156790288318073,1.3718417675319932
1,1,True,0.6,0.094771,3.1156790288318073,0.7416307812724282
2,2,False,0.75,0.094305985,3.82052210425,0.739445705897074
7,7,True,0.6,0.06701636,3.1156790288318073,0.6112130137311194
2,2,False,0.7,0.8438964,3.5855743190840963,4.261736971704265
0,0,False,0.4,0.90320855,2.175888028207952,4.540442140241238
2,2,False,0.7,0.045261025,3.5855743190840963,0.5089856698698076
5,5,True,0.6,0.16753249,3.1156790288318073,1.083533722595777
5,5,True,0.55,0.14667872,2.880731243665904,0.9855427915149774
6,6,True,0.45,0.050485794,2.410835673334096,0.5335366177485672
0,0,False,0.4,0.008024214,2.175888028207952,0.3340115833777507
4,4,False,0.6,0.13235867,3.1156790288318073,0.9182535470990361
0,0,False,0.45,0.1288506,2.410835673334096,0.9017692569642246
7,7,False,0.6,0.16690823,3.1156790288318073,1.0806003797761816
6,6,True,0.5,0.07831839,2.6457834585,0.664320711795412
2,2,True,0.65,0.07681338,3.3506265339181924,0.6572487389572828
2,2,True,0.65,0.10552279,3.3506265339181924,0.7921529602694548
2,2,True,0.55,0.08144078,2.880731243665904,0.6789926773843664
4,4,True,0.6,0.17998928,3.1156790288318073,1.1420676112361698
4,4,True,0.6,0.12385124,3.1156790288318073,0.8782775173104125
0,0,True,0.45,0.07122631,2.410835673334096,0.6309953802387998
3,3,True,0.5,0.18447836,2.6457834585,1.163161590130088
1,1,True,0.6,0.049788937,3.1156790288318073,0.530262120570182
7,7,False,0.6,0.16167937,3.1156790288318073,1.0560301939354786
5,5,True,0.75,0.11485002,3.82052210425,0.8359812037587652
0,0,True,0.5,0.07171931,2.6457834585,0.6333119529482001
3,3,True,0.5,0.18325719,2.6457834585,1.1574233909701168
7,7,False,0.55,0.00034715148,2.880731243665904,0.2979374160342674
5,5,False,0.8,0.07941013,4.055469889415903,0.6694507532903893
7,7,True,0.6,0.121399045,3.1156790288318073,0.866754765830119
0,0,False,0.4,0.04802664,2.175888028207952,0.5219811669844614
6,6,False,0.5,0.43202484,2.6457834585,2.3263712526305027
7,7,True,0.75,0.07847759,3.82052210425,0.6650688041899543
5,5,True,0.7,0.124021284,3.5855743190840963,0.8790765491674247
3,3,True,0.55,0.056097433,2.880731243665904,0.5599054567536189
6,6,True,0.45,0.1304912,2.410835673334096,0.909478375697537
5,5,False,0.6,0.50537074,3.1156790288318073,2.6710203036151725
5,5,True,0.65,0.09405163,3.3506265339181924,0.7382505015608105
0,0,False,0.5,0.30507097,2.6457834585,1.7298207830915968
5,5,True,0.75,0.14208592,3.82052210425,0.9639614742584596
0,0,True,0.4,0.082064174,2.175888028207952,0.6819219940608803
0,0,True,0.45,0.08732838,2.410835673334096,0.7066582670561932
2,2,True,0.6,0.11136397,3.1156790288318073,0.8196004030061264
3,3,True,0.5,0.14187112,2.6457834585,0.9629521376928168
6,6,True,0.5,0.029301783,2.6457834585,0.433993914846699
7,7,False,0.5,0.14034128,2.6457834585,0.9557634767251945
4,4,False,0.65,0.19703268,3.3506265339181924,1.2221537588830116
0,0,False,0.35,0.1877056,1.9409402430420482,1.1783262856123777
1,1,False,0.55,0.017616011,2.880731243665904,0.3790830035733931
0,0,True,0.5,0.07010521,2.6457834585,0.6257273645709054
5,5,False,0.6,0.19973706,3.1156790288318073,1.2348615268070746
3,3,True,0.5,0.08103145,2.6457834585,0.6770692662993909
3,3,False,0.5,0.09431345,2.6457834585,0.7394807858567957
3,3,True,0.5,0.46436897,2.6457834585,2.4783548630349195
4,4,False,0.65,0.119168,3.3506265339181924,0.8562711793842136
7,7,True,0.6,0.069391176,3.1156790288318073,0.6223721519762146
0,0,False,0.45,0.1434231,2.410835673334096,0.9702447781817697
5,5,True,0.75,0.14262405,3.82052210425,0.9664901021734825
2,2,True,0.6,0.09825566,3.1156790288318073,0.7580050351663166
2,2,True,0.5,0.076216295,2.6457834585,0.6544430773882908
5,5,True,0.6,0.11204655,3.1156790288318073,0.8228078036348045
3,3,False,0.4,0.11564855,2.175888028207952,0.8397334640812033
6,6,False,0.55,0.34081843,2.880731243665904,1.897796513896527
6,6,True,0.6,0.05320633,3.1156790288318073,0.5463202872222075
4,4,True,0.6,0.17200385,3.1156790288318073,1.1045444478527513
7,7,False,0.65,0.14199002,3.3506265339181924,0.9635108263128143
7,7,True,0.85,0.07932463,4.290417674581807,0.6690490142307033
2,2,True,0.55,0.14622544,2.880731243665904,0.9834128567948743
6,6,False,0.65,0.087951176,3.3506265339181924,0.7095847479275796
2,2,True,0.8,0.09390619,4.055469889415903,0.7375670725251563
6,6,True,0.5,0.055605922,2.6457834585,0.557595868527217
5,5,True,0.6,0.09265383,3.1156790288318073,0.7316823217570066
4,4,True,0.55,0.10755219,2.880731243665904,0.8016890377034782
3,3,False,0.5,0.06737912,2.6457834585,0.6129175776821432
0,0,False,0.45,0.073899,2.410835673334096,0.6435542158787751
1,1,True,0.55,0.094347715,2.880731243665904,0.7396417965701287
3,3,False,0.5,0.079941325,2.6457834585,0.6719468219613594
4,4,False,0.55,0.3263971,2.880731243665904,1.8300312743384948
2,2,True,0.7,0.24210063,3.5855743190840963,1.4339260141717556
1,1,False,0.7,0.075607255,3.5855743190840963,0.6515812248658523
1,1,True,0.6,0.08667135,3.1156790288318073,0.7035709155112329
6,6,True,0.5,0.08918487,2.6457834585,0.7153818338063652
4,4,False,0.6,0.14466283,3.1156790288318073,0.9760702221118271
2,2,False,0.6,0.00953548,3.1156790288318073,0.3411129558128622
1,1,True,0.6,0.048487496,3.1156790288318073,0.5241467068133838
7,7,True,0.6,0.10300313,3.1156790288318073,0.7803131937838926
1,1,True,0.5,0.07667993,2.6457834585,0.656621675924774
1,1,True,0.55,0.15986969,2.880731243665904,1.0475265596273937
1,1,True,0.5,0.08658447,2.6457834585,0.7031626646027361
7,7,True,0.7,0.2258146,3.5855743190840963,1.3573986969297254
7,7,False,0.5,0.070201874,2.6457834585,0.6261815835304145
5,5,True,0.65,0.20150205,3.3506265339181924,1.2431551714959879
6,6,True,0.5,0.08522338,2.6457834585,0.6967669437625936
6,6,False,0.45,0.14649294,2.410835673334096,0.9846698536749589
3,3,True,0.5,0.106389225,2.6457834585,0.7962243011836121
1,1,True,0.6,0.052384887,3.1156790288318073,0.5424603713347554
3,3,False,0.55,0.30760476,2.880731243665904,1.741726963433039
7,7,True,0.6,0.07669977,3.1156790288318073,0.656714907394573
3,3,True,0.5,0.18557025,2.6457834585,1.168292366833802
3,3,True,0.5,0.289859,2.6457834585,1.6583404287572987
3,3,True,0.7,0.09043444,3.5855743190840963,0.7212534908570141
1,1,True,0.55,0.07712488,2.880731243665904,0.6587124695321339
4,4,True,0.55,0.027874924,2.880731243665904,0.42728917002005673
5,5,True,0.6,0.09583369,3.1156790288318073,0.7466243190119618
4,4,True,0.55,0.20370005,2.880731243665904,1.2534834538487545
3,3,True,0.6,0.26428604,3.1156790288318073,1.5381742718005027
2,2,False,0.55,0.101365305,2.880731243665904,0.7726171337581412
4,4,False,0.65,0.0645454,3.3506265339181924,0.5996020722123641
1,1,True,0.6,0.09190505,3.1156790288318073,0.728163822802893
6,6,True,0.55,0.12369011,2.880731243665904,0.877520392351391
7,7,False,0.6,0.12962838,3.1156790288318073,0.9054240146042029
4,4,True,0.95,0.07059279,4.760312964834096,0.6280184850540408
7,7,True,0.6,0.32532367,3.1156790288318073,1.8249873222855888
3,3,True,0.5,0.19883104,2.6457834585,1.2306041780825372
1,1,False,0.65,0.12830648,3.3506265339181924,0.8992124810575687
6,6,False,0.7,0.057977345,3.5855743190840963,0.5687390772496841
5,5,False,0.8,0.16352749,4.055469889415903,1.0647144095132686
3,3,True,0.5,0.16617286,2.6457834585,1.0771448987137835
6,6,True,0.45,0.16117822,2.410835673334096,1.0536752853419515
0,0,True,0.45,0.48505497,2.410835673334096,2.5755574402903587
6,6,True,0.5,0.13974886,2.6457834585,0.9529796963686036
0,0,True,0.4,0.099496156,2.175888028207952,0.7638340851201777
3,3,True,0.5,0.078279644,2.6457834585,0.664138660108234
3,3,False,0.4,0.3007387,2.175888028207952,1.7094636233915916
2,2,False,0.55,0.24056357,2.880731243665904,1.4267034635823663
3,3,True,0.5,0.11233298,2.6457834585,0.8241537257620876
3,3,True,0.6,0.110543385,3.1156790288318073,0.8157445132617561
6,6,True,0.5,0.13792141,2.6457834585,0.9443925983639353
4,4,True,0.6,0.08644228,3.1156790288318073,0.702494499900853
1,1,True,0.55,0.1418421,2.880731243665904,0.9628157389671926
4,4,False,0.5,0.12378673,2.6457834585,0.877974401251261
0,0,False,0.45,0.58231986,2.410835673334096,3.0326007216664355
3,3,True,0.6,0.07687012,3.1156790288318073,0.6575153746591189
2,2,True,0.5,0.11127899,2.6457834585,0.8192010796322894
1,1,True,0.55,0.11611056,2.880731243665904,0.8419044304508011
1,1,True,0.6,0.17074832,3.1156790288318073,1.0986447828502288
0,0,True,0.45,0.07483503,2.410835673334096,0.647952584640996
2,2,True,0.6,0.08436114,3.1156790288318073,0.692715348454507
3,3,False,0.5,0.049752414,2.6457834585,0.5300905018450769
5,5,True,0.6,0.13638708,3.1156790288318073,0.937182861412528
0,0,True,0.45,0.09520866,2.410835673334096,0.7436873351586226
4,4,False,0.5,0.4286374,2.6457834585,2.310453773421732
4,4,False,0.6,0.09846269,3.1156790288318073,0.758977891374644
7,7,True,0.65,0.053744763,3.3506265339181924,0.5488503680497339
4,4,True,0.55,0.13631922,2.880731243665904,0.9368639908804478
2,2,True,0.6,0.11753634,3.1156790288318073,0.8486041075886513
1,1,True,0.5,0.046813108,2.6457834585,0.5162788355078581
6,6,True,0.5,0.07344878,2.6457834585,0.6414386352340072
0,0,False,0.35,0.16426396,1.9409402430420482,1.0681750720467633
3,3,False,0.55,0.13476531,2.880731243665904,0.929562247807136
5,5,True,0.7,0.12771948,3.5855743190840963,0.8964541879371827
3,3,True,0.55,0.118323706,2.880731243665904,0.8523038880112663
5,5,False,0.65,0.05673236,3.3506265339181924,0.5628889513120381
5,5,False,0.6,0.16186664,3.1156790288318073,1.0569101337634657
4,4,False,0.7,0.24172384,3.5855743190840963,1.4321554914940697
3,3,True,0.45,0.1033542,2.410835673334096,0.7819628621492443
5,5,False,0.7,0.19337678,3.5855743190840963,1.2049748715417363
1,1,True,0.55,0.122791305,2.880731243665904,0.8732969332486203
0,0,False,0.45,0.26713288,2.410835673334096,1.5515514297743433
2,2,False,0.6,0.1690949,3.1156790288318073,1.0908754470203883
7,7,True,0.7,0.09377079,3.5855743190840963,0.736930836888409
4,4,False,0.55,0.11326683,2.880731243665904,0.8285418716218746
5,5,True,0.7,0.11338774,3.5855743190840963,0.8291100129256294
3,3,True,0.4,0.07237007,2.175888028207952,0.6363698261238135
6,6,True,0.5,0.07341202,2.6457834585,0.641265931200767
3,3,True,0.5,0.07370457,2.6457834585,0.6426405964886602
7,7,True,0.55,0.117858864,2.880731243665904,0.8501196178645286
7,7,False,0.5,0.067300804,2.6457834585,0.6125495882044646
4,4,False,0.45,0.08736414,2.410835673334096,0.7068262797574945
1,1,True,0.55,0.10067792,2.880731243665904,0.769387151718265
3,3,False,0.55,0.099504516,2.880731243665904,0.7638733662726804
2,2,False,0.65,0.30691126,3.3506265339181924,1.7384682382325525
1,1,True,0.65,0.112916864,3.3506265339181924,0.8268973847276196
5,5,True,0.6,0.14364606,3.1156790288318073,0.9712924856414792
3,3,True,0.55,0.08680212,2.880731243665904,0.7041853749653986
4,4,False,0.65,0.091592096,3.3506265339181924,0.7266932652897728
3,3,True,0.4,0.10396883,2.175888028207952,0.7848509721265641
2,2,True,0.65,0.19453722,3.3506265339181924,1.210427739691996
0,0,False,0.5,0.24969982,2.6457834585,1.4696342622737688
3,5,True,0.7,0.121981345,3.5855743190840963,0.8694909676784648
3,3,True,0.55,0.08719347,2.880731243665904,0.7060243070655354
1,1,False,0.65,0.052702326,3.3506265339181924,0.5439520048316606
6,6,True,0.45,0.13121015,2.410835673334096,0.9128566948525235
3,3,False,0.65,0.12134408,3.3506265339181924,0.8664964975039051
2,2,False,0.7,0.1850826,3.5855743190840963,1.1660008962512682
7,7,False,0.65,0.10837828,3.3506265339181924,0.8055707997933916
2,2,True,0.8,0.18210597,4.055469889415903,1.1520138651253813
3,3,False,0.6,0.12600036,3.1156790288318073,0.888376134457816
5,5,True,0.75,0.1980109,3.82052210425,1.2267504239444973
3,3,True,0.55,0.124653585,2.880731243665904,0.8820477027220497
5,5,True,0.65,0.13796602,3.3506265339181924,0.9446022378837087
1,1,True,0.55,0.07067922,2.880731243665904,0.6284246003562071
4,4,True,0.5,0.16427526,2.6457834585,1.0682281471155637
5,5,True,0.7,0.231645,3.5855743190840963,1.3847955152933855
7,7,False,0.55,0.062046967,2.880731243665904,0.5878620490454116
5,5,True,0.7,0.16829456,3.5855743190840963,1.0871146792825686
7,7,True,0.5,0.14709122,2.6457834585,0.9874811518442655
4,4,True,0.6,0.082628235,3.1156790288318073,0.6845724915764929
0,0,True,0.4,0.056437064,2.175888028207952,0.5615013673563432
5,5,True,0.65,0.124510236,3.3506265339181924,0.881374111479491
6,6,False,0.65,0.16953273,3.3506265339181924,1.0929327711252594
6,6,True,0.65,0.104283676,3.3506265339181924,0.7863304221644042
6,6,True,0.5,0.38960782,2.6457834585,2.1270556039573956
1,1,False,0.5,0.20349781,2.6457834585,1.2525331440416854
3,3,True,0.5,0.12786853,2.6457834585,0.8971545967936603
3,3,True,0.5,0.2580929,2.6457834585,1.5090730295255783
4,4,True,0.55,0.14110869,2.880731243665904,0.9593695005289128
3,3,True,0.5,0.090816416,2.6457834585,0.7230483804528298
2,2,True,0.6,0.10330701,3.1156790288318073,0.7817411091902855
5,5,True,0.65,0.21946421,3.3506265339181924,1.327558534864497
6,6,False,0.5,0.0077395937,2.6457834585,0.3326741664777281
0,0,True,0.4,0.048354045,2.175888028207952,0.5235196262759051
0,0,False,0.45,0.06076703,2.410835673334096,0.5818476739749973
2,2,True,0.65,0.08130066,3.3506265339181924,0.6783342804556991
4,4,True,0.55,0.16942179,2.880731243665904,1.092411473121013
5,5,True,0.8,0.109047405,4.055469889415903,0.8087149724707153
2,2,False,0.55,0.086587705,2.880731243665904,0.7031778589166275
2,2,False,0.6,0.051065356,3.1156790288318073,0.5362599534440211
7,7,True,0.5,0.10030598,2.6457834585,0.7676394205114162
4,4,True,0.65,0.11877851,3.3506265339181924,0.8544409997690371
3,3,False,0.45,0.6220658,2.410835673334096,3.219365026826693
7,7,True,0.65,0.12170099,3.3506265339181924,0.8681735786521529
2,2,False,0.7,0.26817384,3.5855743190840963,1.5564428785292979
2,2,True,0.6,0.069207944,3.1156790288318073,0.6215111525256821
1,1,True,0.55,0.080611795,2.880731243665904,0.6750973314377944
7,7,True,0.55,0.06268205,2.880731243665904,0.5908462613075977
5,5,False,0.6,0.21895194,3.1156790288318073,1.3251513914407256
5,5,True,0.6,0.12488247,3.1156790288318073,0.8831232080739936
5,5,True,0.6,0.12938656,3.1156790288318073,0.9042877319966933
2,2,True,0.65,0.122739166,3.3506265339181924,0.8730519336896065
7,7,True,0.5,0.1158129,2.6457834585,0.8405057133342365
3,3,True,0.55,0.1678493,2.880731243665904,1.0850224152577355
7,7,True,0.55,0.07595862,2.880731243665904,0.6532322586188577
7,7,False,0.55,0.105793566,2.880731243665904,0.7934253265131299
2,2,True,0.55,0.09607584,2.880731243665904,0.7477621770667642
0,0,True,0.5,0.06290193,2.6457834585,0.5918794746522125
6,6,True,0.5,0.09546166,2.6457834585,0.7448761676858349
6,6,False,0.55,0.142814,2.880731243665904,0.9673826455798126
5,5,False,0.65,0.1002859,3.3506265339181924,0.7675450687235422
6,6,False,0.45,0.0018720122,2.410835673334096,0.30510266711328715
0,0,True,0.35,0.07803225,1.9409402430420482,0.6629761550557829
3,3,True,0.5,0.39666608,2.6457834585,2.1602220604070057
2,2,True,0.6,0.15661708,3.1156790288318073,1.032242690309882
1,1,True,0.55,0.15401709,2.880731243665904,1.0200254816628842
2,2,True,0.55,0.080962494,2.880731243665904,0.6767452493061539
2,2,True,0.5,0.23848313,2.6457834585,1.4169275680604256
2,2,True,0.45,0.09917218,2.410835673334096,0.7623117479060313
3,3,True,0.55,0.10537753,2.880731243665904,0.7914704064822966
0,0,True,0.45,0.13511892,2.410835673334096,0.9312238195520338
2,2,False,0.6,0.05057726,3.1156790288318073,0.5339664172750367
6,6,True,0.5,0.3921078,2.6457834585,2.1388029792117154
0,0,False,0.5,0.13466991,2.6457834585,0.9291139805374
1,1,True,0.5,0.03750263,2.6457834585,0.4725293293732522
6,6,True,0.6,0.057172734,3.1156790288318073,0.5649582488163349
7,7,False,0.55,0.23959412,2.880731243665904,1.4221480402300146
4,4,False,0.6,0.06554198,3.1156790288318073,0.6042849667556803
6,6,False,0.45,0.0753544,2.410835673334096,0.650393057527497
3,3,True,0.4,0.106631614,2.175888028207952,0.7973632795564896
4,4,True,0.65,0.13506608,3.3506265339181924,0.9309755290586749
3,3,True,0.6,0.18637353,3.1156790288318073,1.1720669284879195
1,1,True,0.55,0.06537746,2.880731243665904,0.6035118772640908
7,7,True,0.6,0.14205748,3.1156790288318073,0.963827806308143
7,7,True,0.6,0.1478099,3.1156790288318073,0.990858140621538
7,7,True,0.7,0.07764203,3.5855743190840963,0.6611425444665018
7,7,True,0.6,0.23621455,3.1156790288318073,1.4062676015375966
1,1,True,0.55,0.07014743,2.880731243665904,0.6259257658999896
5,5,True,0.6,0.11289431,3.1156790288318073,0.8267914096397182
4,4,True,0.6,0.11843461,3.1156790288318073,0.8528250109658134
6,6,True,0.7,0.028969236,3.5855743190840963,0.43243128994427943
6,6,False,0.45,0.07220106,2.410835673334096,0.6355756606484393
6,6,True,0.5,0.057415128,2.6457834585,0.5660972446941823
0,0,True,0.45,0.12249419,2.410835673334096,0.8719008068676041
0,0,False,0.4,0.1314402,2.175888028207952,0.9139377317749625
7,7,True,0.45,0.11120183,2.410835673334096,0.8188385166952864
1,1,False,0.5,0.10980582,2.6457834585,0.8122787392770445
6,6,True,0.6,0.18027143,3.1156790288318073,1.1433934376579837
4,4,True,0.65,0.15131591,3.3506265339181924,1.0073327680129531
5,5,True,0.7,0.10989882,3.5855743190840963,0.8127157333461514
6,6,False,0.6,0.15636042,3.1156790288318073,1.0310366679022074
3,3,False,0.5,0.15281668,2.6457834585,1.0143848201953123
0,0,True,0.45,0.046618152,2.410835673334096,0.5153627479169843
1,1,True,0.55,0.08180298,2.880731243665904,0.6806946505998418
1,1,True,0.5,0.11998126,2.6457834585,0.8600926543577192
6,6,True,0.5,0.073274076,2.6457834585,0.6406177221645938
0,0,False,0.4,0.15246385,2.175888028207952,1.0127268894841581
4,4,False,0.6,0.09497106,3.1156790288318073,0.7425708681770635
6,6,True,0.5,0.10122154,2.6457834585,0.7719415819589515
0,0,True,0.45,0.06529759,2.410835673334096,0.6031365707089855
7,7,True,0.6,0.115975134,3.1156790288318073,0.8412680547742944
3,3,False,0.55,0.20792034,2.880731243665904,1.2733144141529356
4,4,True,0.55,0.15019333,2.880731243665904,1.00205782037697
0,0,True,0.4,0.057847902,2.175888028207952,0.5681308320598404
0,0,True,0.4,0.13692638,2.175888028207952,0.9397170208980461
0,0,False,0.4,0.0002862692,2.175888028207952,0.297651332994637
4,4,False,0.45,0.08865453,2.410835673334096,0.7128897912784771
1,1,True,0.55,0.08950856,2.880731243665904,0.7169028406427977
5,5,True,0.6,0.56593364,3.1156790288318073,2.9556026607732906
3,3,True,0.5,0.13151738,2.6457834585,0.9143003647318452
5,5,False,0.6,0.18279101,3.1156790288318073,1.1552328190342074
1,1,True,0.65,0.09792053,3.3506265339181924,0.7564302880722267
3,3,True,0.55,0.3920684,2.880731243665904,2.138617706610072
7,7,True,0.5,0.107869305,2.6457834585,0.8031791307630303
4,4,True,0.65,0.093509525,3.3506265339181924,0.735703178337912
7,7,True,0.75,0.10478631,3.82052210425,0.7886922627260202
1,1,True,0.5,0.10945496,2.6457834585,0.8106300511900085
4,4,False,0.55,0.11531231,2.880731243665904,0.8381534654961371
4,4,False,0.6,0.07573712,3.1156790288318073,0.652191448117297
2,2,True,0.6,0.1945447,3.1156790288318073,1.2104628896715974
7,7,False,0.7,5.040121e-05,3.5855743190840963,0.29654299999479944
0,0,False,0.45,0.13412498,2.410835673334096,0.9265533535373616
1,1,True,0.55,0.05571449,2.880731243665904,0.5581060333705935
7,7,False,0.65,0.14731756,3.3506265339181924,0.9885446837967835
7,7,True,0.65,0.078118615,3.3506265339181924,0.6633819902784305
1,1,True,0.65,0.2489072,3.3506265339181924,1.4659097648336252
2,2,False,0.65,0.09327221,3.3506265339181924,0.7345880417340669
6,6,True,0.5,0.07494336,2.6457834585,0.6484616291662977
4,4,False,0.75,0.0019717328,3.82052210425,0.3055712499946771
0,0,True,0.55,0.13218214,2.880731243665904,0.9174240215844215
4,4,True,0.6,0.15145096,3.1156790288318073,1.007967358182528
5,5,False,0.6,0.1987773,3.1156790288318073,1.2303516863963972
1,1,True,0.55,0.14963646,2.880731243665904,0.9994411074533049
6,6,True,0.5,0.10364401,2.6457834585,0.7833246787892154
0,0,True,0.45,0.15257013,2.410835673334096,1.0132262712660633
5,5,True,0.6,0.22163787,3.1156790288318073,1.3377724747537398
4,4,False,0.55,0.19609633,2.880731243665904,1.2177539197033176
5,5,True,0.7,0.29866824,3.5855743190840963,1.699734641189039
1,1,True,0.5,0.0973181,2.6457834585,0.7535994893664281
3,3,False,0.5,0.10091057,2.6457834585,0.7704803370898291
6,6,True,0.45,0.09135273,2.410835673334096,0.7255685009524713
5,5,True,0.65,0.16991973,3.3506265339181924,1.0947512574205285
4,4,False,0.65,0.077637896,3.3506265339181924,0.6611231139498895
5,5,True,0.75,0.14233819,3.82052210425,0.9651468408016275
4,4,False,0.65,0.13204932,3.3506265339181924,0.9167999343967993
6,6,True,0.7,0.08390388,3.5855743190840963,0.6905666834165884
2,2,False,0.65,0.064655766,3.3506265339181924,0.6001206744512426
5,5,False,0.8,0.06429364,4.055469889415903,0.5984190513351656
4,4,False,0.65,0.19107096,3.3506265339181924,1.1941399253395772
3,3,True,0.5,0.101322465,2.6457834585,0.7724158266040502
1,1,True,0.45,0.20836781,2.410835673334096,1.275417041119962
4,4,True,0.5,0.16408728,2.6457834585,1.0673448463333517
4,4,True,0.6,0.08264934,3.1156790288318073,0.684671674736065
0,0,True,0.4,0.14354388,2.175888028207952,0.970812359326487
2,2,True,0.55,0.17714255,2.880731243665904,1.128690943401487
7,7,True,0.7,0.058228243,3.5855743190840963,0.569918036973861
5,5,True,0.7,0.38392842,3.5855743190840963,2.1003683670544517
0,0,False,0.35,0.40939173,1.9409402430420482,2.2200193177365337
0,0,True,0.45,0.18759389,2.410835673334096,1.177801346574388
6,6,True,0.6,0.14245935,3.1156790288318073,0.9657161724433369
1,1,True,0.6,0.11471437,3.1156790288318073,0.8353437777840632
3,3,True,0.4,0.086019225,2.175888028207952,0.7005066005066887
4,4,True,0.55,0.21862057,2.880731243665904,1.323594289356316
1,1,False,0.55,0.3451541,2.880731243665904,1.9181696381291
2,2,True,0.7,0.12908423,3.5855743190840963,0.9028670986577877
5,5,True,0.65,0.21109599,3.3506265339181924,1.28823663079188
5,5,False,0.65,0.13584112,3.3506265339181924,0.9346174030407914
7,7,True,0.6,0.08074133,3.1156790288318073,0.675706014251886
3,3,True,0.55,0.11599881,2.880731243665904,0.841379316363112
3,3,False,0.5,0.07114375,2.6457834585,0.6306074000854716
4,4,False,0.55,0.17687665,2.880731243665904,1.1274415086684084
3,3,True,0.6,0.08371828,3.1156790288318073,0.6896945508051862
5,5,True,0.65,0.11639701,3.3506265339181924,0.8432504225979638
7,7,True,0.6,0.08854969,3.1156790288318073,0.7123971314050215
5,5,False,0.6,0.10756237,3.1156790288318073,0.8017368612813023
2,2,True,0.65,0.07203084,3.3506265339181924,0.6347758235628106
6,6,True,0.55,0.079828605,2.880731243665904,0.6714171565814908
6,6,False,0.5,0.11162043,2.6457834585,0.8208055151553652
1,1,True,0.65,0.24470913,3.3506265339181924,1.4461832741899328
3,3,True,0.45,0.11689499,2.410835673334096,0.8455904169571185
1,1,True,0.5,0.13986479,2.6457834585,0.9535244510325439
5,5,False,0.55,0.12354334,2.880731243665904,0.876830696536505
1,1,True,0.55,0.21111082,2.880731243665904,1.2883063005721653
4,4,True,0.6,0.14504692,3.1156790288318073,0.9778750545305581
0,0,True,0.55,0.09954055,2.880731243665904,0.7640426743417559
6,6,False,0.5,0.082893565,2.6457834585,0.6858192655541435
7,7,True,0.55,0.06057086,2.880731243665904,0.5809258797639293
6,6,True,0.5,0.08530712,2.6457834585,0.6971604554864168
3,3,False,0.5,0.22445662,2.6457834585,1.3510176452543765
2,2,True,0.65,0.08543919,3.3506265339181924,0.6977810416800547
3,3,True,0.55,0.1011936,2.880731243665904,0.7718102946845442
1,1,True,0.6,0.08543811,3.1156790288318073,0.6977759652387777
3,3,True,0.6,0.15368964,3.1156790288318073,1.0184867948068315
1,1,False,0.55,0.08751419,2.880731243665904,0.7075313799459109
4,4,True,0.6,0.10847108,3.1156790288318073,0.8060068485941229
1,1,False,0.55,0.14557086,2.880731243665904,0.9803370235201221
6,6,False,0.4,0.10834158,2.175888028207952,0.8053983408297303
2,2,False,0.6,0.1281992,3.1156790288318073,0.8987084079437246
2,2,False,0.65,0.1591804,3.3506265339181924,1.0442876500528575
0,0,False,0.45,0.11796166,2.410835673334096,0.8506026500045276
6,6,True,0.6,0.064185955,3.1156790288318073,0.5979130526746302
0,0,True,0.5,0.14329678,2.6457834585,0.9696512196616897
5,5,True,0.55,0.32889196,2.880731243665904,1.841754562754203
6,6,True,0.55,0.123364195,2.880731243665904,0.8759889175429457
7,7,True,0.5,0.06485943,2.6457834585,0.6010776711568216
2,2,True,0.55,0.0842039,2.880731243665904,0.6919764636741431
6,6,True,0.5,0.12593012,2.6457834585,0.8880460607449864
4,4,True,0.65,0.23926575,3.3506265339181924,1.4206050821613012
2,2,False,0.55,0.11012987,2.880731243665904,0.8138014265905894
2,2,False,0.6,0.20249057,3.1156790288318073,1.2478001502744553
5,5,True,0.6,0.036418322,3.1156790288318073,0.46743421029326726
0,0,True,0.4,0.10365576,2.175888028207952,0.7833798894643462
1,1,True,0.65,0.06484586,3.3506265339181924,0.6010139180563695
6,6,False,0.55,0.1247613,2.880731243665904,0.8825538414223444
4,4,False,0.6,0.19314934,3.1156790288318073,1.2039061581181216
4,4,False,0.6,0.064948104,3.1156790288318073,0.6014943594608202
3,3,False,0.5,0.086723715,2.6457834585,0.7038169653684418
4,4,True,0.55,0.11037473,2.880731243665904,0.8149519932535545
3,3,True,0.5,0.05493884,2.6457834585,0.5544612885734099
1,1,True,0.55,0.10559271,2.880731243665904,0.7924815285548712
7,7,True,0.65,0.12775005,3.3506265339181924,0.896597868730294
4,4,True,0.55,0.17795865,2.880731243665904,1.1325257921720122
4,4,True,0.6,0.12178582,3.1156790288318073,0.8685722018271931
6,6,False,0.4,0.12980182,2.175888028207952,0.906239046003723
2,2,True,0.75,0.1697031,3.82052210425,1.0937333084096847
5,5,True,0.65,0.3464397,3.3506265339181924,1.9242105332289448
7,7,True,0.55,0.23384279,2.880731243665904,1.3951228173678365
1,1,False,0.45,0.10289969,2.410835673334096,0.7798271507890672
7,7,True,0.6,0.09892764,3.1156790288318073,0.7611626516605395
5,5,True,0.65,0.10548973,3.3506265339181924,0.7919976211663762
2,2,True,0.6,0.098733336,3.1156790288318073,0.7602496274394019
4,4,False,0.7,0.09509064,3.5855743190840963,0.7431327777115264
5,5,True,0.6,0.113455474,3.1156790288318073,0.8294282882887324
6,6,True,0.5,0.12780924,2.6457834585,0.8968759876923982
5,5,True,0.6,0.10768501,3.1156790288318073,0.8023131248911004
0,0,True,0.45,0.07429223,2.410835673334096,0.6454019704837524
0,0,True,0.4,0.061029658,2.175888028207952,0.5830817568494553
5,5,True,0.65,0.20153211,3.3506265339181924,1.2432964015933101
0,0,True,0.35,0.05478441,1.9409402430420482,0.5537356200453365
0,0,False,0.45,0.12694518,2.410835673334096,0.8928158149490504
0,0,False,0.4,0.15203875,2.175888028207952,1.0107293623565372
6,6,False,0.5,0.104068495,2.6457834585,0.7853193000918295
6,6,False,0.4,0.1184625,2.175888028207952,0.8529560881805817
4,4,True,0.55,0.22312681,2.880731243665904,1.3447689311516302
1,1,True,0.5,0.29553422,2.6457834585,1.6850080600939312
4,4,True,0.55,0.08514428,2.880731243665904,0.6963952782412317
1,1,False,0.6,0.11459091,3.1156790288318073,0.8347636630808826
2,2,True,0.65,0.084960006,3.3506265339181924,0.6955293773991214
3,3,True,0.5,0.08838984,2.6457834585,0.7116460281556528
1,1,True,0.55,0.051685832,2.880731243665904,0.5391755462241168
2,2,True,0.6,0.10602218,3.1156790288318073,0.7944995715072396
2,2,False,0.7,0.115517415,3.5855743190840963,0.8391172541300456
3,3,True,0.6,0.17367208,3.1156790288318073,1.1123833834429977
6,6,True,0.55,0.31782672,2.880731243665904,1.7897594805780865
7,7,True,0.6,0.07586045,3.1156790288318073,0.6527709676515004
7,7,True,0.6,0.061314136,3.1156790288318073,0.5844185063724997
4,4,False,0.55,0.10294913,2.880731243665904,0.7800594417399184
1,1,True,0.5,0.111793995,2.6457834585,0.8216210717039828
6,6,False,0.5,0.06455224,2.6457834585,0.599634211337139
3,3,True,0.55,0.106434345,2.880731243665904,0.7964363213792949
7,7,True,0.65,0.1353004,3.3506265339181924,0.9320765916667034
4,4,True,0.6,0.11534978,3.1156790288318073,0.8383295304836023
0,0,False,0.45,0.16210307,2.410835673334096,1.0580211391944094
2,2,True,0.55,0.14663154,2.880731243665904,0.9853211085758984
3,3,True,0.55,0.12161339,2.880731243665904,0.8677619667894314
7,7,True,0.75,0.13271406,3.82052210425,0.9199235212294959
3,3,True,0.6,0.08053386,3.1156790288318073,0.6747311274670478
7,7,True,0.55,0.062272016,2.880731243665904,0.588919541783307
5,5,True,0.65,0.06321161,3.3506265339181924,0.5933346628017422
7,7,True,0.6,0.070472874,3.1156790288318073,0.6274550000722849
6,6,False,0.65,0.08102337,3.3506265339181924,0.6770313155246022
4,4,False,0.6,0.13153243,3.1156790288318073,0.9143710848103258
3,3,False,0.5,0.10508614,2.6457834585,0.7901011677350789
0,0,True,0.45,0.06645842,2.410835673334096,0.6085912593761169
6,6,True,0.6,0.12109519,3.1156790288318073,0.8653269554535458
0,0,True,0.5,0.17756224,2.6457834585,1.1306630533127828
0,0,False,0.5,0.15617937,2.6457834585,1.0301859263640485
5,5,True,0.6,0.5915367,3.1156790288318073,3.075910257887048
5,5,True,0.7,0.36955136,3.5855743190840963,2.03281122657884
4,4,False,0.55,0.121023,2.880731243665904,0.8649877441464173
1,1,False,0.45,0.09675208,2.410835673334096,0.750939784236637
1,1,True,0.6,0.07011373,3.1156790288318073,0.6257674159420845
3,3,True,0.55,0.1964356,2.880731243665904,1.2193481323239594
3,3,True,0.5,0.099520475,2.6457834585,0.7639483575638217
6,6,True,0.6,0.2859905,3.1156790288318073,1.640162567792574
5,5,True,0.7,0.06285726,3.5855743190840963,0.5916695900628601
6,6,True,0.5,0.06687795,2.6457834585,0.610562634078676
5,5,True,0.65,0.13920867,3.3506265339181924,0.9504414057101842
3,3,True,0.55,0.0849275,2.880731243665904,0.695376629031591
1,1,False,0.5,0.2885451,2.6457834585,1.6521664958860547
1,1,True,0.6,0.09986435,3.1156790288318073,0.7655642063272861
6,6,False,0.55,0.376831,2.880731243665904,2.067017898361033
2,2,True,0.8,0.078092895,4.055469889415903,0.6632611359660961
1,1,True,0.65,0.16684182,3.3506265339181924,1.0802883011724305
1,1,True,0.55,0.12083996,2.880731243665904,0.8641276549543208
5,5,True,0.65,0.1103267,3.3506265339181924,0.8147263191813334
4,4,False,0.6,0.8106356,3.1156790288318073,4.105446158420975
1,1,True,0.4,0.119952455,2.175888028207952,0.8599573059302903
0,0,True,0.5,0.10139963,2.6457834585,0.772778424550993
0,0,True,0.6,0.09482814,3.1156790288318073,0.7418993075110157
5,5,False,0.6,0.064052045,3.1156790288318073,0.5972838190258514
1,1,False,0.55,0.1241797,2.880731243665904,0.8798209305083438
4,4,True,0.6,0.2601761,3.1156790288318073,1.5188618087053807
1,1,True,0.65,0.105387904,3.3506265339181924,0.7915191403185565
0,0,True,0.4,0.18021598,2.175888028207952,1.14313289368568
3,3,True,0.5,0.113215685,2.6457834585,0.8283015283848598
5,2,True,0.8,0.049971726,4.055469889415903,0.5311210369292939
2,2,True,0.65,0.07078915,3.3506265339181924,0.6289411720185747
7,7,True,0.65,0.055781513,3.3506265339181924,0.5584209652844416
4,4,True,0.55,0.10197124,2.880731243665904,0.7754643871356656
4,4,False,0.6,0.06103927,3.1156790288318073,0.5831269196718514
3,3,True,0.65,0.12089633,3.3506265339181924,0.8643925401591648
4,4,True,0.65,0.1509842,3.3506265339181924,1.0057740554713108
5,5,True,0.6,0.120185845,3.1156790288318073,0.8610539922958387
5,5,True,0.65,0.047933843,3.3506265339181924,0.5215451181837303
0,0,True,0.5,0.16936253,2.6457834585,1.0921330040595103
2,2,False,0.55,0.5786554,2.880731243665904,3.015381712934101
6,6,False,0.45,0.2477071,2.410835673334096,1.4602705737835269
5,5,True,0.65,0.1254139,3.3506265339181924,0.8856203620530987
7,7,True,0.55,0.04791683,2.880731243665904,0.5214651729861012
1,1,False,0.55,0.1273173,2.880731243665904,0.8945643513845155
0,0,True,0.55,0.12056779,2.880731243665904,0.8628487418518952
6,6,True,0.55,0.1804023,2.880731243665904,1.144008352241367
6,6,True,0.5,0.066996194,2.6457834585,0.6111182418239673
6,6,True,0.5,0.116681926,2.6457834585,0.844589237707459
0,0,True,0.5,0.108532146,2.6457834585,0.8062937900610673
4,4,True,0.5,0.09555157,2.6457834585,0.7452986676398472
0,0,False,0.35,0.11239022,1.9409402430420482,0.8244227071298931
7,7,True,0.55,0.05944252,2.880731243665904,0.5756238694444484
0,0,False,0.4,0.097603686,2.175888028207952,0.7549414553705089
6,6,True,0.5,0.14896053,2.6457834585,0.9962649356909657
6,6,False,0.45,0.047678273,2.410835673334096,0.5203442072272725
4,4,True,0.55,0.07219093,2.880731243665904,0.6355280821401941
1,1,True,0.55,0.055071123,2.880731243665904,0.5550828725503334
4,4,True,0.6,0.1015185,3.1156790288318073,0.7733369731312311
3,3,True,0.5,0.08455735,2.6457834585,0.6936373002103042
0,0,True,0.5,0.090880685,2.6457834585,0.7233503761939063
4,4,True,0.6,0.12143731,3.1156790288318073,0.8669345768811472
4,4,True,0.5,0.18377513,2.6457834585,1.159857141948168
6,6,True,0.45,0.106645785,2.410835673334096,0.7974298684620689
4,4,False,0.6,0.11775713,3.1156790288318073,0.8496415571359871
4,4,True,0.75,0.21092016,3.82052210425,1.2874103962116106
1,1,False,0.45,0.102880396,2.410835673334096,0.7797364750448765
5,5,True,0.6,0.20970148,3.1156790288318073,1.2816838903715464
4,4,True,0.6,0.14853464,3.1156790288318073,0.9942636975097215
2,2,True,0.6,0.043870058,3.1156790288318073,0.5024495766758688
4,4,False,0.6,0.091478266,3.1156790288318073,0.7261583834288678
6,6,True,0.6,0.12066993,3.1156790288318073,0.8633286931171881
5,5,True,0.7,0.08560954,3.5855743190840963,0.6985815089446006
0,0,True,0.4,0.06266344,2.175888028207952,0.5907588414878123
0,0,False,0.45,0.13583602,2.410835673334096,0.9345934562419396
3,3,True,0.45,0.069714576,2.410835673334096,0.6238917934249932
5,5,True,0.65,0.15180519,3.3506265339181924,1.0096318707623726
1,1,True,0.55,0.123166606,2.880731243665904,0.8750604539383379
1,1,True,0.6,0.09533346,3.1156790288318073,0.7442737516509749
1,1,True,0.55,0.07927625,2.880731243665904,0.6688216596813698
2,2,True,0.6,0.14375146,3.1156790288318073,0.9717877362504831
7,7,True,0.5,0.09501883,2.6457834585,0.7427953169013901
2,2,True,0.55,0.06252561,2.880731243665904,0.5901111576007367
0,0,True,0.45,0.07511586,2.410835673334096,0.6492721792935179
1,1,True,0.65,0.2711678,3.3506265339181924,1.570511412795137
0,0,False,0.55,0.12226249,2.880731243665904,0.8708120677583998
6,6,True,0.5,0.056398645,2.6457834585,0.5613208386015482
3,3,True,0.65,0.19351797,3.3506265339181924,1.2056383099017407
0,0,True,0.55,0.05082268,2.880731243665904,0.5351196271884597
0,0,True,0.35,0.43918866,1.9409402430420482,2.360033729907793
0,0,False,0.5,0.23960984,2.6457834585,1.422221911203081
1,1,True,0.6,0.07516683,3.1156790288318073,0.6495116822919765
5,5,True,0.6,0.07529555,3.1156790288318073,0.6501165490226255
1,1,True,0.6,0.07904307,3.1156790288318073,0.667725953594137
0,0,True,0.5,0.06922564,2.6457834585,0.6215943011328067
6,6,False,0.4,0.09819233,2.175888028207952,0.7577074506776602
2,2,True,0.6,0.07797775,3.1156790288318073,0.6627200573458392
5,5,False,0.6,0.08076859,3.1156790288318073,0.6758341156217678
7,7,False,0.75,0.08840975,3.82052210425,0.7117395747149105
2,2,False,0.6,0.17404738,3.1156790288318073,1.1141469041327152
4,4,True,0.6,0.1664288,3.1156790288318073,1.0783475601672332
1,1,True,0.65,0.04021155,3.3506265339181924,0.48525841835067884
6,6,True,0.45,0.06641575,2.410835673334096,0.6083907574506422
3,3,True,0.65,0.08844523,3.3506265339181924,0.7119062920484377
1,1,True,0.6,0.14909655,3.1156790288318073,0.9969040771527199
7,7,False,0.45,0.7843883,2.410835673334096,3.9821111817892065
3,3,True,0.5,0.06907963,2.6457834585,0.6209082113417245
2,2,False,0.6,0.16108395,3.1156790288318073,1.0532323395830714
7,7,False,0.65,0.115588024,3.3506265339181924,0.8394490433299275
2,2,True,0.8,0.08740394,4.055469889415903,0.7070133028561301
6,6,True,0.5,0.08378073,2.6457834585,0.6899880041209412
3,3,True,0.6,0.0772752,3.1156790288318073,0.6594188300783845
4,4,True,0.75,0.19156103,3.82052210425,1.1964427391426198
2,2,True,0.7,0.09024283,3.5855743190840963,0.7203531402340992
7,7,True,0.7,0.07167611,3.5855743190840963,0.6331089653169967
7,7,True,0.65,0.07493969,3.3506265339181924,0.6484443692659556
6,6,True,0.5,0.18143839,2.6457834585,1.148876904495665
6,6,True,0.55,0.10539124,2.880731243665904,0.7915348247716056
1,1,False,0.55,0.23437555,2.880731243665904,1.3976262381261733
5,5,True,0.6,0.37764227,3.1156790288318073,2.0708300606905405
0,0,True,0.5,0.07305472,2.6457834585,0.6395869945257076
6,6,True,0.55,0.12054208,2.880731243665904,0.8627279225495007
3,3,True,0.55,0.06771009,2.880731243665904,0.6144727892298012
6,6,True,0.5,0.56297356,2.6457834585,2.9416933517138526
5,5,True,0.6,0.123285696,3.1156790288318073,0.8756200528167712
2,2,True,0.7,0.10882244,3.5855743190840963,0.8076578823471282
3,3,False,0.45,0.03968233,2.410835673334096,0.482771627313767
4,4,True,0.6,0.10429857,3.1156790288318073,0.7864004070341482
2,2,True,0.6,0.2855298,3.1156790288318073,1.6379976931525086
1,1,True,0.55,0.067648284,2.880731243665904,0.6141823817788123
1,1,True,0.7,0.19360147,3.5855743190840963,1.2060307013074891
7,7,True,0.6,0.03893607,3.1156790288318073,0.4792649967292599
3,3,True,0.5,0.11606948,2.6457834585,0.8417113856425128
5,5,True,0.6,0.06809297,3.1156790288318073,0.6162719500382777
2,2,True,0.5,0.10952245,2.6457834585,0.8109471712250967
6,6,True,0.55,0.08805744,2.880731243665904,0.710084094699545
7,7,True,0.55,0.061815143,2.880731243665904,0.5867727147672301
0,0,False,0.7,0.1849743,3.5855743190840963,1.165491991765726
2,2,True,0.7,0.07250117,3.5855743190840963,0.6369858610252721
1,1,True,0.55,0.16997671,2.880731243665904,1.0950190134404396
7,7,False,0.5,0.22407997,2.6457834585,1.3492477527556077
4,4,False,0.6,0.15299495,3.1156790288318073,1.0152224680159703
7,7,True,0.5,0.1430364,2.6457834585,0.9684276922840941
1,1,True,0.55,0.06481428,2.880731243665904,0.6008655109213796
0,0,True,0.55,0.10746913,2.880731243665904,0.8012987118841807
7,7,True,0.55,0.05383621,2.880731243665904,0.5492800800513538
6,6,False,0.45,0.14665511,2.410835673334096,0.9854318800255581
4,4,True,0.8,0.13168304,4.055469889415903,0.9150787757342905
1,1,True,0.55,0.1350983,2.880731243665904,0.9311269120385514
2,2,True,0.5,0.13215826,2.6457834585,0.917311849737168
1,1,True,0.6,0.069997996,3.1156790288318073,0.6252235715365801
6,6,True,0.5,0.077287376,2.6457834585,0.6594760363200862
6,6,False,0.5,0.12815738,2.6457834585,0.8985118621414521
3,3,True,0.55,0.0748118,2.880731243665904,0.6478434236485688
5,5,True,0.7,0.15122385,3.5855743190840963,1.0069001851962662
7,7,True,0.45,0.042122792,2.410835673334096,0.49423925564377935
3,3,True,0.45,0.18604517,2.410835673334096,1.170523970419206
2,2,True,0.6,0.10914943,3.1156790288318073,0.8091943985869107
6,6,True,0.45,0.07296134,2.410835673334096,0.6391481799397289
3,3,False,0.5,0.1310302,2.6457834585,0.9120111347854613
3,3,True,0.55,0.070959695,2.880731243665904,0.6297425495415564
6,6,False,0.45,0.13317657,2.410835673334096,0.9220967982551234
6,6,False,0.5,0.1431169,2.6457834585,0.9688060096940259
6,6,False,0.5,0.13557456,2.6457834585,0.9333648874330066
0,0,False,0.5,0.4877346,2.6457834585,2.588148835174387
1,1,True,0.55,0.07170906,2.880731243665904,0.6332637792709777
0,0,True,0.45,0.0701655,2.410835673334096,0.6260106650041063
2,2,True,0.6,0.27875265,3.1156790288318073,1.6061522317530144
2,2,False,0.55,0.11937322,2.880731243665904,0.8572354931672196
6,6,True,0.5,0.2607414,2.6457834585,1.5215182229008268
1,1,True,0.55,0.07349507,2.880731243665904,0.6416561519902451
6,6,True,0.55,0.10691937,2.880731243665904,0.7987154334530644
6,6,True,0.45,0.15906852,2.410835673334096,1.0437619407961911
1,1,True,0.55,0.08913843,2.880731243665904,0.7151636168513305
6,6,False,0.5,0.11994569,2.6457834585,0.8599255169049138
3,3,False,0.6,0.31491327,3.1156790288318073,1.7760693337420592
7,7,True,0.5,0.2029121,2.6457834585,1.249780942650832
5,5,True,0.65,0.096445374,3.3506265339181924,0.7494986000630441
5,5,False,0.65,0.19530772,3.3506265339181924,1.214048257610809
2,2,True,0.8,0.10708272,4.055469889415903,0.7994829913741588
4,4,True,0.6,0.12258621,3.1156790288318073,0.8723332146345917
4,4,True,0.5,0.09968746,2.6457834585,0.764733000335559
7,7,True,0.7,0.07958934,3.5855743190840963,0.6702928473734071
6,6,False,0.55,0.37784854,2.880731243665904,2.0717992758651245
0,0,False,0.4,0.10229174,2.175888028207952,0.7769704097178457
4,4,True,0.6,0.16232236,3.1156790288318073,1.059051551743837
1,1,True,0.6,0.11857283,3.1156790288318073,0.8534745153697608
7,7,True,0.5,0.6151425,2.6457834585,3.186832950487019
1,1,True,0.6,0.086263575,3.1156790288318073,0.7016547864937444
7,7,True,0.55,0.0913055,2.880731243665904,0.7253465729438133
7,7,True,0.65,0.12691054,3.3506265339181924,0.8926530187287854
2,2,True,0.75,0.12691669,3.82052210425,0.8926819369390948
7,7,False,0.5,0.049643002,2.6457834585,0.5295763808784981
1,1,True,0.6,0.11707229,3.1156790288318073,0.8464235484955368
6,6,False,0.5,0.25072443,2.6457834585,1.47444889922071
4,4,True,0.65,0.06954698,3.3506265339181924,0.623104279838189
3,3,True,0.5,0.10458078,2.6457834585,0.7877265135354807
0,0,True,0.35,0.19074576,1.9409402430420482,1.192611811485357
5,5,True,0.95,0.18499312,4.760312964834096,1.1655804268737668
3,3,False,0.55,0.11513735,2.880731243665904,0.837331362088769
7,7,True,0.55,0.14648996,2.880731243665904,0.9846558496990221
0,0,True,0.45,0.15907514,2.410835673334096,1.0437930296227709
2,2,False,0.65,0.058970626,3.3506265339181924,0.5734064623896503
2,2,True,0.55,0.06914179,2.880731243665904,0.6212002992698257
1,1,True,0.6,0.0627261,3.1156790288318073,0.5910532750818829
4,4,True,0.55,0.43150532,2.880731243665904,2.323930079545205
4,4,True,0.8,0.26223212,4.055469889415903,1.5285230116643993
3,3,True,0.6,0.10245671,3.1156790288318073,0.7777455998058256
1,1,True,0.6,0.12701684,3.1156790288318073,0.89315254055045
0,0,True,0.4,0.1146376,2.175888028207952,0.834983035363932
6,6,False,0.5,0.13047887,2.6457834585,0.9094204692570385
6,6,True,0.6,0.070064425,3.1156790288318073,0.6255357201602108
3,3,True,0.5,0.07577253,2.6457834585,0.6523578503613657
7,7,False,0.6,0.27859062,3.1156790288318073,1.6053908355813322
1,1,True,0.45,0.08428396,2.410835673334096,0.6923526804876845
3,3,True,0.5,0.15225111,2.6457834585,1.0117272156619117
3,3,False,0.5,0.516495,2.6457834585,2.723292664514837
5,5,False,0.7,0.29862007,3.5855743190840963,1.699508336937901
6,6,True,0.6,0.11174323,3.1156790288318073,0.8213825139738999
5,5,False,0.65,0.19022739,3.3506265339181924,1.1901760299307949
0,0,False,0.45,0.18074426,2.410835673334096,1.1456152384602318
3,3,False,0.45,0.18493599,2.410835673334096,1.165311970655059
0,0,True,0.5,0.07440532,2.6457834585,0.6459333863606129
7,7,True,0.5,0.12799358,2.6457834585,0.8977422036239672
1,1,True,0.5,0.07769416,2.6457834585,0.6613875090155759
2,2,True,0.65,0.14315246,3.3506265339181924,0.9689730771269516
5,5,True,0.65,0.13573089,3.3506265339181924,0.93409946599077
2,2,True,0.6,0.110324614,3.1156790288318073,0.8147165163981777
3,3,True,0.6,0.07203376,3.1156790288318073,0.6347895474592287
1,1,True,0.6,0.13168854,3.1156790288318073,0.9151046130698939
4,4,True,0.65,0.09395823,3.3506265339181924,0.7378116169549522
5,5,False,0.6,0.10551751,3.1156790288318073,0.7921281382221068
5,5,False,0.6,0.05009116,3.1156790288318073,0.53168224626496
7,7,True,0.55,0.077168785,2.880731243665904,0.6589187831076224
3,3,True,0.6,0.23304568,3.1156790288318073,1.3913772439439083
3,3,True,0.5,0.07265584,2.6457834585,0.6377126673763904
2,2,False,0.6,0.10574064,3.1156790288318073,0.7931766159004928
1,1,True,0.6,0.09940623,3.1156790288318073,0.7634115151462857
1,1,True,0.65,0.08797493,3.3506265339181924,0.7096963596157957
1,1,True,0.45,0.10891926,2.410835673334096,0.808112836515374
5,5,False,0.7,0.0024633936,3.5855743190840963,0.3078815417020577
6,6,False,0.5,0.114883125,2.6457834585,0.8361367529214828
6,6,False,0.55,0.08649027,2.880731243665904,0.7027200339333146
6,6,True,0.45,0.27077234,2.410835673334096,1.5686530851883274
2,2,True,0.55,0.096289024,2.880731243665904,0.7487639164754613
2,2,False,0.6,0.10144534,3.1156790288318073,0.7729932105319233
5,5,True,0.65,0.14083649,3.3506265339181924,0.9580904473867279
7,7,True,0.6,0.20983611,3.1156790288318073,1.28231651998449
2,2,True,0.55,0.0957563,2.880731243665904,0.7462606707668237
6,6,False,0.6,0.29512745,3.1156790288318073,1.6830966574183215
4,4,False,0.6,0.06855605,3.1156790288318073,0.618447922829273
5,5,True,0.7,0.080252886,3.5855743190840963,0.6734108326157291
0,0,True,0.4,0.059782278,2.175888028207952,0.57722037521615
6,6,True,0.5,0.098238714,2.6457834585,0.757925422563116
0,0,True,0.45,0.074398465,2.410835673334096,0.6459011772159584
7,7,True,0.65,0.097628355,3.3506265339181924,0.7550573732813256
3,3,True,0.55,0.09563045,2.880731243665904,0.7456693178729537
2,2,True,0.5,0.08975617,2.6457834585,0.7180663259735645
2,2,True,0.6,0.08808031,3.1156790288318073,0.7101915402049199
3,3,True,0.45,0.09726988,2.410835673334096,0.7533729050357711
4,4,True,0.65,0.1769217,3.3506265339181924,1.1276531787646928
5,2,True,0.8,0.40604794,4.055469889415903,2.204306996775237
4,4,True,0.7,0.122860625,3.5855743190840963,0.8736226657289097
6,6,True,0.45,0.08834826,2.410835673334096,0.7114506376813949
4,4,True,0.55,0.108723626,2.880731243665904,0.8071935455150048
0,0,False,0.4,0.12218515,2.175888028207952,0.8704486295729008
6,6,False,0.5,0.24850556,2.6457834585,1.4640225190165064
1,1,True,0.55,0.0509852,2.880731243665904,0.5358832990062317
6,6,False,0.55,0.1598337,2.880731243665904,1.047357461617957
2,2,False,0.8,0.104033396,4.055469889415903,0.7851543682652342
6,6,True,0.5,0.121132806,2.6457834585,0.8655037206398076
3,3,True,0.5,0.07172612,2.6457834585,0.6333439520332156
2,2,False,0.55,0.094514474,2.880731243665904,0.7404253890436707
5,5,True,0.6,0.15288088,3.1156790288318073,1.0146864658369905
6,6,True,0.5,0.14324786,2.6457834585,0.9694213443966876
0,0,True,0.4,0.25358313,2.175888028207952,1.487881793018779
2,2,True,0.6,0.12780203,3.1156790288318073,0.8968420980706312
6,6,False,0.55,0.07447489,2.880731243665904,0.6462603091788568
0,0,False,0.45,0.091593385,2.410835673334096,0.7266993220093654
6,6,True,0.45,0.13600147,2.410835673334096,0.9353708869660693
1,1,True,0.45,0.059465613,2.410835673334096,0.5757323827529885
3,3,False,0.45,0.10514121,2.410835673334096,0.7903599262004505
4,4,False,0.55,0.11122049,2.880731243665904,0.8189261815846506
2,2,True,0.8,0.095933735,4.055469889415903,0.7470944324841592
2,2,True,0.7,0.40624574,3.5855743190840963,2.2052364406581604
6,7,True,0.35,0.25759336,1.9409402430420482,1.5067256830790567
5,5,True,0.65,0.13833992,3.3506265339181924,0.9463591767047359
6,6,True,0.5,0.09474151,2.6457834585,0.7414922119305338
4,4,True,0.5,0.095412366,2.6457834585,0.7446445419238408
6,6,True,0.45,0.3853924,2.410835673334096,2.1072475401538715
1,1,False,0.55,0.21729483,2.880731243665904,1.3173646906807235
7,7,False,0.65,0.09609973,3.3506265339181924,0.7478744189338975
0,0,True,0.65,0.064759955,3.3506265339181924,0.6006102534499921
2,2,True,0.7,0.049172018,3.5855743190840963,0.5273632450363608
3,3,True,0.5,0.09482256,2.6457834585,0.7418730850660742
4,4,False,0.65,0.13641973,3.3506265339181924,0.9373362749689154
1,1,True,0.6,0.15689471,3.1156790288318073,1.0335473007081517
1,1,True,0.55,0.060253765,2.880731243665904,0.5794358742292268
5,5,True,0.65,0.1573648,3.3506265339181924,1.035756217852538
2,2,True,0.65,0.0642695,3.3506265339181924,0.5983056191300777
2,2,True,0.65,0.090514645,3.3506265339181924,0.7216303728594123
3,3,True,0.55,0.16577554,2.880731243665904,1.0752778886418932
7,7,True,0.65,0.08082234,3.3506265339181924,0.6760866773277874
1,1,True,0.45,0.11185764,2.410835673334096,0.8219201266101126
6,6,False,0.5,0.08830016,2.6457834585,0.7112246135097755
7,7,False,0.6,0.074532956,3.1156790288318073,0.6465331416400449
0,0,True,0.5,0.06679298,2.6457834585,0.6101633457147788
4,4,True,0.65,0.156936,3.3506265339181924,1.0337413257947556
5,5,True,0.65,0.13467823,3.3506265339181924,0.9291530516302636
1,1,True,0.5,0.07579063,2.6457834585,0.6524428895052418
0,0,False,0.55,0.09738509,2.880731243665904,0.7539142987454868
1,1,True,0.45,0.059047636,2.410835673334096,0.5737683251278565
2,2,True,0.6,0.10186612,3.1156790288318073,0.7749704318944358
0,0,True,0.5,0.07035229,2.6457834585,0.6268883992058832
3,3,True,0.5,0.21533623,2.6457834585,1.3081613477149576
6,6,True,0.45,0.1758756,2.410835673334096,1.122737643171127
0,0,True,0.35,0.06356158,1.9409402430420482,0.5949791496959971
2,2,True,0.55,0.09742418,2.880731243665904,0.7540979608898974
2,2,True,0.6,0.05643858,3.1156790288318073,0.561508491879101
3,3,True,0.4,0.091605775,2.175888028207952,0.7267575435393225
3,3,False,0.6,0.11992584,3.1156790288318073,0.859832250425175
1,1,True,0.55,0.099926546,2.880731243665904,0.7658564693050864
2,2,True,0.65,0.11220025,3.3506265339181924,0.8235300586937435
1,1,True,0.6,0.21868253,3.1156790288318073,1.3238854320160416
2,2,True,0.75,0.154302,3.82052210425,1.0213642617624394
4,4,False,0.6,0.17885451,3.1156790288318073,1.1367353873386055
1,1,True,0.55,0.14072053,2.880731243665904,0.9575455526830282
2,2,True,0.6,0.15767789,3.1156790288318073,1.0372274055445754
2,2,True,0.65,0.08925274,3.3506265339181924,0.7157007393483853
6,6,True,0.6,0.202164,3.1156790288318073,1.246265594591304
7,7,True,0.6,0.053309605,3.1156790288318073,0.5468055775033264
6,6,True,0.5,0.04092929,2.6457834585,0.488631048390441
0,0,False,0.5,0.26073578,2.6457834585,1.5214917553863063
3,3,True,0.45,0.14354257,2.410835673334096,0.9708061975770749
6,6,True,0.5,0.099914245,2.6457834585,0.7657986678944074
0,0,True,0.5,0.099965125,2.6457834585,0.7660377507735879
6,6,True,0.6,0.14942798,3.1156790288318073,0.9984614593166482
4,4,False,0.6,0.04974139,3.1156790288318073,0.5300387046390808
3,3,True,0.55,0.12276181,2.880731243665904,0.8731583288967862
7,7,False,0.7,0.5114411,3.5855743190840963,2.699544722121262
7,7,True,0.6,0.08709282,3.1156790288318073,0.7055513577882109
4,4,True,0.6,0.10692247,3.1156790288318073,0.7987299975880386
0,0,True,0.5,0.1390377,2.6457834585,0.9496379976106917
5,5,True,0.8,0.451533,4.055469889415903,2.4180391785162114
3,3,True,0.4,0.0963825,2.175888028207952,0.749203151180718
6,6,False,0.5,0.20704843,2.6457834585,1.269217340932994
4,4,True,0.55,0.061970193,2.880731243665904,0.5875012891203106
7,7,True,0.75,0.15082212,3.82052210425,1.0050124492399897
4,4,False,0.55,0.16903694,2.880731243665904,1.0906030696884181
3,3,True,0.65,0.05549611,3.3506265339181924,0.5570798745288568
5,5,True,0.6,0.7101198,3.1156790288318073,3.6331267799340314
3,3,True,0.45,0.14522585,2.410835673334096,0.9787158532458018
4,4,False,0.65,0.21464074,3.3506265339181924,1.3048932398505935
5,5,True,0.65,0.229859,3.3506265339181924,1.376403142574118
5,5,False,0.7,0.17295775,3.5855743190840963,1.109026770450713
2,2,True,0.65,0.32853553,3.3506265339181924,1.8400796872321652
3,3,True,0.55,0.098982036,2.880731243665904,0.7614182592313254
7,7,True,0.65,0.09385857,3.3506265339181924,0.7373433239996265
2,2,True,0.75,0.25169256,3.82052210425,1.47899809080377
6,6,False,0.4,0.251144,2.175888028207952,1.4764203789530888
6,6,True,0.65,0.06481257,3.3506265339181924,0.6008574936451558
6,6,True,0.45,0.38580906,2.410835673334096,2.1092054360295913
1,1,True,0.5,0.09370232,2.6457834585,0.7366090955412616
6,6,False,0.55,0.08351104,2.880731243665904,0.688720749328483
2,2,False,0.6,0.32522354,3.1156790288318073,1.8245167886941134
3,3,True,0.55,0.09563214,2.880731243665904,0.7456772651292978
6,6,True,0.45,0.19421563,2.410835673334096,1.208916570648659
0,0,False,0.4,0.097606994,2.175888028207952,0.7549569997837988
1,1,True,0.5,0.07939529,2.6457834585,0.6693810134902243
1,1,True,0.55,0.18042558,2.880731243665904,1.144117793313313
7,7,True,0.55,0.120347984,2.880731243665904,0.8618158786066786
0,0,False,0.4,0.13125151,2.175888028207952,0.9130510700385259
3,3,True,0.5,0.071567416,2.6457834585,0.6325982053046428
1,1,True,0.6,0.080619864,3.1156790288318073,0.6751352472026432
6,6,True,0.45,0.15149018,2.410835673334096,1.0081516505058559
4,4,True,0.65,0.13285302,3.3506265339181924,0.9205764566075479
1,1,False,0.45,0.16499457,2.410835673334096,1.0716081467476624
2,2,True,0.6,0.08737111,3.1156790288318073,0.7068590490611866
0,0,False,0.55,0.15101661,2.880731243665904,1.0059263487096233
7,7,True,0.6,0.08267456,3.1156790288318073,0.68479018338243
4,4,False,0.55,0.08267084,2.880731243665904,0.684772678412509
1,1,True,0.45,0.16318393,2.410835673334096,1.0631000311672776
2,2,False,0.65,0.2858645,3.3506265339181924,1.6395704796899673
6,6,False,0.45,0.2151343,2.410835673334096,1.307212438305482
4,4,True,0.5,0.1695456,2.6457834585,1.0929932683013062
7,7,True,0.55,0.19364384,2.880731243665904,1.2062297678254303
4,4,True,0.55,0.13390946,2.880731243665904,0.9255406560174939
3,3,True,0.5,0.12755765,2.6457834585,0.8956937720438161
4,4,True,0.6,0.21281691,3.1156790288318073,1.2963231566766884
3,3,False,0.5,0.05092491,2.6457834585,0.5355999985730309
5,5,True,0.7,0.06713914,3.5855743190840963,0.6117899425297745
3,3,True,0.55,0.1637029,2.880731243665904,1.0655386835369067
7,7,True,0.55,0.17266974,2.880731243665904,1.1076734262161836
7,7,False,0.6,0.17520824,3.1156790288318073,1.1196017328396057
3,3,False,0.45,0.10537917,2.410835673334096,0.7914781086690618
7,7,False,0.65,0.08568085,3.3506265339181924,0.6989165890788277
2,2,True,0.6,0.08031659,3.1156790288318073,0.6737101676013776
7,7,True,0.6,0.1316442,3.1156790288318073,0.9148963039278344
7,7,True,0.6,0.09945583,3.1156790288318073,0.7636446113257532
4,4,True,0.6,0.09818039,3.1156790288318073,0.7576513647540334
1,1,True,0.8,0.09158615,4.055469889415903,0.726665327357779
5,5,True,0.65,0.20150106,3.3506265339181924,1.243150480164049
4,4,False,0.6,0.22180636,3.1156790288318073,1.3385641895333251
1,1,True,0.7,0.15776357,3.5855743190840963,1.0376300198527577
4,4,True,0.7,0.117191,3.5855743190840963,0.8469813618670382
2,2,True,0.6,0.055731803,3.1156790288318073,0.5581873789658163
3,3,True,0.5,0.2392198,2.6457834585,1.4203891408523561
4,4,False,0.6,0.12885831,3.1156790288318073,0.9018055272619008
1,1,False,0.55,0.05662912,2.880731243665904,0.5624038360806185
7,7,True,0.55,0.059386134,2.880731243665904,0.5753589142197248
7,7,False,0.55,0.20727387,2.880731243665904,1.2702766716927312
0,0,True,0.45,0.07709659,2.410835673334096,0.658579536790554
4,4,False,0.55,0.0574957,2.880731243665904,0.5664758421836329
0,0,True,0.5,0.067161515,2.6457834585,0.6118950773791199
4,4,True,0.6,0.12457296,3.1156790288318073,0.8816688601630202
7,7,True,0.6,0.066904,3.1156790288318073,0.6106850288283633
3,3,True,0.6,0.21240237,3.1156790288318073,1.2943752736437633
6,6,False,0.55,0.7008582,2.880731243665904,3.5896069039948486
0,0,True,0.45,0.115818724,2.410835673334096,0.8405330911071929
2,2,True,0.6,0.10403852,3.1156790288318073,0.7851784551038454
1,1,False,0.5,0.15192556,2.6457834585,1.0101974913504588
3,3,False,0.55,0.085979365,2.880731243665904,0.7003192973285343
0,0,True,0.45,0.14425169,2.410835673334096,0.97413830361147
2,2,True,0.65,0.08311596,3.3506265339181924,0.6868642772484852
3,3,True,0.5,0.089359805,2.6457834585,0.7162038321839137
4,4,True,0.6,0.17328212,3.1156790288318073,1.1105509631916712
4,4,False,0.65,0.16491239,3.3506265339181924,1.071221987111206
3,3,True,0.7,0.14479992,3.5855743190840963,0.9767144050049186
0,0,False,0.7,0.19329712,3.5855743190840963,1.2046005452649466
6,6,True,0.45,0.22667512,2.410835673334096,1.361442274961588
6,6,True,0.45,0.08691228,2.410835673334096,0.7047030319359012
2,2,True,0.6,0.10749964,3.1156790288318073,0.8014420775878333
7,7,False,0.7,0.0951164,3.5855743190840963,0.74325380707356
0,0,True,0.6,0.110357784,3.1156790288318073,0.814872380650354
2,2,True,0.65,0.057579882,3.3506265339181924,0.5668714194939068
3,3,False,0.5,0.006549524,2.6457834585,0.3270820834898082
1,1,True,0.5,0.105014846,2.6457834585,0.7897661576207314
5,5,True,0.6,0.18869077,3.1156790288318073,1.1829555099179163
1,1,True,0.55,0.046015836,2.880731243665904,0.5125324918652533
7,7,False,0.6,0.09836797,3.1156790288318073,0.7585327749994937
2,2,True,0.7,0.11295905,3.5855743190840963,0.8270956110070047
6,6,True,0.5,0.092223056,2.6457834585,0.7296581170552261
6,6,True,0.4,0.07981504,2.175888028207952,0.6713534034810387
3,3,True,0.45,0.105272114,2.410835673334096,0.7909750508434732
0,0,True,0.6,0.10856157,3.1156790288318073,0.806432044313503
0,3,True,0.7,0.06085898,3.5855743190840963,0.5822797491475564
6,6,True,0.5,0.09491206,2.6457834585,0.7422936244634554
1,1,True,0.55,0.35949713,2.880731243665904,1.9855668531995139
7,7,True,0.6,0.096686736,3.1156790288318073,0.7506327470642233
7,7,True,0.6,0.12521638,3.1156790288318073,0.8846922485478892
5,5,False,0.6,0.27686715,3.1156790288318073,1.5972923362970979
5,5,True,0.65,0.18214406,3.3506265339181924,1.1521928359378533
4,4,True,0.6,0.08446655,3.1156790288318073,0.6932106340734507
7,7,False,0.7,0.0024899333,3.5855743190840963,0.30800625038995655
7,7,True,0.6,0.10823226,3.1156790288318073,0.8048846399824298
0,0,True,0.45,0.09912043,2.410835673334096,0.7620685688638893
3,3,False,0.45,0.14800647,2.410835673334096,0.9917818428743274
5,5,True,0.65,0.38796812,3.3506265339181924,2.119350756436744
4,4,True,0.55,0.15218006,2.880731243665904,1.0113933608755792
6,6,False,0.5,0.060447596,2.6457834585,0.5803466753191845
1,1,True,0.55,0.13079455,2.880731243665904,0.9109038404081409
4,4,True,0.6,0.11637378,3.1156790288318073,0.8431412616055367
1,1,True,0.6,0.103484765,3.1156790288318073,0.7825763763350342
5,5,False,0.65,0.11632784,3.3506265339181924,0.8429253903164714
0,0,True,0.4,0.10011663,2.175888028207952,0.7667496779002735
4,4,True,0.55,0.101198845,2.880731243665904,0.7718349416821929
3,3,True,0.55,0.21795954,2.880731243665904,1.3204881374736608
4,4,True,0.6,0.21532509,3.1156790288318073,1.308108972844954
4,4,True,0.6,0.16671002,3.1156790288318073,1.0796689753366269
6,6,False,0.55,0.13558863,2.880731243665904,0.9334309861994282
6,6,False,0.55,0.13790995,2.880731243665904,0.9443387530764584
7,7,True,0.55,0.1362425,2.880731243665904,0.9365034585199556
3,3,True,0.55,0.14507814,2.880731243665904,0.9780217461784958
2,2,False,0.7,0.35770458,3.5855743190840963,1.977143741753065
5,5,False,0.65,0.07979219,3.3506265339181924,0.6712460279955434
6,6,False,0.45,0.3618539,2.410835673334096,1.996641197370312
5,5,True,0.6,0.36113375,3.1156790288318073,1.9932572766249508
4,4,True,0.55,0.07054521,2.880731243665904,0.6277949115782102
5,5,True,0.6,0.20441271,3.1156790288318073,1.2568322246145145
4,4,True,0.55,0.22380434,2.880731243665904,1.3479525950410955
4,4,False,0.55,0.24179594,2.880731243665904,1.4324943176918599
6,6,False,0.6,0.26264748,3.1156790288318073,1.530474745790707
2,2,True,0.65,0.07439936,3.3506265339181924,0.6459053784087394
0,0,False,0.45,0.020322526,2.410835673334096,0.3918007930927358
0,0,False,0.55,0.12249527,2.880731243665904,0.8719058833088811
0,0,False,0.45,0.17595969,2.410835673334096,1.123132765352183
1,1,True,0.55,0.13266742,2.880731243665904,0.9197043590060855
1,1,True,0.55,0.08532289,2.880731243665904,0.6972345365191224
7,7,True,0.55,0.16359133,2.880731243665904,1.0650143746778342
2,2,True,0.7,0.13536246,3.5855743190840963,0.9323682244655868
4,4,False,0.5,0.05304907,2.6457834585,0.545581332421964
5,5,True,0.65,0.06468199,3.3506265339181924,0.6002439094394862
2,2,False,0.5,0.22408241,2.6457834585,1.349259236015876
3,3,True,0.45,0.1714716,2.410835673334096,1.1020434077703238
4,4,True,0.6,0.18773995,3.1156790288318073,1.1784876814350491
4,4,False,0.65,0.1970967,3.3506265339181924,1.2224546343060132
0,0,True,0.45,0.17010911,2.410835673334096,1.0956411400714308
1,1,True,0.55,0.120058365,2.880731243665904,0.8604549722251433
5,5,True,0.6,0.0630572,3.1156790288318073,0.5926090817985183
6,6,True,0.4,0.038053542,2.175888028207952,0.47511803434504385
3,3,True,0.5,0.15688692,2.6457834585,1.033510680311077
7,7,True,0.65,0.09625464,3.3506265339181924,0.7486023456030908
3,3,True,0.5,0.1717564,2.6457834585,1.1033816977307214
5,5,False,0.65,0.1041041,3.3506265339181924,0.785486612594334
4,4,True,0.65,0.10724133,3.3506265339181924,0.8002283179834536
6,6,True,0.45,0.20932871,2.410835673334096,1.279932273061375
1,1,True,0.5,0.057652432,2.6457834585,0.5672123287831176
0,0,True,0.5,0.19318248,2.6457834585,1.2040618823305387
6,6,True,0.6,0.08515764,3.1156790288318073,0.6964580510633682
4,4,True,0.55,0.09351092,2.880731243665904,0.7357097251966624
5,5,True,0.55,0.20695178,2.880731243665904,1.2687631919933646
6,6,True,0.55,0.08975756,2.880731243665904,0.7180728728323149
5,5,False,0.65,0.07811554,3.3506265339181924,0.6633675311732757
3,3,True,0.65,0.12192058,3.3506265339181924,0.869205426609114
5,5,True,0.6,0.113388054,3.1156790288318073,0.8291114833431028
6,6,False,0.5,0.15244192,2.6457834585,1.0126238202212634
7,7,True,0.6,0.092406616,3.1156790288318073,0.7305206569431117
2,2,True,0.65,0.122193314,3.3506265339181924,0.8704870004669676
0,0,True,0.35,0.11644062,1.9409402430420482,0.8434553357758586
3,3,True,0.65,0.08546363,3.3506265339181924,0.6978958742827364
6,6,False,0.45,0.093029924,2.410835673334096,0.7334495535003474
2,2,True,0.65,0.20429406,3.3506265339181924,1.256274656312592
6,6,False,0.6,0.19691585,3.1156790288318073,1.2216048030262903
3,3,True,0.5,0.069380134,2.6457834585,0.6223202672453689
1,1,True,0.55,0.08798945,2.880731243665904,0.7097645939885477
2,2,False,0.65,0.11975344,3.3506265339181924,0.8590221554271726
7,7,False,0.7,0.17918251,3.5855743190840963,1.1382766649302063
4,4,True,0.6,0.24112426,3.1156790288318073,1.4293381015952307
0,0,True,0.55,0.14942367,2.880731243665904,0.9984412235714195
5,5,True,0.6,0.14884728,3.1156790288318073,0.9957327846053684
6,6,True,0.45,0.120665066,2.410835673334096,0.8633058316264713
5,5,True,0.65,0.1285524,3.3506265339181924,0.9003680891518709
2,2,True,0.6,0.092219315,3.1156790288318073,0.7296405420654255
4,4,False,0.55,0.09348931,2.880731243665904,0.7356081963711208
1,1,True,0.5,0.102727294,2.6457834585,0.7790170557910648
2,2,True,0.55,0.1425961,2.880731243665904,0.9663587448791956
4,4,False,0.7,0.07202699,3.5855743190840963,0.6347577234239123
0,0,True,0.55,0.08983984,2.880731243665904,0.7184594875979893
1,1,True,0.5,0.09125517,2.6457834585,0.725110080800181
5,5,True,0.6,0.13920337,3.1156790288318073,0.9504164786330168
7,7,True,0.7,0.15957554,3.5855743190840963,1.0461443672024342
2,2,True,0.6,0.23370326,3.1156790288318073,1.3944671512144768
3,3,True,0.5,0.05833699,2.6457834585,0.5704290420557937
7,7,True,0.7,0.14482825,3.5855743190840963,0.9768475127961976
7,7,True,0.45,0.09444784,2.410835673334096,0.7401122601417245
7,7,True,0.65,0.084992684,3.3506265339181924,0.695682930995268
6,6,True,0.4,0.072762445,2.175888028207952,0.6382135895956487
2,2,True,0.6,0.12815861,3.1156790288318073,0.8985176737914659
7,7,True,0.5,0.15627585,2.6457834585,1.0306393050850016
0,0,True,0.55,0.06853532,2.880731243665904,0.6183505251766327
0,0,True,0.5,0.065025,2.6457834585,0.6018556970499287
2,2,False,0.6,0.11394551,3.1156790288318073,0.8317309270420756
3,3,True,0.6,0.12338906,3.1156790288318073,0.8761057457121982
5,5,True,0.6,0.21142416,3.1156790288318073,1.2897786786021574
6,6,True,0.55,0.15845235,2.880731243665904,1.0408665487513842
4,4,False,0.55,0.18131371,2.880731243665904,1.1482910481623503
2,2,True,0.6,0.09685044,3.1156790288318073,0.7514019854624301
6,6,True,0.55,0.07746775,2.880731243665904,0.6603235919537195
1,1,True,0.55,0.096896015,2.880731243665904,0.7516161412644431
3,3,True,0.5,0.13721763,2.6457834585,0.9410855594464669
1,1,True,0.65,0.074934825,3.3506265339181924,0.6484215077752388
3,3,True,0.55,0.11588744,2.880731243665904,0.8408559877823549
1,1,False,0.5,0.14808516,2.6457834585,0.9921516178589378
1,1,True,0.6,0.15762183,3.1156790288318073,1.0369639907572048
2,2,True,0.55,0.09007837,2.880731243665904,0.7195803308220285
6,6,False,0.5,0.14784431,2.6457834585,0.9910198865436077
5,5,True,0.7,0.63813096,3.5855743190840963,3.294854579431929
7,7,True,0.6,0.12262595,3.1156790288318073,0.8725199226437687
5,5,True,0.6,0.10687969,3.1156790288318073,0.7985289705134663
1,1,True,0.5,0.07953724,2.6457834585,0.6700480578740324
4,4,True,0.65,0.075090766,3.3506265339181924,0.6491542658161302
1,1,True,0.5,0.08775241,2.6457834585,0.7086507527524768
6,6,True,0.4,0.009196753,2.175888028207952,0.33952129016534377
4,4,True,0.6,0.101622306,3.1156790288318073,0.7738247666230487
0,0,True,0.5,0.07158314,2.6457834585,0.6326720762777093
5,5,True,0.65,0.11541236,3.3506265339181924,0.8386236139782745
5,5,True,0.8,0.17561333,4.055469889415903,1.1215052232688114
2,2,True,0.6,0.111582585,3.1156790288318073,0.8206276646609681
0,0,False,0.5,0.06065332,2.6457834585,0.5813133697780997
6,6,False,0.45,0.1660676,2.410835673334096,1.0766502782836966
5,5,True,0.6,0.11845858,3.1156790288318073,0.8529376379422849
3,3,True,0.5,0.108094715,2.6457834585,0.8042383214830079
5,5,True,0.65,0.13473558,3.3506265339181924,0.9294225581471667
7,7,False,0.6,0.49629366,3.1156790288318073,2.6283675538659947
4,4,False,0.55,0.56333584,2.880731243665904,2.9433956750287265
0,0,True,0.45,0.13860807,2.410835673334096,0.9476191844396469
6,6,False,0.55,0.22505711,2.880731243665904,1.3538393063658762
0,0,False,0.3,0.15220058,1.7059925979159036,1.0114897782499037
0,0,False,0.45,0.07009978,2.410835673334096,0.6257018423247607
2,2,True,0.55,0.12034445,2.880731243665904,0.8617992838951936
2,2,True,0.6,0.08738533,3.1156790288318073,0.7069258480264049
4,4,True,0.6,0.3740874,3.1156790288318073,2.054125838113642
2,2,False,0.65,0.21713723,3.3506265339181924,1.316624160433187
1,1,True,0.5,0.13790262,2.6457834585,0.944304303295654
7,7,True,0.6,0.084933,3.1156790288318073,0.6954024663671943
5,5,True,0.6,0.08703013,3.1156790288318073,0.705256784154381
2,2,False,0.8,0.0970417,4.055469889415903,0.7523006906181724
0,0,True,0.5,0.09370745,2.6457834585,0.7366332173898127
4,4,True,0.6,0.07838125,3.1156790288318073,0.6646160906578584
0,0,False,0.4,0.088685915,2.175888028207952,0.7130372531450913
1,1,True,0.5,0.068438925,2.6457834585,0.6178975665749579
4,4,True,0.55,0.13562898,2.880731243665904,0.9336206000336121
1,1,True,0.55,0.08104078,2.880731243665904,0.677113098744073
2,2,True,0.65,0.13530435,3.3506265339181924,0.9320951469348197
7,7,True,0.55,0.09105789,2.880731243665904,0.7241830526031067
3,3,True,0.55,0.0607887,2.880731243665904,0.5819495003850275
6,6,False,0.55,0.07774226,2.880731243665904,0.6616135331871953
7,7,False,0.7,0.18633774,3.5855743190840963,1.171898740736919
5,5,True,0.6,0.09667161,3.1156790288318073,0.7505616768863441
2,2,True,0.55,0.11368596,2.880731243665904,0.8305113207777424
6,6,True,0.5,0.14741369,2.6457834585,0.988996382040624
5,5,True,0.65,0.16736202,3.3506265339181924,1.0827326951721938
6,6,True,0.55,0.09892747,2.880731243665904,0.7611618464319232
6,6,False,0.5,0.1584701,2.6457834585,1.040949942428088
0,0,True,0.55,0.058875035,2.880731243665904,0.5729572848614783
5,5,True,0.6,0.16733788,3.1156790288318073,1.082619262967106
5,5,True,0.6,0.16183594,3.1156790288318073,1.0567658928113168
3,3,True,0.6,0.1673423,3.1156790288318073,1.082640058871372
4,4,True,0.55,0.0632532,2.880731243665904,0.5935300882859398
3,3,False,0.55,0.10873528,2.880731243665904,0.8072483010609175
3,3,True,0.5,0.09005704,2.6457834585,0.719480097364261
5,5,False,0.55,0.09411338,2.880731243665904,0.7385406639422204
1,1,True,0.6,0.13198054,3.1156790288318073,0.9164767226321786
5,5,False,0.6,0.10694186,3.1156790288318073,0.7988210934515073
7,7,True,0.55,0.06240459,2.880731243665904,0.5895425086528543
5,5,True,0.6,0.0876106,3.1156790288318073,0.7079844085674654
4,4,False,0.65,0.12547754,3.3506265339181924,0.8859194169592284
3,3,True,0.5,0.16112278,2.6457834585,1.0534148113895274
5,5,True,0.6,0.07175394,3.1156790288318073,0.6334746791485855
5,5,True,0.75,0.13212785,3.82052210425,0.9171689391627332
2,2,True,0.6,0.05951456,3.1156790288318073,0.57596238055278
4,4,True,0.6,0.1534694,3.1156790288318073,1.0174519009851042
0,0,False,0.4,0.079461895,2.175888028207952,0.6696940023524109
1,1,False,0.55,0.05511397,2.880731243665904,0.5552842147143644
1,1,True,0.55,0.047735743,2.880731243665904,0.5206142563982432
0,0,True,0.4,0.072002016,2.175888028207952,0.6346403701055622
5,5,False,0.8,0.2796375,4.055469889415903,1.6103100122086416
3,3,True,0.45,0.17089091,2.410835673334096,1.0993148030789237
7,7,True,0.65,0.10090536,3.3506265339181924,0.7704558651418796
5,5,True,0.6,0.19261912,3.1156790288318073,1.2014146407393311
6,6,True,0.55,0.3421134,2.880731243665904,1.9038815215205724
1,1,True,0.55,0.111092895,2.880731243665904,0.8183266363648576
1,1,True,0.45,0.11231407,2.410835673334096,0.8240648705347688
1,1,True,0.45,0.1019179,2.410835673334096,0.7752137509763373
5,5,True,0.75,0.18441972,3.82052210425,1.1628860619035322
0,0,False,0.45,0.06396837,2.410835673334096,0.5968906223914867
5,5,True,0.65,0.1662237,3.3506265339181924,1.0773838065432648
5,5,True,0.6,0.18418197,3.1156790288318073,1.1617688947231763
4,4,True,0.6,0.07342385,3.1156790288318073,0.6413214919752961
2,2,True,0.65,0.06854695,3.3506265339181924,0.618405175692726
5,5,False,0.8,0.15133533,4.055469889415903,1.0074240039161813
1,1,True,0.45,0.44146165,2.410835673334096,2.3707144223150083
0,0,False,0.45,0.2795285,2.410835673334096,1.609797886808634
3,3,False,0.4,0.08771058,2.175888028207952,0.7084542069502042
2,2,True,0.75,0.09721442,3.82052210425,0.7531123260535277
0,0,True,0.5,0.1191691,2.6457834585,0.8562763608553102
7,7,True,0.6,0.14496006,3.1156790288318073,0.9774669086518809
5,5,True,0.6,0.123855606,3.1156790288318073,0.8782980331351599
0,0,True,0.45,0.11418865,2.410835673334096,0.8328734414188771
4,4,True,0.6,0.14988741,3.1156790288318073,1.0006203122470607
2,2,True,0.55,0.16602163,2.880731243665904,1.0764342669548719
4,4,True,0.6,0.1102819,3.1156790288318073,0.8145158044130639
6,6,True,0.6,0.11223035,3.1156790288318073,0.8236714988507049
0,0,False,0.5,0.09577464,2.6457834585,0.7463468652387145
0,0,True,0.45,0.07445259,2.410835673334096,0.64615548941897
4,4,True,0.7,0.16930486,3.5855743190840963,1.0918620271251338
5,5,True,0.65,0.099781,3.3506265339181924,0.7651725501302744
0,0,True,0.4,0.11518835,2.175888028207952,0.837571005126987
4,4,True,0.6,0.0802807,3.1156790288318073,0.673541524721159
2,2,False,0.7,0.0985549,3.5855743190840963,0.7594111743901277
7,7,True,0.6,0.07317505,3.1156790288318073,0.6401524050541547
4,4,True,0.7,0.39518774,3.5855743190840963,2.1532753881435704
0,0,True,0.45,0.053900924,2.410835673334096,0.5495841588838508
1,1,True,0.45,0.07130612,2.410835673334096,0.6313703717044465
4,4,False,0.65,0.11887654,3.3506265339181924,0.8549016255475373
0,0,True,0.45,0.11966608,2.410835673334096,0.8586116288725862
7,7,True,0.65,0.09226478,3.3506265339181924,0.729854172718341
3,3,True,0.8,0.27517435,4.055469889415903,1.589337937925253
2,2,False,0.6,0.14906947,3.1156790288318073,0.9967768510313344
6,6,True,0.5,0.11027742,2.6457834585,0.8144947634392189
5,5,True,0.7,0.25867608,3.5855743190840963,1.5118133275368855
0,0,True,0.4,0.22917967,2.175888028207952,1.3732110062792109
3,3,False,0.55,0.090022884,2.880731243665904,0.7193196118000257
3,3,True,0.5,0.058726918,2.6457834585,0.5722612872574209
2,2,False,0.55,0.00018347167,2.880731243665904,0.29716829203377415
5,5,True,0.8,0.06530055,4.055469889415903,0.6031504696551027
5,5,False,0.65,0.3108659,3.3506265339181924,1.7570509541416093
6,6,False,0.55,0.16663557,2.880731243665904,1.0793191560177262
1,1,True,0.6,0.13856736,3.1156790288318073,0.9474278901283506
1,1,True,0.5,0.073397085,2.6457834585,0.6411957362713839
7,7,False,0.6,0.18381238,3.1156790288318073,1.1600321916473777
6,6,True,0.55,0.11805634,2.880731243665904,0.8510475563200389
0,0,True,0.35,0.12474321,1.9409402430420482,0.8824688372884082
4,4,False,0.7,0.14360856,3.5855743190840963,0.971116245604315
2,2,True,0.5,0.16914047,2.6457834585,1.0910895678124617
6,6,False,0.45,0.15966314,2.410835673334096,1.0465560140750956
6,6,False,0.6,0.1505533,3.1156790288318073,1.003749290610493
6,6,True,0.55,0.10286199,2.880731243665904,0.779650000493467
7,7,False,0.55,0.06919727,2.880731243665904,0.6214609832818887
4,4,False,0.55,0.09814537,2.880731243665904,0.7574868180367764
1,1,True,0.55,0.049783457,2.880731243665904,0.5302363707594282
7,7,False,0.55,0.11803953,2.880731243665904,0.8509685738957555
4,7,False,0.4,0.12680186,2.175888028207952,0.8921423637462511
5,5,True,0.6,0.13288209,3.1156790288318073,0.9207130653928111
7,7,True,0.55,0.07530577,2.880731243665904,0.6501645476501487
0,0,True,0.35,0.26524085,1.9409402430420482,1.5426608656111254
3,3,True,0.5,0.15249236,2.6457834585,1.0128608375139931
0,0,True,0.5,0.06143456,2.6457834585,0.5849843720301647
0,0,True,0.4,0.18607295,2.175888028207952,1.1706544874749367
2,2,True,0.5,0.16792993,2.6457834585,1.0854012928267047
4,4,True,0.6,0.096260756,3.1156790288318073,0.748631088763701
0,0,True,0.6,0.0847238,3.1156790288318073,0.6944194572763127
1,1,False,0.55,0.18419868,2.880731243665904,1.161847387008302
1,1,True,0.55,0.062652014,2.880731243665904,0.5907051362400948
2,2,True,0.7,0.1520448,3.5855743190840963,1.0107577904276888
7,7,True,0.6,0.06987336,3.1156790288318073,0.6246379252629044
5,5,True,0.7,0.30241525,3.5855743190840963,1.7173417000945812
4,4,False,0.65,0.122619934,3.3506265339181924,0.8724916696223163
3,3,False,0.5,0.06565583,2.6457834585,0.6048199186364649
0,0,True,0.4,0.14531867,2.175888028207952,0.9791520070763525
6,6,False,0.45,0.12574397,2.410835673334096,0.8871713724079757
6,6,True,0.6,0.23693869,3.1156790288318073,1.409670287610713
1,1,True,0.6,0.10864962,3.1156790288318073,0.8068457917825549
6,6,True,0.5,0.023177762,2.6457834585,0.4052174160212632
7,7,False,0.85,0.16371936,4.290417674581807,1.0656159854840777
5,5,True,0.65,0.14253399,3.3506265339181924,0.9660669020206732
1,1,True,0.6,0.7924482,3.1156790288318073,4.019984374551164
6,6,True,0.45,0.14290947,2.410835673334096,0.9678312629489471
3,3,False,0.55,0.014073184,2.880731243665904,0.3624354183266738
6,6,True,0.5,0.09322436,2.6457834585,0.7343632079004021
2,2,True,0.7,0.11180992,3.5855743190840963,0.821695887945425
5,5,True,0.65,0.0746436,3.3506265339181924,0.6470530392466975
6,6,True,0.55,0.055304155,2.880731243665904,0.5561778784387694
7,7,True,0.55,0.08130629,2.880731243665904,0.6783607479702196
4,4,False,0.5,0.22213297,2.6457834585,1.3400988852562359
6,6,True,0.45,0.11576878,2.410835673334096,0.8402984194804325
4,4,False,0.5,0.09474871,2.6457834585,0.741526066542361
3,3,False,0.5,0.3045313,2.6457834585,1.7272849431289663
7,7,False,0.65,0.24038915,3.3506265339181924,1.4258838808906669
4,4,True,0.55,0.12410855,2.880731243665904,0.8794866205927933
7,7,False,0.55,0.067835726,2.880731243665904,0.6150631618453555
2,2,False,0.6,0.11216404,3.1156790288318073,0.8233599103861118
1,1,False,0.55,0.12000343,2.880731243665904,0.8601968439386888
6,6,False,0.4,0.044207368,2.175888028207952,0.5040345816823324
3,3,True,0.5,0.04473199,2.6457834585,0.5064997540813918
4,4,False,0.55,0.2139335,2.880731243665904,1.3015699563210383
5,5,False,0.55,0.113056496,2.880731243665904,0.8275535060101972
3,3,True,0.6,0.19436261,3.1156790288318073,1.2096072467418606
0,0,True,0.4,0.09653456,2.175888028207952,0.7499176690429519
4,4,True,0.55,0.11475375,2.880731243665904,0.8355288403260677
6,6,False,0.5,0.09290898,2.6457834585,0.7328812371468933
4,4,False,0.55,0.0636372,2.880731243665904,0.5953344655754529
5,5,True,0.6,0.12641083,3.1156790288318073,0.8903049020635875
7,7,True,0.65,0.062605254,3.3506265339181924,0.590485413857647
1,1,False,0.65,0.12278145,3.3506265339181924,0.8732506150982096
4,4,True,0.6,0.08553084,3.1156790288318073,0.6982116989500503
6,6,True,0.45,0.085358836,2.410835673334096,0.6974034594788596
2,2,True,0.6,0.11542976,3.1156790288318073,0.8387053621878053
0,0,True,0.4,0.17692868,2.175888028207952,1.1276860180882644
7,7,True,0.55,0.07127987,2.880731243665904,0.6312470316863835
3,3,True,0.55,0.07286691,2.880731243665904,0.6387044639621724
5,5,True,0.65,0.097542636,3.3506265339181924,0.7546545839234442
4,4,True,0.6,0.08710892,3.1156790288318073,0.7056270142682093
3,3,True,0.5,0.065965295,2.6457834585,0.6062740914977391
5,5,True,0.6,0.74436426,3.1156790288318073,3.7940400255945295
5,5,False,0.65,0.13281773,3.3506265339181924,0.9204106495324565
5,5,False,0.7,0.08781006,3.5855743190840963,0.7089216596669736
7,7,False,0.65,0.072031386,3.3506265339181924,0.6347783792884191
4,4,True,0.65,0.25953957,3.3506265339181924,1.5158708395248053
5,5,True,0.65,0.12009573,3.3506265339181924,0.8606305470734505
6,6,True,0.55,0.11151403,2.880731243665904,0.8203055382044826
3,3,False,0.5,0.18441446,2.6457834585,1.1628613448860037
3,3,True,0.5,0.10906706,2.6457834585,0.8088073286920183
2,2,True,0.65,0.09029894,3.3506265339181924,0.7206168000910487
5,5,True,0.6,0.22251812,3.1156790288318073,1.3419086890864245
2,2,True,0.6,0.065028846,3.1156790288318073,0.6018737621788872
4,4,True,0.55,0.09519356,2.880731243665904,0.743616370010563
1,1,True,0.55,0.08547291,2.880731243665904,0.6979394966677794
3,3,True,0.55,0.3350398,2.880731243665904,1.8706429445948884
2,2,True,0.65,0.17443413,3.3506265339181924,1.1159642000900298
6,6,True,0.5,0.05695431,2.6457834585,0.5639318799149591
1,1,True,0.55,0.13121869,2.880731243665904,0.9128968162435823
5,5,True,0.6,0.17203204,3.1156790288318073,1.104676925465113
2,2,False,0.6,0.08539203,3.1156790288318073,0.6975594287608554
6,6,True,0.55,0.11587586,2.880731243665904,0.8408015823358406
1,1,False,0.6,0.123444706,3.1156790288318073,0.8763672349528776
7,7,True,0.65,0.11739298,3.3506265339181924,0.847930446326213
0,0,False,0.4,0.23284842,2.175888028207952,1.3904503207766534
0,0,True,0.45,0.08746536,2.410835673334096,0.7073019248001869
2,2,False,0.65,0.09085137,3.3506265339181924,0.7232126120806284
3,3,True,0.55,0.1742871,2.880731243665904,1.1152733139371893
7,7,False,0.7,0.36371434,3.5855743190840963,2.0053833193886
1,1,True,0.5,0.13718057,2.6457834585,0.9409114200056932
0,0,True,0.5,0.07997806,2.6457834585,0.6721194559747198
1,1,True,0.45,0.08881607,2.410835673334096,0.7136488417841899
3,3,True,0.6,0.08170403,3.1156790288318073,0.6802296835888012
3,3,False,0.5,0.109360665,2.6457834585,0.8101869653913691
1,1,False,0.55,0.085860625,2.880731243665904,0.6997613439172735
0,0,True,0.45,0.10897744,2.410835673334096,0.8083861941256598
4,4,True,0.65,0.11883229,3.3506265339181924,0.854693701514816
2,2,True,0.55,0.23164289,2.880731243665904,1.3847855724704703
5,5,False,0.6,0.13776594,3.1156790288318073,0.9436620809591937
0,0,False,0.4,0.16274557,2.175888028207952,1.061040186346738
1,1,True,0.65,0.099295594,3.3506265339181924,0.7628916525495729
6,6,True,0.55,0.06849435,2.880731243665904,0.618158005517442
4,4,True,0.6,0.2592661,3.1156790288318073,1.5145858346928474
1,1,True,0.55,0.1071913,2.880731243665904,0.7999932262374151
5,5,True,0.6,0.12128798,3.1156790288318073,0.8662328726568954
7,7,True,0.55,0.111252256,2.880731243665904,0.8190754639681366
2,2,True,0.55,0.1388856,2.880731243665904,0.9489233046987586
5,5,True,0.75,0.18555072,3.82052210425,1.1682005707715366
1,1,False,0.55,0.076331295,2.880731243665904,0.6549834558097508
3,3,True,0.6,0.12725808,3.1156790288318073,0.8942860923826519
7,7,False,0.55,0.14457901,2.880731243665904,0.9756763602886055
1,1,True,0.45,0.073174626,2.410835673334096,0.6401504094875837
3,3,True,0.55,0.13585909,2.880731243665904,0.9347018470156901
1,1,False,0.55,0.13569528,2.880731243665904,0.9339321184783256
2,2,True,0.65,0.084138796,3.3506265339181924,0.6916705468198043
5,5,True,0.6,0.36394224,3.1156790288318073,2.0064542034284854
3,3,False,0.55,0.032640167,2.880731243665904,0.4496808273441558
1,1,True,0.55,0.0979432,2.880731243665904,0.7565368233191657
1,1,True,0.6,0.095928036,3.1156790288318073,0.74706764988018
0,0,False,0.4,0.24192798,2.175888028207952,1.4331147638457384
7,7,True,0.7,0.16237527,3.5855743190840963,1.0593001923365941
7,7,False,0.5,0.2435827,2.6457834585,1.4408901914051115
0,0,False,0.5,0.00197614,2.6457834585,0.3055919594681542
1,1,False,0.75,0.11914002,3.82052210425,0.8561397170601072
6,6,True,0.55,0.12367234,2.880731243665904,0.8774368586349282
6,6,False,0.55,0.14351133,2.880731243665904,0.9706593658893778
7,7,True,0.6,0.09681078,3.1156790288318073,0.7512156275526515
7,7,True,0.55,0.10902671,2.880731243665904,0.8086177148578345
0,0,False,0.4,0.11813336,2.175888028207952,0.8514094540681849
5,5,True,0.65,0.11242159,3.3506265339181924,0.8245700989766276
3,3,False,0.5,0.11380392,2.6457834585,0.8310656331552595
7,7,True,0.65,0.08798802,3.3506265339181924,0.7097578720800981
5,5,True,0.6,0.25106263,3.1156790288318073,1.476038070410015
1,1,True,0.55,0.058452096,2.880731243665904,0.5709699106164117
5,5,True,0.6,0.121756494,3.1156790288318073,0.8684344027039752
4,4,True,0.6,0.17267767,3.1156790288318073,1.1077106767921754
7,7,True,0.5,0.19855219,2.6457834585,1.2292938960740132
1,1,True,0.65,0.078474686,3.3506265339181924,0.6650551503134159
3,3,True,0.45,0.06282309,2.410835673334096,0.5915089994688053
0,0,False,0.5,0.2008413,2.6457834585,1.2400502799711668
5,5,True,0.6,0.1750518,3.1156790288318073,1.118866594122805
5,5,True,0.65,0.49811944,3.3506265339181924,2.6369468096441384
6,6,True,0.55,0.103019044,2.880731243665904,0.780387975015395
1,1,True,0.5,0.090543605,2.6457834585,0.7217664564955779
3,3,True,0.45,0.12390601,2.410835673334096,0.8785348753781904
4,4,True,0.75,0.110210635,3.82052210425,0.8141809343384759
1,1,False,0.5,0.08209639,2.6457834585,0.6820733770407568
4,4,True,0.55,0.08485526,2.880731243665904,0.6950371726548836
6,6,True,0.65,0.08942385,3.3506265339181924,0.716504777626795
7,7,True,0.55,0.09923722,2.880731243665904,0.7626173496709114
0,0,False,0.5,0.060904957,2.6457834585,0.582495795486321
7,7,True,0.55,0.068755135,2.880731243665904,0.619383423431789
3,3,True,0.55,0.07597624,2.880731243665904,0.6533150571265838
4,4,True,0.6,0.17355984,3.1156790288318073,1.1118559937092187
6,6,True,0.55,0.08259656,2.880731243665904,0.6844236643222249
2,2,True,0.6,0.27501076,3.1156790288318073,1.5885692596860836
4,4,True,0.6,0.1631257,3.1156790288318073,1.062826393477473
0,0,False,0.5,0.35554898,2.6457834585,1.967014665957999
6,6,False,0.5,0.073238105,2.6457834585,0.6404486941750369
1,1,False,0.55,0.082748316,2.880731243665904,0.6851367467769253
3,3,True,0.45,0.07389998,2.410835673334096,0.6435588021808945
1,1,True,0.7,0.11883906,3.5855743190840963,0.8547255255501324
5,5,True,0.7,0.17034157,3.5855743190840963,1.096733450194499
1,1,False,0.5,0.1524075,2.6457834585,1.0124620742991937
2,2,False,0.65,0.1469045,3.3506265339181924,0.9866037327319471
4,4,True,0.55,0.41416183,2.880731243665904,2.2424338015414103
0,0,True,0.4,0.07760303,2.175888028207952,0.6609592674314293
1,1,True,0.6,0.09676583,3.1156790288318073,0.7510044125855851
5,5,True,0.65,0.16042511,3.3506265339181924,1.0501364806227294
0,0,True,0.45,0.08912393,2.410835673334096,0.7150954524984583
6,6,True,0.5,0.14342546,2.6457834585,0.9702559113426394
2,2,True,0.6,0.06681546,3.1156790288318073,0.6102689707032818
0,0,True,0.4,0.10119406,2.175888028207952,0.7718124653008145
7,7,True,0.6,0.07435734,3.1156790288318073,0.6457079223480309
4,4,False,0.55,0.07866988,2.880731243665904,0.6659723757273346
4,4,False,0.55,0.08816937,2.880731243665904,0.7106100490257903
1,1,False,0.55,0.14231052,2.880731243665904,0.9650168138850546
0,0,False,0.4,0.15219899,2.175888028207952,1.0114822861227775
1,1,True,0.65,0.12948005,3.3506265339181924,0.9047270367218299
6,6,True,0.45,0.12720686,2.410835673334096,0.8940454340561785
2,2,True,0.7,0.16462374,3.5855743190840963,1.06986563202185
1,1,True,0.6,0.07882689,3.1156790288318073,0.6667101401896235
1,1,True,0.6,0.09425584,3.1156790288318073,0.739210089001938
3,3,True,0.5,0.17479019,2.6457834585,1.1176373251150755
4,4,True,0.65,0.15438819,3.3506265339181924,1.0217692567465306
7,7,True,0.55,0.2903596,2.880731243665904,1.660692676595398
7,7,True,0.55,0.1222552,2.880731243665904,0.8707777930272946
6,6,False,0.45,0.12880638,2.410835673334096,0.9015615079812026
4,4,False,0.6,0.0,3.1156790288318073,0.296306167
4,4,True,0.55,0.12632439,2.880731243665904,0.8898987167415414
3,3,True,0.6,0.06797054,3.1156790288318073,0.6156966316968553
6,6,True,0.5,0.0937576,2.6457834585,0.7368688692948888
5,5,True,0.75,0.13858548,3.82052210425,0.9475130343020461
3,3,True,0.45,0.20587422,2.410835673334096,1.2636997744139067
0,0,False,0.45,0.39290324,2.410835673334096,2.142540640389239
4,4,True,0.6,0.13770053,3.1156790288318073,0.9433546936873816
2,2,True,0.65,0.06806581,3.3506265339181924,0.616144303797614
0,0,True,0.4,0.100284286,2.175888028207952,0.7675374715665966
6,6,True,0.45,0.2765411,2.410835673334096,1.5957603013296153
7,7,True,0.6,0.09806348,3.1156790288318073,0.7571019887780339
2,2,True,0.55,0.13347891,2.880731243665904,0.9235175016139088
6,6,True,0.5,0.08430507,2.6457834585,0.6924518636472566
4,4,False,0.65,0.11634621,3.3506265339181924,0.8430117248281216
5,5,True,0.7,0.3442202,3.5855743190840963,1.9137812121897944
1,1,True,0.55,0.078343764,2.880731243665904,0.6644399556505136
2,2,True,0.6,0.048447993,3.1156790288318073,0.5239610841123419
4,4,True,0.6,0.098160274,3.1156790288318073,0.7575568379164602
0,0,False,0.4,0.33115566,2.175888028207952,1.8523915627564955
1,1,True,0.55,0.087134615,2.880731243665904,0.7057477635507241
2,2,True,0.55,0.08942676,2.880731243665904,0.7165184665132731
1,1,True,0.55,0.08671409,2.880731243665904,0.7037717325261661
7,7,True,0.65,0.08232328,3.3506265339181924,0.6831395347387629
3,3,False,0.5,0.084631674,2.6457834585,0.6939865593701673
4,4,False,0.55,0.15936035,2.880731243665904,1.0451332101199198
4,4,True,0.6,0.0659835,3.1156790288318073,0.6063596207807731
0,0,True,0.35,0.12215445,1.9409402430420482,0.8703043886207521
2,2,False,0.75,0.07472575,3.82052210425,0.6474390588433947
4,4,False,0.65,0.056914262,3.3506265339181924,0.5637437014883089
6,6,True,0.45,0.159461,2.410835673334096,1.0456061944071844
5,5,True,0.6,0.23810935,3.1156790288318073,1.4151711893984358
7,7,True,0.5,0.11740734,2.6457834585,0.8479979104802884
3,3,True,0.55,0.09752888,2.880731243665904,0.754589955574496
5,3,True,0.4,0.41416496,2.175888028207952,2.2424485057161436
4,4,True,0.55,0.227892,2.880731243665904,1.3671603083962105
0,0,False,0.45,0.25583303,2.410835673334096,1.4984539546124847
2,2,True,0.6,0.06806559,3.1156790288318073,0.6161432885093586
0,0,False,0.4,0.1434992,2.175888028207952,0.9706023697073152
6,6,True,0.5,0.088989936,2.6457834585,0.7144658337403411
7,7,False,0.6,0.2068811,3.1156790288318073,1.2684310877040241
3,3,True,0.5,0.04762201,2.6457834585,0.5200798296665562
6,6,True,0.45,0.083224595,2.410835673334096,0.6873747571813204
3,3,True,0.65,0.16277102,3.3506265339181924,1.061159780301238
7,7,True,0.7,0.22119272,3.5855743190840963,1.3356807008680645
0,0,False,0.5,0.33098474,2.6457834585,1.8515884347365217
7,7,True,0.6,0.17144199,3.1156790288318073,1.101904278269392
4,4,False,0.65,0.1544026,3.3506265339181924,1.0218369659701851
3,3,False,0.65,0.4874801,3.3506265339181924,2.586953035669146
4,4,True,0.65,0.038626462,3.3506265339181924,0.4778101586791286
2,2,True,0.6,0.17099018,3.1156790288318073,1.0997812755173775
2,2,True,0.7,0.08588882,3.5855743190840963,0.6998938215296353
4,4,True,0.5,0.1136007,2.6457834585,0.8301107020361311
7,7,True,0.6,0.06444202,3.1156790288318073,0.5991163092970574
4,4,True,0.65,0.08323117,3.3506265339181924,0.6874056709582008
2,2,True,0.6,0.17544451,3.1156790288318073,1.120711968051873
1,1,True,0.5,0.25401095,2.6457834585,1.4898920637645026
6,6,True,0.5,0.09051353,2.6457834585,0.721625121368436
6,6,True,0.45,0.16898163,2.410835673334096,1.0903431558950318
1,1,True,0.5,0.04310434,2.6457834585,0.49885150012849455
4,4,True,0.6,0.123133406,3.1156790288318073,0.8749044496464022
3,3,True,0.5,0.16047819,2.6457834585,1.0503858914341633
4,4,True,0.6,0.18556236,3.1156790288318073,1.1682552562975697
0,0,False,0.45,0.07505718,2.410835673334096,0.6489964410073229
0,0,False,0.4,0.12051584,2.175888028207952,0.8626046175413774
5,2,True,0.75,0.14373189,3.82052210425,0.9716958001484581
3,3,True,0.5,0.047602575,2.6457834585,0.5199885062384786
3,3,True,0.5,0.11680337,2.6457834585,0.8451598997268823
6,6,True,0.5,0.11560765,2.6457834585,0.8395412595114711
7,7,True,0.55,0.08384504,2.880731243665904,0.6902902099216568
6,6,True,0.6,0.094285935,3.1156790288318073,0.7393514941489594
5,5,False,0.6,0.18650761,3.1156790288318073,1.1726969673653147
3,3,True,0.45,0.13010246,2.410835673334096,0.9076516970763446
6,6,True,0.55,0.12830822,2.880731243665904,0.8992206733834917
4,4,False,0.55,0.086100705,2.880731243665904,0.7008894692087999
7,7,True,0.5,0.067666665,2.6457834585,0.6142687513004024
0,0,True,0.45,0.1081691,2.410835673334096,0.8045878607223897
4,4,True,0.65,0.2134713,3.3506265339181924,1.2993980796930047
5,5,False,0.6,0.114345975,3.1156790288318073,0.8336127113085792
0,0,False,0.5,0.047048017,2.6457834585,0.5173826639011342
1,1,True,0.6,0.0787209,3.1156790288318073,0.6662120887854323
3,3,False,0.55,0.13461661,2.880731243665904,0.9288635194277709
0,0,True,0.4,0.087586395,2.175888028207952,0.7078706612729191
3,3,True,0.5,0.10120677,2.6457834585,0.7718721922581848
6,6,True,0.5,0.09659702,2.6457834585,0.7502111923785866
4,4,False,0.55,0.07008753,2.880731243665904,0.6256442859836606
5,5,False,0.6,0.33213803,3.1156790288318073,1.8570076933445332
0,0,False,0.4,0.08662106,2.175888028207952,0.7033345984172998
2,2,True,0.7,0.16375872,3.5855743190840963,1.0658009780062025
4,4,True,0.6,0.16601305,3.1156790288318073,1.076393935504174
1,1,True,0.55,0.10137686,2.880731243665904,0.7726714341748361
0,0,True,0.35,0.10118293,1.9409402430420482,0.7717601604506905
3,3,False,0.5,0.503588,2.6457834585,2.6626434052893155
3,3,True,0.5,0.06960264,2.6457834585,0.6233658040888082
7,7,True,0.55,0.24263386,2.880731243665904,1.4364316755662423
0,0,True,0.55,0.12469747,2.880731243665904,0.8822539112677186
7,7,True,0.5,0.1398677,2.6457834585,0.9535381049090823
0,0,True,0.45,0.08772484,2.410835673334096,0.7085212159750617
3,3,True,0.5,0.06450719,2.6457834585,0.5994225062309149
7,7,True,0.65,0.08226466,3.3506265339181924,0.6828640765320866
4,4,True,0.7,0.15136667,3.5855743190840963,1.0075712557231564
1,1,True,0.55,0.08492465,2.880731243665904,0.6953632552345714
1,1,True,0.55,0.12095757,2.880731243665904,0.8646802868547255
5,5,True,0.7,0.08735255,3.5855743190840963,0.7067718393010403
1,1,False,0.55,0.10505868,2.880731243665904,0.7899721210968215
4,4,True,0.6,0.4543557,3.1156790288318073,2.4313029042849643
7,7,True,0.55,0.08106613,2.880731243665904,0.677232237569355
6,6,False,0.45,0.08735436,2.410835673334096,0.706780346716422
3,3,True,0.55,0.15823704,2.880731243665904,1.0398548315098322
5,5,True,0.6,0.30308735,3.1156790288318073,1.7204998767478417
1,1,True,0.65,0.1120212,3.3506265339181924,0.8226886998194624
0,0,True,0.45,0.06602371,2.410835673334096,0.6065485694260999
6,6,False,0.5,0.0017128454,2.6457834585,0.3043547497684441
3,3,True,0.5,0.0720541,2.6457834585,0.6348851245949971
6,6,False,0.4,0.10564217,2.175888028207952,0.7927139245355419
3,3,False,0.55,0.24495377,2.880731243665904,1.4473327905547024
6,6,True,0.4,0.19853882,2.175888028207952,1.2292310882419368
3,3,False,0.55,0.097487636,2.880731243665904,0.7543961405475311
3,3,True,0.5,0.10365114,2.6457834585,0.7833581833016442
5,5,True,0.7,0.12242993,3.5855743190840963,0.8715988461364674
5,5,False,0.6,0.10511596,3.1156790288318073,0.7902412775143262
1,1,True,0.55,0.04486941,2.880731243665904,0.5071454949168062
3,3,True,0.5,0.07952387,2.6457834585,0.6699852150320161
3,3,True,0.6,0.1844277,3.1156790288318073,1.162923522539163
5,5,False,0.6,0.19391152,3.1156790288318073,1.207487604944071
3,3,True,0.55,0.13812949,2.880731243665904,0.9453703559638406
6,6,True,0.5,0.06713142,2.6457834585,0.6117536722320982
3,3,True,0.6,0.16069019,3.1156790288318073,1.0513820642624254
2,2,True,0.6,0.09321713,3.1156790288318073,0.7343292132488156
0,0,False,0.5,0.16546723,2.6457834585,1.0738291773312343
4,4,False,0.6,0.08681482,3.1156790288318073,0.7042450669128291
1,1,True,0.45,0.109893486,2.410835673334096,0.8126906662292246
4,4,True,0.65,0.16445738,3.3506265339181924,1.0690839300850596
0,0,True,0.3,0.05564768,1.7059925979159036,0.557792081735061
7,7,True,0.55,0.106729776,2.880731243665904,0.797824535513907
6,6,True,0.6,0.11985982,3.1156790288318073,0.8595220273482357
0,0,True,0.45,0.17646857,2.410835673334096,1.1255239442433864
2,2,True,0.55,0.17982166,2.880731243665904,1.1412799576096062
2,2,True,0.6,0.10774098,3.1156790288318073,0.8025761545691328
7,7,True,0.6,0.139088,3.1156790288318073,0.9498743847245044
2,2,True,0.55,0.16903111,2.880731243665904,1.0905756919154617
6,6,True,0.45,0.18624723,2.410835673334096,1.1714734399877191
0,0,False,0.4,0.07806956,2.175888028207952,0.6631514848345113
2,2,True,0.6,0.07130911,3.1156790288318073,0.6313844457002631
7,7,False,0.6,0.004517219,3.1156790288318073,0.31753237406045876
4,4,True,0.65,0.18996121,3.3506265339181924,1.1889252648200022
0,0,True,0.5,0.12434221,2.6457834585,0.8805845673161758
3,3,False,0.45,0.0574607,2.410835673334096,0.5663113829912254
4,4,True,0.6,0.17504068,3.1156790288318073,1.118814359292561
0,0,False,0.35,0.1341467,1.9409402430420482,0.9266554425219405
3,3,True,0.55,0.52581996,2.880731243665904,2.7671102649824353
6,6,True,0.4,0.14573595,2.175888028207952,0.9811127737671395
6,6,False,0.5,0.16167156,2.6457834585,1.0559935035185244
5,5,True,0.6,0.48904175,3.1156790288318073,2.594291119060014
4,4,True,0.65,0.11263468,3.3506265339181924,0.8255714182660465
3,3,True,0.6,0.084759675,3.1156790288318073,0.6945880301366516
4,4,False,0.55,0.107721075,2.880731243665904,0.8024826080098751
7,7,True,0.6,0.15064715,3.1156790288318073,1.004190275812742
6,6,True,0.45,0.19122295,2.410835673334096,1.1948541281123526
1,1,True,0.5,0.08804599,2.6457834585,0.7100302844220081
6,6,True,0.45,0.07388704,2.410835673334096,0.6434980249253288
0,0,True,0.5,0.112168595,2.6457834585,0.8233813014593552
7,7,True,0.65,0.073626906,3.3506265339181924,0.6422756528757481
3,3,True,0.45,0.17192231,2.410835673334096,1.1041612990711211
5,5,True,0.55,0.045890357,2.880731243665904,0.5119428719634055
0,0,True,0.45,0.16855992,2.410835673334096,1.0883615932999788
2,2,True,0.65,0.06039071,3.3506265339181924,0.5800793744284913
0,0,True,0.5,0.05139369,2.6457834585,0.537802788977945
5,5,True,0.7,0.1783261,3.5855743190840963,1.1342524123851363
1,1,True,0.45,0.05122728,2.410835673334096,0.5370208244666057
6,6,True,0.5,0.6669112,2.6457834585,3.430091535212359
1,1,True,0.6,0.12359074,3.1156790288318073,0.8770534297737793
3,3,True,0.7,0.08187883,3.5855743190840963,0.6810510867973725
4,4,False,0.65,0.22412825,3.3506265339181924,1.3494746171657834
0,0,False,0.45,0.153693,2.410835673334096,1.01850261929964
2,2,False,0.65,0.08672297,3.3506265339181924,0.7038134643744578
4,4,True,0.7,0.11005563,3.5855743190840963,0.8134525875500045
6,6,False,0.6,0.11605817,3.1156790288318073,0.8416582405538328
6,6,True,0.5,0.08210391,2.6457834585,0.6821087020700571
6,6,True,0.8,0.07553447,4.055469889415903,0.6512392127635365
3,3,True,0.55,0.08243921,2.880731243665904,0.6836842543927635
5,5,True,0.7,0.07978943,3.5855743190840963,0.6712330743178019
5,5,True,0.65,0.09699308,3.3506265339181924,0.7520722507607038
3,3,True,0.55,0.06289285,2.880731243665904,0.5918367975355452
5,5,True,0.65,0.081057854,3.3506265339181924,0.6771933415261906
3,3,False,0.5,0.2659666,2.6457834585,1.5460711138312475
1,1,True,0.7,0.07741241,3.5855743190840963,0.6600635731305136
7,7,False,0.5,0.1397594,2.6457834585,0.9530292704434197
7,7,True,0.55,0.13843296,2.880731243665904,0.9467963808334819
4,4,False,0.65,0.13827446,3.3506265339181924,0.9460515793732848
2,2,True,0.7,0.07639151,3.5855743190840963,0.6552664061435532
2,2,True,0.6,0.046022806,3.1156790288318073,0.5125652436639754
4,4,True,0.55,0.08922114,2.880731243665904,0.7155522621935158
2,2,True,0.65,0.10019948,3.3506265339181924,0.7671389884313157
4,4,True,0.55,0.1251524,2.880731243665904,0.8843915831845267
7,7,True,0.45,0.10477751,2.410835673334096,0.7886509159870669
5,5,True,0.75,0.1653012,3.82052210425,1.073049015831797
4,4,True,0.65,0.28782287,3.3506265339181924,1.6487727723575378
0,0,False,0.4,0.056530155,2.175888028207952,0.5619387990496981
0,0,True,0.6,0.091743276,3.1156790288318073,0.7274036519791054
7,7,True,0.5,0.09381427,2.6457834585,0.7371351548973264
0,0,True,0.4,0.094392136,2.175888028207952,0.7398505258314663
1,1,True,0.5,0.13874769,2.6457834585,0.9482752707122846
0,0,True,0.65,0.11027585,3.3506265339181924,0.8144873763419123
4,4,False,0.7,0.09845097,3.5855743190840963,0.7589228207392726
7,7,True,0.55,0.033805296,2.880731243665904,0.45515571674657607
6,6,True,0.4,0.17391407,2.175888028207952,1.1135205062890634
7,7,True,0.55,0.06916046,2.880731243665904,0.6212880341790695
2,2,False,0.6,0.30467695,3.1156790288318073,1.7279693174329964
6,6,False,0.55,0.07663764,2.880731243665904,0.6564229595062313
7,7,True,0.6,0.1462391,3.1156790288318073,0.9834770650245445
7,7,True,0.6,0.10371714,3.1156790288318073,0.783668301348764
7,7,True,0.6,0.16966294,3.1156790288318073,1.0935446048339368
0,0,True,0.4,0.073268905,2.175888028207952,0.6405934252663434
7,7,True,0.65,0.04428922,3.3506265339181924,0.5044192008814358
0,0,False,0.4,0.28691164,2.175888028207952,1.644490916675111
0,0,True,0.4,0.08538095,2.175888028207952,0.6975073689803104
7,7,False,0.55,0.18007584,2.880731243665904,1.1424743567172535
2,2,True,0.7,0.46429586,3.5855743190840963,2.47801134550519
2,2,False,0.7,0.19130117,3.5855743190840963,1.1952216624608132
4,4,False,0.6,0.101059824,3.1156790288318073,0.7711816912146825
5,5,True,0.7,0.088619806,3.5855743190840963,0.7127266099488738
0,0,True,0.5,0.24394889,2.6457834585,1.4426109299483423
7,7,True,0.55,0.07591581,2.880731243665904,0.6530311265144658
5,5,True,0.75,0.38814375,3.82052210425,2.1201760107386978
7,7,True,0.85,0.09072912,4.290417674581807,0.722638168987702
1,1,False,0.45,0.12358883,2.410835673334096,0.8770444672291798
1,1,True,0.6,0.07221105,3.1156790288318073,0.6356226089777672
4,4,True,0.65,0.08421441,3.3506265339181924,0.6920258626992601
7,7,True,0.6,0.08022615,3.1156790288318073,0.6732852169515763
6,6,True,0.6,0.05615053,3.1156790288318073,0.5601549550899024
5,5,True,0.6,0.19825648,3.1156790288318073,1.227904351561687
4,4,True,0.7,0.058388565,3.5855743190840963,0.5706713808593795
1,1,True,0.55,0.07945756,2.880731243665904,0.669673626567423
5,5,True,0.65,0.09762392,3.3506265339181924,0.7550365423671197
3,3,True,0.5,0.20574081,2.6457834585,1.2630728864310972
1,1,True,0.65,0.14359058,3.3506265339181924,0.9710318016294162
7,7,True,0.6,0.064637065,3.1156790288318073,0.6000327995022394
3,3,False,0.6,0.124824144,3.1156790288318073,0.8828491502649111
2,2,True,0.6,0.09652491,3.1156790288318073,0.7498723311708566
6,6,False,0.55,0.42688382,2.880731243665904,2.3022138339805363
0,0,False,0.5,0.20486562,2.6457834585,1.2589604088376256
3,3,True,0.5,0.08318343,2.6457834585,0.6871813272636937
7,7,True,0.55,0.10581981,2.880731243665904,0.7935486315212531
4,4,True,0.65,0.047243834,3.3506265339181924,0.5183027951400597
5,5,True,0.65,0.4528851,3.3506265339181924,2.424392642358965
5,5,True,0.75,0.20514937,3.82052210425,1.2602937273865653
5,5,True,0.65,0.25139686,3.3506265339181924,1.4776086163113236
1,1,True,0.65,0.10845962,3.3506265339181924,0.805953003306646
6,6,True,0.5,0.13342069,2.6457834585,0.923243933943984
7,7,False,0.6,0.13170612,3.1156790288318073,0.9151872365279209
7,7,False,0.55,0.15648505,2.880731243665904,1.0316223141758831
2,2,True,0.65,0.09240177,3.3506265339181924,0.7304979004822144
5,5,True,0.75,0.10458057,3.82052210425,0.7877254982472253
6,6,True,0.5,0.06823166,2.6457834585,0.6169236250584953
3,3,True,0.5,0.2610962,2.6457834585,1.5231853962360993
3,3,False,0.5,0.061231136,2.6457834585,0.5840284956426607
0,0,True,0.45,0.16204423,2.410835673334096,1.057744630689538
2,2,True,0.8,0.050236512,4.055469889415903,0.532365255181336
7,7,True,0.5,0.14313647,2.6457834585,0.9688979457960508
5,5,True,0.6,0.17035568,3.1156790288318073,1.0967997590205594
5,5,False,0.75,0.08250871,3.82052210425,0.6840108621215488
3,3,True,0.45,0.09270986,2.410835673334096,0.731945596504618
5,5,False,0.6,0.23371004,3.1156790288318073,1.394499010259733
1,1,False,0.6,0.14322306,3.1156790288318073,0.9693048313168937
7,7,False,0.55,0.1780937,2.880731243665904,1.133160382341587
2,2,True,0.55,0.11420457,2.880731243665904,0.8329482576603193
2,2,True,0.55,0.1909662,2.880731243665904,1.1936476855854
4,4,False,0.6,0.25737044,3.1156790288318073,1.5056781856789863
2,2,True,0.7,0.13933006,3.5855743190840963,0.9510117876500889
6,6,True,0.5,0.17371152,2.6457834585,1.1125687260645207
7,7,True,0.55,0.09308487,2.880731243665904,0.7337077518066816
6,6,False,0.45,0.09849973,2.410835673334096,0.7591519257855982
4,4,False,0.6,0.12842771,3.1156790288318073,0.8997821627986765
0,0,True,0.4,0.08635576,2.175888028207952,0.7020879644794085
7,7,True,0.5,0.075237006,2.6457834585,0.6498414409153477
4,4,False,0.6,0.22006351,3.1156790288318073,1.3303745943856222
1,1,True,0.5,0.092335574,2.6457834585,0.7301868371667188
7,7,False,0.6,0.13874231,3.1156790288318073,0.9482499935357187
1,1,True,0.5,0.09886403,2.6457834585,0.7608637367941692
5,5,True,0.65,0.30577904,3.3506265339181924,1.733147987734414
3,3,False,0.5,0.073773295,2.6457834585,0.6429635281737622
7,7,True,0.6,0.07502051,3.1156790288318073,0.648824122083421
4,4,True,0.6,0.10396424,3.1156790288318073,0.7848294060036214
0,0,True,0.45,0.09403599,2.410835673334096,0.7381770156970824
0,0,True,0.35,0.086628415,1.9409402430420482,0.7033691532279238
5,5,True,0.6,0.3317134,3.1156790288318073,1.8550124068530622
5,5,False,0.6,0.09087335,3.1156790288318073,0.7233159264131019
3,3,True,0.5,0.059152447,2.6457834585,0.5742608274565828
1,1,False,0.55,0.117286935,2.880731243665904,0.8474321498524429
3,3,False,0.55,0.33078536,2.880731243665904,1.8506515687463518
1,1,False,0.65,0.17837127,3.3506265339181924,1.134464642640458
1,1,True,0.55,0.07392017,2.880731243665904,0.6436536791178661
5,5,True,0.6,0.19233082,3.1156790288318073,1.2000599661270877
2,2,False,0.7,0.111294426,3.5855743190840963,0.8192736202276418
4,4,False,0.6,0.087517336,3.1156790288318073,0.7075461541405241
2,2,True,0.65,0.12063185,3.3506265339181924,0.863149757314656
3,3,False,0.6,0.060060807,3.1156790288318073,0.5785291693022308
6,6,True,0.45,0.190402,2.410835673334096,1.1909965228809303
4,4,True,0.6,0.3039013,3.1156790288318073,1.7243246426556924
4,4,False,0.5,0.12012322,2.6457834585,0.8607597337514673
3,3,False,0.5,0.25471172,2.6457834585,1.4931849586662747
5,5,True,0.65,0.10052428,3.3506265339181924,0.7686651767388448
7,7,False,0.55,0.08810761,2.880731243665904,0.7103198166245008
5,5,True,0.7,0.084976874,3.5855743190840963,0.6956086399029234
6,6,False,0.55,0.048263606,2.880731243665904,0.5230946581211339
2,2,False,0.7,0.07081157,3.5855743190840963,0.6290465169275591
0,0,False,0.45,0.03852143,2.410835673334096,0.47731662355717697
6,6,True,0.45,0.2150567,2.410835673334096,1.3068478447919682
1,1,True,0.55,0.075845264,2.880731243665904,0.6526996173941026
3,3,True,0.5,0.14638601,2.6457834585,0.9841673910183475
4,4,True,0.65,0.22088303,3.3506265339181924,1.3342254777085951
0,0,True,0.35,0.11934248,1.9409402430420482,0.8570910771653717
7,7,False,0.7,0.1876421,3.5855743190840963,1.178027860885165
4,4,True,0.6,0.20655613,3.1156790288318073,1.266904024147999
4,4,True,0.6,0.122547515,3.1156790288318073,0.8721513730070527
5,5,True,0.65,0.12215681,3.3506265339181924,0.8703154517617421
7,7,False,0.7,0.10841154,3.5855743190840963,0.8057270841648461
7,7,False,0.65,0.12562728,3.3506265339181924,0.8866230467301714
0,0,True,0.45,0.08883291,2.410835673334096,0.7137279642482326
7,7,True,0.65,0.14778171,3.3506265339181924,0.9907257330290559
5,5,False,0.65,0.099372156,3.3506265339181924,0.7632514146913885
3,3,True,0.55,0.07934438,2.880731243665904,0.6691417905712843
3,3,True,0.45,0.1020504,2.410835673334096,0.775836367746486
6,6,True,0.55,0.105206184,2.880731243665904,0.7906652478858119
5,5,True,0.65,0.13421994,3.3506265339181924,0.9269995902305868
0,0,True,0.35,0.0701181,1.9409402430420482,0.625787931766832
3,3,True,0.55,0.12925322,2.880731243665904,0.9036611941132823
5,5,False,0.8,0.1265873,4.055469889415903,0.8911341474986832
6,6,True,0.6,0.16263486,3.1156790288318073,1.0605200086605666
6,6,True,0.5,0.15065801,2.6457834585,1.0042413203050313
6,6,False,0.45,0.0934976,2.410835673334096,0.7356471274242251
5,5,True,0.75,0.1896537,3.82052210425,1.1874802645629665
7,7,False,0.55,0.27628082,2.880731243665904,1.5945371940712978
4,4,False,0.5,0.06069195,2.6457834585,0.5814948788112102
5,5,True,0.6,0.1383129,3.1156790288318073,0.9462322306628691
0,0,True,0.45,0.123356,2.410835673334096,0.8759504066091196
2,2,False,0.65,0.029721655,3.3506265339181924,0.43596687374903587
2,2,True,0.7,0.081458576,3.5855743190840963,0.6790763161306488
7,7,True,0.75,0.09664322,3.82052210425,0.7504282540056066
6,6,True,0.55,0.15277673,2.880731243665904,1.01419709689788
6,6,False,0.45,0.12223963,2.410835673334096,0.8707046222530249
0,0,False,0.45,0.074716985,2.410835673334096,0.6473978871541406
1,1,True,0.65,0.23291236,3.3506265339181924,1.3907507760803768
0,0,True,0.5,0.10992725,2.6457834585,0.8128493312765882
0,0,True,0.5,0.09128428,2.6457834585,0.7252468646351434
1,1,True,0.55,0.09443529,2.880731243665904,0.7400533034030307
7,7,False,0.65,0.110304266,3.3506265339181924,0.8146209042524694
6,6,True,0.6,0.29012057,3.1156790288318073,1.6595695577252692
1,1,False,0.5,0.15923567,2.6457834585,1.044547353786605
4,4,True,0.55,0.11904364,2.880731243665904,0.855686828478312
2,2,True,0.6,0.07760831,3.1156790288318073,0.6609840894787773
3,3,False,0.55,0.11066686,2.880731243665904,0.8163247329947564
7,7,True,0.65,0.07843301,3.3506265339181924,0.6648593047099403
1,1,True,0.65,0.16766195,3.3506265339181924,1.0841420553104704
1,1,False,0.5,0.11853551,2.6457834585,0.8532991505810926
6,6,True,0.45,0.09787061,2.410835673334096,0.7561957214752858
2,2,True,0.65,0.14934504,3.3506265339181924,0.9980717286663279
6,6,True,0.45,0.10116096,2.410835673334096,0.7716569161380967
5,5,True,0.7,0.58525074,3.5855743190840963,3.046372791761693
6,6,False,0.4,0.30891857,2.175888028207952,1.7479004761850048
1,1,True,0.5,0.11190587,2.6457834585,0.8221467809606492
4,4,True,0.55,0.13429625,2.880731243665904,0.9273581620344478
6,6,True,0.5,0.119033515,2.6457834585,0.8556392499700668
5,5,True,0.65,0.10424919,3.3506265339181924,0.7861683611528759
1,1,True,0.55,0.24251595,2.880731243665904,1.435877608258304
3,3,True,0.6,0.106954,3.1156790288318073,0.7988781596534497
5,5,True,0.7,0.14404668,3.5855743190840963,0.9731749701067796
1,1,True,0.55,0.09047201,2.880731243665904,0.7214300459836368
0,0,False,0.45,0.3082134,2.410835673334096,1.7445869954386055
1,1,True,0.5,0.09986052,2.6457834585,0.7655462112182072
6,6,True,0.5,0.16940308,2.6457834585,1.09232352815213
2,2,False,0.65,0.093238294,3.3506265339181924,0.7344286764879064
3,3,True,0.6,0.12622587,3.1156790288318073,0.8894358153169515
3,3,True,0.55,0.09795727,2.880731243665904,0.7566029220855872
3,3,False,0.45,0.09934352,2.410835673334096,0.763116871492576
4,4,True,0.65,0.09143812,3.3506265339181924,0.7259697498729996
4,4,True,0.6,0.20309995,3.1156790288318073,1.2506636132541264
4,4,False,0.65,0.14782861,3.3506265339181924,0.990946085590421
0,0,True,0.6,0.13864577,3.1156790288318073,0.947796334735247
5,5,False,0.65,0.24044105,3.3506265339181924,1.4261277601316056
4,4,True,0.5,0.15254895,2.6457834585,1.0131267730170326
5,5,True,0.7,0.057203006,3.5855743190840963,0.5651004942019127
1,1,True,0.6,0.07018853,3.1156790288318073,0.6261188807281577
0,0,True,0.45,0.08587746,2.410835673334096,0.6998404663813163
1,1,True,0.6,0.0872286,3.1156790288318073,0.7061894139418301
7,7,True,0.55,0.14914727,2.880731243665904,0.9971424248231637
7,7,True,0.6,0.27272943,3.1156790288318073,1.5778493561462452
0,0,False,0.55,0.05657073,2.880731243665904,0.5621294631820772
1,1,True,0.5,0.05630002,2.6457834585,0.5608574120278607
5,5,True,0.65,0.26398647,3.3506265339181924,1.5367665921393385
7,7,False,0.7,0.1357565,3.5855743190840963,0.9342197601440668
4,4,True,0.6,0.21492612,3.1156790288318073,1.3062342605862987
3,3,True,0.5,0.08359369,2.6457834585,0.6891091145911495
0,0,True,0.45,0.09276296,2.410835673334096,0.7321951123458713
5,5,True,0.65,0.17188798,3.3506265339181924,1.1039999732683297
6,6,True,0.5,0.068506,2.6457834585,0.6182127610633548
2,2,True,0.8,0.06943662,4.055469889415903,0.6225856775993105
6,6,True,0.5,0.15008049,2.6457834585,1.0015275598281244
1,1,False,0.55,0.39996132,2.880731243665904,2.1757062566002925
6,6,True,0.45,0.2084184,2.410835673334096,1.2756547586114886
1,1,True,0.65,0.060759276,3.3506265339181924,0.5818112461325917
3,3,True,0.55,0.10669081,2.880731243665904,0.7976414335285337
6,6,True,0.55,0.15995051,2.880731243665904,1.047906347454799
7,7,True,0.6,0.14861253,3.1156790288318073,0.994629691420829
5,5,True,0.6,0.30149972,3.1156790288318073,1.7130396786868054
3,3,True,0.5,0.09517449,2.6457834585,0.7435267795745075
7,7,True,0.65,0.16437118,3.3506265339181924,1.0686788650810883
6,6,False,0.45,0.18030375,2.410835673334096,1.143545310777018
3,3,False,0.55,0.12837774,2.880731243665904,0.8995473161222168
6,6,True,0.45,0.25802392,2.410835673334096,1.5087488374826419
5,5,True,0.75,0.1655168,3.82052210425,1.0740620634510627
1,1,True,0.6,0.054508757,3.1156790288318073,0.5524403397960348
0,0,False,0.35,0.17902403,1.9409402430420482,1.137531933489889
0,0,True,0.45,0.14056055,2.410835673334096,0.9567938192547424
0,0,False,0.4,0.009711957,2.175888028207952,0.341942210000443
0,0,True,0.35,0.08999144,1.9409402430420482,0.7191718698538927
7,7,True,0.7,0.05142986,3.5855743190840963,0.5379727447309076
6,6,False,0.45,0.1938694,2.410835673334096,1.2072896587442048
7,7,True,0.6,0.11626482,3.1156790288318073,0.8426292762452884
6,6,True,0.5,0.1448065,2.6457834585,0.9767453537917389
0,0,False,0.6,0.3192991,3.1156790288318073,1.796678144889648
1,1,True,0.45,0.11929818,2.410835673334096,0.8568829080630715
3,3,True,0.45,0.04627263,2.410835673334096,0.513739161956815
3,3,True,0.55,0.03739628,2.880731243665904,0.4720295799869786
3,3,True,0.5,0.13263777,2.6457834585,0.9195650194455146
0,0,True,0.35,0.092885025,1.9409402430420482,0.7327686801903016
7,7,True,0.6,0.12482781,3.1156790288318073,0.8828663751553133
7,7,True,0.55,0.07058564,2.880731243665904,0.6279848755117925
5,5,True,0.6,0.11795182,3.1156790288318073,0.8505564018739965
7,7,True,0.6,0.09224184,3.1156790288318073,0.7297463771135677
6,6,True,0.5,0.049425986,2.6457834585,0.5285566288557525
0,0,True,0.4,0.23006251,2.175888028207952,1.3773594740908401
5,5,True,0.75,0.115513936,3.82052210425,0.8391009044881393
0,0,False,0.4,0.06765934,2.175888028207952,0.6142343365295377
6,6,False,0.6,0.09366772,3.1156790288318073,0.7364465443905757
6,6,False,0.5,0.08392558,2.6457834585,0.690668667371348
2,2,True,0.75,0.06138425,3.82052210425,0.5847479674113821
7,7,False,0.75,0.13083613,3.82052210425,0.9110991958724588
0,0,True,0.4,0.12292918,2.175888028207952,0.8739447921853952
6,6,True,0.45,0.13300082,2.410835673334096,0.921270983794132
4,4,False,0.55,0.19843051,2.880731243665904,1.2287221137365147
1,1,True,0.5,0.088650346,2.6457834585,0.7128701156922859
7,7,True,0.5,0.044131305,2.6457834585,0.5036771652064861
6,6,True,0.55,0.2235582,2.880731243665904,1.3467960066684777
6,6,True,0.65,0.28736374,3.3506265339181924,1.6466153198247189
5,5,True,0.6,0.11406867,3.1156790288318073,0.8323096763576026
2,2,False,0.75,0.12287589,3.82052210425,0.8736944010956458
2,2,False,0.55,0.13721575,2.880731243665904,0.9410767369416267
2,2,False,0.65,0.10390776,3.3506265339181924,0.7845639956496797
5,5,True,0.6,0.091120146,3.1156790288318073,0.7244755956604259
6,6,False,0.45,0.046295732,2.410835673334096,0.513847710275295
4,4,True,0.65,0.08672956,3.3506265339181924,0.703844413161278
0,0,False,0.5,0.3527302,2.6457834585,1.9537694254374829
5,5,False,0.6,0.10500351,3.1156790288318073,0.7897129075022318
2,2,True,0.6,0.09194108,3.1156790288318073,0.7283331308719686
3,3,True,0.55,0.11463568,2.880731243665904,0.8349740378093926
7,7,True,0.65,0.057944786,3.3506265339181924,0.5685860838125749
0,0,True,0.65,0.0645901,3.3506265339181924,0.5998120968414759
6,6,False,0.65,0.25116056,3.3506265339181924,1.476498241059297
5,5,True,0.65,0.11245677,3.3506265339181924,0.8247354159125612
2,2,True,0.65,0.14880894,3.3506265339181924,0.9955526234549419
1,1,True,0.55,0.22288556,2.880731243665904,1.3436353092995486
5,5,True,0.7,0.08943662,3.5855743190840963,0.716564784663684
0,0,False,0.45,0.08704285,2.410835673334096,0.705316581131631
3,3,False,0.55,0.1497753,2.880731243665904,1.0000934826723193
5,5,True,0.7,0.09395351,3.5855743190840963,0.7377894556630322
0,0,False,0.35,0.0704419,1.9409402430420482,0.6273094637523621
3,3,True,0.55,0.20697793,2.880731243665904,1.26888607688221
5,5,True,0.6,0.08957339,3.1156790288318073,0.7172074621293623
4,4,True,0.65,0.08130653,3.3506265339181924,0.6783618682882946
4,4,True,0.45,0.22262497,2.410835673334096,1.3424108016436374
4,4,True,0.7,0.09237544,3.5855743190840963,0.7303741753548131
7,7,True,0.6,0.14465113,3.1156790288318073,0.9760152565062753
6,6,True,0.65,0.20727539,3.3506265339181924,1.270283813720459
6,6,False,0.6,0.4030006,3.1156790288318073,2.1899876513003704
7,7,True,0.6,0.097353205,3.1156790288318073,0.7537644562029633
0,0,True,0.45,0.31912732,2.410835673334096,1.7958709557166526
6,6,True,0.45,0.17539877,2.410835673334096,1.1204970070212437
3,3,True,0.5,0.11029334,2.6457834585,0.8145695796806611
3,3,True,0.55,0.14909874,2.880731243665904,0.9969143700750335
7,7,True,0.5,0.07387071,2.6457834585,0.6434212831371954
5,5,True,0.6,0.1701775,3.1156790288318073,1.0959625313191796
4,4,True,0.6,0.09691097,3.1156790288318073,0.7516864062137059
5,5,True,0.65,0.12584388,3.3506265339181924,0.887640855701256
3,3,True,0.55,0.09887438,2.880731243665904,0.7609124006105494
4,4,False,0.6,0.1339723,3.1156790288318073,0.9258359298501208
4,4,True,0.6,0.10691723,3.1156790288318073,0.7987053856003298
4,4,True,0.6,0.094912656,3.1156790288318073,0.7422964252586427
1,1,False,0.6,0.1329168,3.1156790288318073,0.9208761416925948
1,1,True,0.55,0.032394182,2.880731243665904,0.4485249566753047
2,2,True,0.55,0.15046357,2.880731243665904,1.0033276308950367
4,4,False,0.7,0.477292,3.5855743190840963,2.53907960369074
2,2,True,0.65,0.10217093,3.3506265339181924,0.7764027235433089
0,0,False,0.5,0.12869859,2.6457834585,0.9010549841715696
4,4,True,0.6,0.18590973,3.1156790288318073,1.1698875597327596
7,7,True,0.75,0.09782036,3.82052210425,0.7559595794310521
0,0,True,0.45,0.09030147,2.410835673334096,0.7206286684606551
3,3,True,0.55,0.09196557,2.880731243665904,0.728448208544229
2,2,True,0.6,0.04914134,3.1156790288318073,0.5272190916090616
2,2,True,0.75,0.061547033,3.82052210425,0.5855128820820185
2,2,False,0.6,0.10873823,3.1156790288318073,0.8072621649970949
2,2,True,0.6,0.061675422,3.1156790288318073,0.5861161733653746
7,7,False,0.65,0.15250915,3.3506265339181924,1.012939749918397
5,5,False,0.7,0.13881463,3.5855743190840963,0.9485898000118245
0,0,True,0.3,0.14077719,1.7059925979159036,0.9578117682655862
1,1,True,0.5,0.07501427,2.6457834585,0.6487948187637732
6,6,True,0.45,0.078804664,2.410835673334096,0.666605705539075
5,5,True,0.65,0.107291825,3.3506265339181924,0.8004655803457623
7,7,True,0.55,0.15732756,2.880731243665904,1.0355812381732081
2,2,False,0.8,0.15546896,4.055469889415903,1.0268477286001207
7,7,False,0.5,0.0907857,2.6457834585,0.7229040344708616
4,4,False,0.55,0.26488844,2.880731243665904,1.5410048954566022
5,5,False,0.6,0.098617315,3.1156790288318073,0.7597044526561835
2,2,False,0.7,0.23472348,3.5855743190840963,1.3992611322969115
3,3,False,0.5,0.12520288,2.6457834585,0.8846288105368957
7,7,True,0.55,0.052080832,2.880731243665904,0.5410316331947764
4,4,True,0.55,0.15969719,2.880731243665904,1.0467160095001733
0,0,True,0.45,0.1142284,2.410835673334096,0.8330602194479337
0,0,True,0.4,0.08340834,2.175888028207952,0.688238172317702
6,6,True,0.45,0.08757137,2.410835673334096,0.7078000462242579
3,3,True,0.55,0.11430517,2.880731243665904,0.8334209618680649
0,0,False,0.4,0.51414686,2.175888028207952,2.7122589318742554
0,0,False,0.5,0.12671293,2.6457834585,0.8917244851042978
4,4,True,0.65,0.15395622,3.3506265339181924,1.0197394504543755
1,1,True,0.6,0.08979232,3.1156790288318073,0.7182361942016775
7,7,False,0.55,0.09805401,2.880731243665904,0.7570574911444948
0,0,True,0.35,0.121862866,1.9409402430420482,0.8689342396150984
1,1,True,0.6,0.07886267,3.1156790288318073,0.6668782579207444
1,1,True,0.5,0.0633969,2.6457834585,0.5942053249956711
7,7,False,0.7,0.057933807,3.5855743190840963,0.5685344966662178
6,6,True,0.6,0.06491107,3.1156790288318073,0.601320325049866
6,6,True,0.4,0.07175579,2.175888028207952,0.6334833616136661
4,4,True,0.45,0.15880705,2.410835673334096,1.0425333019673788
6,6,True,0.45,0.22558221,2.410835673334096,1.3563067369060555
3,3,False,0.4,0.15113388,2.175888028207952,1.0064774051627352
3,3,True,0.45,0.22620876,2.410835673334096,1.3592508627871225
5,5,False,0.6,0.1316152,3.1156790288318073,0.9147600452419696
3,3,True,0.5,0.15342264,2.6457834585,1.0172321786026561
4,4,True,0.6,0.07009184,3.1156790288318073,0.625664556738829
1,1,False,0.6,0.17902866,3.1156790288318073,1.1375537096724706
7,7,True,0.6,0.06438802,3.1156790288318073,0.5988625572530831
1,1,True,0.6,0.082327224,3.1156790288318073,0.6831580549969393
1,1,True,0.6,0.10326036,3.1156790288318073,0.7815219119569352
2,2,True,0.6,0.14871791,3.1156790288318073,0.9951248720099533
1,1,False,0.55,0.14465253,2.880731243665904,0.9760218383749656
6,6,True,0.5,0.16510381,2.6457834585,1.0721214624856248
7,7,False,0.55,0.066903345,2.880731243665904,0.6106819479536572
3,3,False,0.55,0.12399164,2.880731243665904,0.8789372446167937
5,5,True,0.6,0.23165466,3.1156790288318073,1.3848408881754206
2,2,True,0.55,0.21135527,2.880731243665904,1.289454976698379
5,5,True,0.65,0.06905945,3.3506265339181924,0.6208133694146927
0,0,False,0.45,0.94004387,2.410835673334096,4.713529602342608
2,2,True,0.6,0.10007301,3.1156790288318073,0.766544694702499
3,3,True,0.5,0.09861721,2.6457834585,0.7597039625170257
1,1,True,0.5,0.1787294,2.6457834585,1.13614750042878
0,0,False,0.5,0.15843336,2.6457834585,1.0407773434246672
3,3,True,0.55,0.09270549,2.880731243665904,0.7319250456699307
1,1,True,0.55,0.045804746,2.880731243665904,0.5115405902496518
5,5,False,0.55,0.13321446,2.880731243665904,0.9222748588091594
2,2,False,0.8,0.14595364,4.055469889415903,0.9821356941894409
3,3,True,0.6,0.13118388,3.1156790288318073,0.9127332498046409
4,4,False,0.6,0.102443635,3.1156790288318073,0.7776841573614031
4,4,True,0.65,0.11365252,3.3506265339181924,0.8303541961677318
0,0,True,0.4,0.10175003,2.175888028207952,0.7744249420217588
2,2,True,0.65,0.11439092,3.3506265339181924,0.8338238912657057
2,2,True,0.7,0.18308103,3.5855743190840963,1.1565956159524942
5,5,True,0.7,0.43900874,3.5855743190840963,2.35918830988049
5,5,True,0.6,0.074665196,3.1156790288318073,0.6471545330622993
2,2,True,0.65,0.04315083,3.3506265339181924,0.49906996215310817
0,0,True,0.4,0.10965408,2.175888028207952,0.811565691832284
7,7,True,0.5,0.73945236,2.6457834585,3.770959232614582
2,2,True,0.6,0.139903,3.1156790288318073,0.9537039820040533
4,4,False,0.5,0.052876532,2.6457834585,0.5447705897400745
6,6,False,0.45,0.28012547,2.410835673334096,1.6126030232285284
4,4,False,0.65,0.0079855705,3.3506265339181924,0.3338299999485181
3,3,False,0.5,0.121958,2.6457834585,0.8693812815369399
3,3,True,0.55,0.122432634,2.880731243665904,0.87161155474463
6,6,False,0.6,0.09574735,3.1156790288318073,0.7462186238290736
4,4,True,0.6,0.18197423,3.1156790288318073,1.1513948193690964
3,3,True,0.5,0.09571612,2.6457834585,0.7460718621612562
0,0,True,0.45,0.06635838,2.410835673334096,0.6081211809138594
7,7,True,0.5,0.08058228,2.6457834585,0.6749586570660805
5,5,True,0.65,0.3466233,3.3506265339181924,1.925073318186409
0,0,True,0.45,0.1751041,2.410835673334096,1.1191123639004954
5,5,True,0.7,0.24122682,3.5855743190840963,1.4298200484270944
0,0,True,0.5,0.2170355,2.6457834585,1.3161461347145853
3,3,True,0.55,0.13118285,2.880731243665904,0.9127284184329427
4,4,True,0.6,0.09568406,3.1156790288318073,0.7459212143901164
1,1,True,0.6,0.14626537,3.1156790288318073,0.983600510072427
4,4,False,0.65,0.10462771,3.3506265339181924,0.787947041146545
7,7,True,0.65,0.077115126,3.3506265339181924,0.6586666415208808
4,4,True,0.55,0.17646633,2.880731243665904,1.1255134412614338
6,6,True,0.5,0.08967446,2.6457834585,0.7176823719633181
6,6,False,0.45,0.09062984,2.410835673334096,0.7221716615393083
5,5,False,0.6,0.40010428,3.1156790288318073,2.1763780273259794
6,6,False,0.55,0.17253761,2.880731243665904,1.107052559943027
3,3,True,0.5,0.0914479,2.6457834585,0.7260156829140721
2,2,True,0.6,0.047041677,3.1156790288318073,0.5173528704423287
3,3,True,0.45,0.27362692,2.410835673334096,1.5820666534996035
0,0,False,0.45,0.08218715,2.410835673334096,0.6824998681279111
4,4,False,0.6,0.13925397,3.1156790288318073,0.9506542661444232
1,1,True,0.55,0.10028519,2.880731243665904,0.7675417077693174
0,0,False,0.4,0.099109635,2.175888028207952,0.7620178394610583
5,5,True,0.65,0.20809944,3.3506265339181924,1.2741559830868558
1,1,False,0.55,0.09699713,2.880731243665904,0.7520912611580379
5,5,True,0.6,0.28851712,3.1156790288318073,1.6520349985520084
0,0,False,0.4,0.087012105,2.175888028207952,0.7051720951099034
0,0,True,0.5,0.045962423,2.6457834585,0.5122815056065265
4,4,True,0.85,0.1282232,4.290417674581807,0.8988211399500157
1,1,True,0.65,0.15457594,3.3506265339181924,1.0226515072305473
3,3,True,0.5,0.08395542,2.6457834585,0.6908088821804149
5,5,True,0.6,0.103913575,3.1156790288318073,0.7845913384126963
7,7,True,0.5,0.13075519,2.6457834585,0.9107188478860161
1,1,True,0.65,0.13483612,3.3506265339181924,0.9298949822753937
7,7,True,0.6,0.13107918,3.1156790288318073,0.9122412901299821
4,4,False,0.65,0.05308162,3.3506265339181924,0.5457342908491334
0,0,True,0.4,0.218657,2.175888028207952,1.323765487962143
3,3,True,0.55,0.08619175,2.880731243665904,0.7013172906736682
1,1,True,0.5,0.10970717,2.6457834585,0.8118151726635976
5,5,False,0.65,0.095940486,3.3506265339181924,0.7471261514896559
4,4,True,0.55,0.14128338,2.880731243665904,0.9601903435784467
4,4,False,0.65,0.20398127,3.3506265339181924,1.2548048690181481
7,7,False,0.6,0.14276783,3.1156790288318073,0.967165723992552
0,0,True,0.5,0.055955105,2.6457834585,0.5592366618728186
2,2,True,0.6,0.07247265,3.1156790288318073,0.6368518429755572
6,6,False,0.5,0.17187971,2.6457834585,1.1039611122351052
2,2,True,0.6,0.104661666,3.1156790288318073,0.7881065814424046
6,6,True,0.6,0.06452105,3.1156790288318073,0.5994876597289607
6,6,True,0.6,0.17658892,3.1156790288318073,1.126089494811593
1,1,True,0.5,0.07722753,2.6457834585,0.6591948364832759
3,3,True,0.5,0.05269032,2.6457834585,0.5438955863136054
0,0,False,0.5,0.06492192,2.6457834585,0.6013713345322157
5,5,True,0.85,0.21352619,4.290417674581807,1.29965603292976
1,1,True,0.55,0.21450397,2.880731243665904,1.304250597394855
3,3,False,0.5,0.10635052,2.6457834585,0.7960424245461334
1,1,True,0.6,0.06553112,3.1156790288318073,0.6042339222633908
3,3,True,0.55,0.17415833,2.880731243665904,1.114668272156841
2,2,True,0.65,0.11428093,3.3506265339181924,0.8333070745337592
1,1,True,0.55,0.11524073,2.880731243665904,0.8378171250040758
4,4,True,0.65,0.0785732,3.3506265339181924,0.6655180517380059
0,0,True,0.4,0.053417645,2.175888028207952,0.5473132566409742
5,5,True,0.7,0.18792257,3.5855743190840963,1.1793457750605747
2,2,True,0.65,0.12639047,3.3506265339181924,0.8902092549079393
1,1,False,0.65,0.1112943,3.3506265339181924,0.8192730250586645
4,4,True,0.6,0.44824672,3.1156790288318073,2.4025971342904944
0,0,True,0.4,0.09598488,2.175888028207952,0.747334775721174
6,6,True,0.45,0.12145928,2.410835673334096,0.867037821193741
2,2,True,0.65,0.11771858,3.3506265339181924,0.849460415707245
5,5,True,0.6,0.2089043,3.1156790288318073,1.2779379668482196
3,3,True,0.5,0.101856075,2.6457834585,0.7749232384955289
5,5,False,0.7,0.36750713,3.5855743190840963,2.023205479364531
6,6,False,0.6,0.19550863,3.1156790288318073,1.2149923356485863
6,6,False,0.45,0.055572167,2.410835673334096,0.5574372559947631
0,0,False,0.45,0.22527291,2.410835673334096,1.3548533342634579
4,4,True,0.65,0.11403123,3.3506265339181924,0.8321337514098969
7,7,True,0.6,0.06325438,3.1156790288318073,0.5935356198564349
1,1,False,0.55,0.11921888,2.880731243665904,0.8565102622633941
0,0,True,0.3,0.1509018,1.7059925979159036,1.0053868455366592
2,2,True,0.7,0.12383375,3.5855743190840963,0.8781953489816035
1,1,True,0.6,0.09078404,3.1156790288318073,0.7228962622642168
7,7,True,0.6,0.09680589,3.1156790288318073,0.7511926610321151
3,3,True,0.55,0.1911704,2.880731243665904,1.1946071679967076
4,4,True,0.55,0.1074797,2.880731243665904,0.8013483909888163
7,7,True,0.45,0.11161559,2.410835673334096,0.8207827586944679
2,2,False,0.5,0.28768802,2.6457834585,1.648139092446399
3,3,True,0.5,0.11549845,2.6457834585,0.8390281538331479
7,7,True,0.6,0.099864684,3.1156790288318073,0.7655657817745789
0,0,True,0.45,0.08962592,2.410835673334096,0.7174542822052479
2,2,True,0.6,0.04207858,3.1156790288318073,0.49403150666075735
1,1,True,0.6,0.10439528,3.1156790288318073,0.7868548360532963
5,5,False,0.6,0.0961245,3.1156790288318073,0.7479908269838719
6,6,True,0.65,0.25866356,3.3506265339181924,1.511754510837951
5,5,True,0.7,0.09257445,3.5855743190840963,0.7313092908479909
4,4,True,0.55,0.20866044,2.880731243665904,1.2767920915171933
6,6,False,0.55,0.40833,2.880731243665904,2.2150302612693
1,1,False,0.55,0.094732,2.880731243665904,0.7414475392472956
1,1,True,0.6,0.09619437,3.1156790288318073,0.7483191501997094
3,3,False,0.45,0.32806554,2.410835673334096,1.8378712602269365
0,0,True,0.35,0.08418507,1.9409402430420482,0.6918879935561626
7,7,True,0.7,0.03826969,3.5855743190840963,0.476133707709798
4,4,True,0.6,0.0899101,3.1156790288318073,0.7187896313306986
0,0,True,0.45,0.12579174,2.410835673334096,0.8873958561422421
6,6,True,0.5,0.22634396,2.6457834585,1.3598861531554942
7,7,False,0.5,0.15868792,2.6457834585,1.0419734930293063
1,1,True,0.6,0.0527977,3.1156790288318073,0.544400167071577
6,6,True,0.5,0.13257638,2.6457834585,0.9192765375412172
2,2,True,0.6,0.1443628,3.1156790288318073,0.9746604418542725
7,7,False,0.6,0.27744532,3.1156790288318073,1.6000091076288314
4,4,False,0.6,0.122164406,3.1156790288318073,0.8703511619003809
5,5,False,0.55,0.16608457,2.880731243665904,1.0767300309266565
2,2,True,0.65,0.1528642,3.3506265339181924,1.014608113591624
5,5,True,0.7,0.44271165,3.5855743190840963,2.3765881099421677
4,4,True,0.7,0.7183709,3.5855743190840963,3.6718984677920927
4,4,True,0.55,0.17334637,2.880731243665904,1.110852888912868
1,1,True,0.5,0.059274513,2.6457834585,0.574834412805983
6,6,True,0.55,0.10402805,2.880731243665904,0.7851292661383675
5,5,True,0.65,0.06214862,3.3506265339181924,0.588339707159645
4,4,True,0.55,0.47732782,2.880731243665904,2.5392479314815
4,4,False,0.6,0.1357157,3.1156790288318073,0.9340280457134924
1,1,False,0.65,0.096221216,3.3506265339181924,0.7484452910129599
4,4,True,0.6,0.1126372,3.1156790288318073,0.8255832516257131
5,5,True,0.6,0.11905491,3.1156790288318073,0.8557397985172929
7,7,True,0.65,0.074290484,3.3506265339181924,0.6453937781578294
7,7,False,0.5,0.26145288,2.6457834585,1.524861392076212
6,6,True,0.55,0.14526999,2.880731243665904,0.9789232521294254
4,4,True,0.7,0.13933448,3.5855743190840963,0.9510325835543549
2,2,False,0.6,0.30969912,3.1156790288318073,1.7515682575226044
1,1,False,0.7,0.023786256,3.5855743190840963,0.4080767040656082
6,6,True,0.55,0.056506053,2.880731243665904,0.5618255418943094
6,6,True,0.5,0.09830942,2.6457834585,0.7582576668922159
4,4,True,0.65,0.107570045,3.3506265339181924,0.8017729215193395
5,5,True,0.65,0.4709736,3.3506265339181924,2.509389774307193
7,7,False,0.65,0.14191982,3.3506265339181924,0.9631809626596236
1,1,True,0.5,0.09639669,2.6457834585,0.7492698451161169
7,7,True,0.55,0.15535851,2.880731243665904,1.0263287412519042
2,2,True,0.65,0.14523442,3.3506265339181924,0.97875611467662
2,2,True,0.6,0.1252977,3.1156790288318073,0.885074347031324
4,4,True,0.55,0.10148185,2.880731243665904,0.7731647592371487
5,5,True,0.6,0.22170296,3.1156790288318073,1.338078321588199
5,5,True,0.6,0.1344915,3.1156790288318073,0.9282756325179452
7,7,False,0.6,0.16809042,3.1156790288318073,1.0861554069308998
5,5,True,0.6,0.10642503,3.1156790288318073,0.7963925589544925
1,1,True,0.65,0.06391384,3.3506265339181924,0.5966343846417836
3,3,True,0.5,0.13061835,2.6457834585,0.9100758553308793
3,3,False,0.55,0.11947403,2.880731243665904,0.8577092126632208
5,5,True,0.65,0.15199485,3.3506265339181924,1.0105230837909884
6,6,True,0.6,0.08284919,3.1156790288318073,0.685610746352445
4,4,True,0.6,0.08808715,3.1156790288318073,0.7102236793296949
1,1,True,0.6,0.06873258,3.1156790288318073,0.6192774483438875
5,5,False,0.6,0.0024351072,3.1156790288318073,0.30774862537138725
2,2,True,0.65,0.06184702,3.3506265339181924,0.5869225047948439
6,6,True,0.5,0.085403115,2.6457834585,0.6976115235513403
1,1,True,0.5,0.13418855,2.6457834585,0.9268520583440928
1,1,True,0.6,0.06984463,3.1156790288318073,0.6245029269348739
6,6,True,0.45,0.16350383,2.410835673334096,1.0646032179443305
7,7,True,0.55,0.10112958,2.880731243665904,0.7715094542714825
5,5,True,0.65,0.1606838,3.3506265339181924,1.0513520257340412
6,6,True,0.45,0.21133047,2.410835673334096,1.2893384636185852
0,0,False,0.35,0.17555694,1.9409402430420482,1.1212402680440876
4,4,False,0.55,0.17884956,2.880731243665904,1.1367121407385503
4,4,False,0.7,0.101312645,3.5855743190840963,0.7723696835033385
1,1,True,0.55,0.087282375,2.880731243665904,0.7064420806776692
0,0,False,0.4,0.08303545,2.175888028207952,0.6864859598385533
4,4,True,0.6,0.12085801,3.1156790288318073,0.8642124840385577
5,5,True,0.65,0.48083106,3.3506265339181924,2.5557094651554144
0,0,True,0.5,0.08381857,2.6457834585,0.6901658196053984
3,3,True,0.5,0.07878385,2.6457834585,0.6665078877671566
6,6,True,0.65,0.11696475,3.3506265339181924,0.8459182150238584
0,0,True,0.4,0.06601193,2.175888028207952,0.6064932187112098
0,0,True,0.4,0.20178172,2.175888028207952,1.2444693045978945
4,4,True,0.55,0.10772619,2.880731243665904,0.8025066248286068
0,0,False,0.65,0.09841244,3.3506265339181924,0.7587417493304103
5,5,True,0.6,0.18175052,3.1156790288318073,1.1503436109154028
7,7,False,0.4,0.08494734,2.175888028207952,0.69546986050139
7,7,True,0.65,0.1742267,3.3506265339181924,1.1149895233648306
0,0,True,0.45,0.12696883,2.410835673334096,0.8929269364981086
3,3,True,0.6,0.051665623,3.1156790288318073,0.5390805817622957
7,7,False,0.6,0.10873122,3.1156790288318073,0.8072292206437037
6,6,True,0.65,0.10014348,3.3506265339181924,0.766875818713524
4,4,True,0.6,0.147716,3.1156790288318073,0.9904169453596501
2,2,True,0.65,0.15925945,3.3506265339181924,1.0446591055145804
4,4,False,0.55,0.059113264,2.880731243665904,0.574076710182954
2,2,True,0.7,0.07613825,3.5855743190840963,0.6540763482684465
4,4,True,0.55,0.22110589,2.880731243665904,1.3352726950291467
0,0,False,0.4,0.19609892,2.175888028207952,1.2177661031623823
4,4,True,0.55,0.22181305,2.880731243665904,1.3385956284593032
0,0,False,0.5,0.25290728,2.6457834585,1.4847059713558384
6,6,False,0.35,0.11511557,1.9409402430420482,0.8372289930246712
6,6,True,0.45,0.20189464,2.410835673334096,1.2449999152461388
5,5,False,0.7,0.1049534,3.5855743190840963,0.789477430646855
6,6,True,0.65,0.07515971,3.3506265339181924,0.6494782477994274
5,5,True,0.65,0.21069139,3.3506265339181924,1.286335451018704
0,0,False,0.5,0.090041116,2.6457834585,0.7194052811228189
1,1,True,0.55,0.053966675,2.880731243665904,0.5498931216029558
6,6,True,0.6,0.05929279,3.1156790288318073,0.5749202921884152
6,6,True,0.5,0.17661731,2.6457834585,1.1262228826823906
7,7,True,0.55,0.08476807,2.880731243665904,0.6946274863388535
5,5,False,0.6,0.1478528,3.1156790288318073,0.9910597278551478
6,6,False,0.55,0.058015306,2.880731243665904,0.5689174528931787
5,3,True,0.55,0.15583755,2.880731243665904,1.0285797403439807
7,7,True,0.65,0.043962393,3.3506265339181924,0.5028834548603298
0,0,True,0.45,0.12380005,2.410835673334096,0.8780369640137586
0,0,False,0.35,0.18792504,1.9409402430420482,1.1793573983606023
5,5,True,0.65,0.0485179,3.3506265339181924,0.5242895823778787
3,3,True,0.75,0.12845078,3.82052210425,0.8998905535724271
5,5,False,0.6,0.14114913,3.1156790288318073,0.9595595344823749
2,2,True,0.65,0.633992,3.3506265339181924,3.2754058576509424
4,4,True,0.6,0.15015891,3.1156790288318073,1.0018960744549004
3,3,False,0.5,0.07616569,2.6457834585,0.6542052898768843
0,0,False,0.45,0.23125699,2.410835673334096,1.3829722676462977
2,2,True,0.65,0.1019998,3.3506265339181924,0.7755985802350797
0,0,True,0.4,0.061275013,2.175888028207952,0.5842346691783897
5,5,True,0.8,0.07398054,4.055469889415903,0.6439373646604052
7,7,True,0.5,0.064876676,2.6457834585,0.6011587191675557
3,3,True,0.5,0.19023494,2.6457834585,1.1902115300097944
2,2,True,0.75,0.20414352,3.82052210425,1.2555673154880256
7,7,False,0.65,0.1615509,3.3506265339181924,1.0554264825328445
6,6,False,0.6,0.16907655,3.1156790288318073,1.090789182528618
5,5,True,0.75,0.08967327,3.82052210425,0.7176768053828831
4,4,True,0.6,0.11123142,3.1156790288318073,0.8189775411663986
6,6,True,0.55,0.15891273,2.880731243665904,1.0430298829540967
1,1,True,0.5,0.069352955,2.6457834585,0.6221925509848255
2,2,True,0.55,0.25515035,2.880731243665904,1.4952460638446485
1,1,False,0.65,0.26414385,3.3506265339181924,1.5375061421085594
1,1,True,0.6,0.121962786,3.1156790288318073,0.8694037579183185
1,1,True,0.55,0.11559326,2.880731243665904,0.8394736553176364
7,7,True,0.65,0.06665807,3.3506265339181924,0.609529420734061
4,4,True,0.55,0.080307804,2.880731243665904,0.6736688908823039
1,1,True,0.55,0.11441985,2.880731243665904,0.8339598348621119
5,5,True,0.75,0.118467085,3.82052210425,0.8529776192935844
4,4,False,0.6,0.2091819,3.1156790288318073,1.27924243720673
7,7,False,0.55,0.09623632,2.880731243665904,0.7485162561610195
0,0,False,0.5,0.26551494,2.6457834585,1.54394881127803
0,0,False,0.4,0.10163461,2.175888028207952,0.7738825680337277
4,4,True,0.55,0.29721594,2.880731243665904,1.6929103636752916
1,1,True,0.6,0.09409501,3.1156790288318073,0.7384543294305702
1,1,False,0.45,0.002218871,2.410835673334096,0.30673254063984
3,3,True,0.5,0.27112603,2.6457834585,1.5703150770525034
0,0,True,0.55,0.06038422,2.880731243665904,0.580048880770889
6,6,True,0.5,0.21924949,2.6457834585,1.3265495483982528
6,6,True,0.45,0.13442202,2.410835673334096,0.9279491298189795
2,2,False,0.65,0.094344236,3.3506265339181924,0.7396254469282225
6,6,True,0.6,0.115083985,3.1156790288318073,0.8370805858896814
2,2,True,0.6,0.16695029,3.1156790288318073,1.0807979758766493
4,4,False,0.55,0.12669142,2.880731243665904,0.8916233763980344
7,7,True,0.7,0.094748355,3.5855743190840963,0.7415243860652485
2,2,False,0.55,0.23579694,2.880731243665904,1.4043052944094565
1,1,True,0.55,0.13654111,2.880731243665904,0.93790665690882
7,7,True,0.45,0.07573087,2.410835673334096,0.6521620747777697
2,2,True,0.55,0.12039081,2.880731243665904,0.86201711574089
6,6,False,0.55,0.10424725,2.880731243665904,0.786159258568517
3,3,True,0.5,0.09849957,2.6457834585,0.7591511555669217
1,1,True,0.55,0.18077375,2.880731243665904,1.145753807802126
1,1,True,0.45,0.09586172,2.410835673334096,0.7467560264056471
2,2,False,0.7,0.03620119,3.5855743190840963,0.46641391561645396
5,5,False,0.7,0.24672431,3.5855743190840963,1.4556524826388582
4,4,False,0.6,0.10838226,3.1156790288318073,0.8055894951012672
4,4,False,0.65,0.21552132,3.3506265339181924,1.3090310646405108
2,2,True,0.7,0.11173135,3.5855743190840963,0.8213267081297919
4,4,False,0.65,0.07193571,3.3506265339181924,0.6343288166509089
6,6,True,0.65,0.13830934,3.3506265339181924,0.9462154959116247
5,5,True,0.65,0.112736575,3.3506265339181924,0.8260502142033247
2,2,True,0.75,0.07617371,3.82052210425,0.6542429605721543
3,3,True,0.55,0.0509083,2.880731243665904,0.5355219614171232
0,0,False,0.55,0.1438557,2.880731243665904,0.9722775953287514
4,4,True,0.5,0.12045671,2.6457834585,0.8623267786587919
7,7,False,0.6,0.07605861,3.1156790288318073,0.6537021270214762
2,2,False,0.6,0.19058438,3.1156790288318073,1.1918534961883809
7,7,True,0.55,0.09384766,2.880731243665904,0.737292069447698
2,2,True,0.7,0.23430388,3.5855743190840963,1.397289442504894
2,2,True,0.6,0.35710272,3.1156790288318073,1.9743156388126344
6,6,True,0.55,0.1109869,2.880731243665904,0.8178285849606663
2,2,True,0.55,0.31050444,2.880731243665904,1.7553524119002384
3,3,False,0.45,0.122084714,2.410835673334096,0.8699766955838316
4,4,True,0.5,0.089840345,2.6457834585,0.7184618682738985
5,5,True,0.6,0.20073144,3.1156790288318073,1.2395340934181376
3,3,False,0.75,0.10617676,3.82052210425,0.79522592272914
5,5,True,0.7,0.043003574,3.5855743190840963,0.49837800819710243
1,1,True,0.55,0.12379174,2.880731243665904,0.8779979279308349
6,6,True,0.5,0.15030111,2.6457834585,1.0025642741667236
0,0,False,0.5,0.20154338,2.6457834585,1.2433493366223511
0,0,True,0.4,0.1517026,2.175888028207952,1.009149783890749
0,0,True,0.35,0.066275366,1.9409402430420482,0.6077311001641406
1,1,True,0.65,0.45246097,3.3506265339181924,2.422399736543403
4,4,False,0.55,0.112837374,2.880731243665904,0.8265238636794462
7,7,True,0.6,0.09250514,3.1156790288318073,0.7309836283875812
6,6,False,0.4,0.22685327,2.175888028207952,1.3622793626232086
3,3,True,0.55,0.124786735,2.880731243665904,0.8826733653569647
5,5,True,0.6,0.1943964,3.1156790288318073,1.2097660518289837
0,0,True,0.45,0.050789222,2.410835673334096,0.5349624150535996
4,4,True,0.7,0.06951885,3.5855743190840963,0.6229720823053458
0,0,True,0.4,0.09447256,2.175888028207952,0.74022842312212
4,4,False,0.6,0.14422262,3.1156790288318073,0.9740016948262068
4,4,False,0.65,0.079601094,3.3506265339181924,0.6703480930584778
3,3,True,0.55,0.056159876,2.880731243665904,0.5601988750594341
1,1,False,0.55,0.10049998,2.880731243665904,0.7685510093250203
3,3,True,0.45,0.12778579,2.410835673334096,0.8967657764017758
6,6,True,0.45,0.06368308,2.410835673334096,0.5955500567849994
0,0,True,0.55,0.07465158,2.880731243665904,0.6470905348922682
2,2,True,0.55,0.15908188,2.880731243665904,1.043824678608388
3,3,True,0.5,0.12058608,2.6457834585,0.8629346912542071
3,3,True,0.5,0.11836714,2.6457834585,0.8525079959605448
5,5,True,0.6,0.098331064,3.1156790288318073,0.7583593707674567
1,1,True,0.5,0.07963255,2.6457834585,0.6704959050244903
1,1,True,0.5,0.10456738,2.6457834585,0.787663530653705
2,2,True,0.65,0.065071166,3.3506265339181924,0.6020726186371893
4,4,True,0.65,0.13083492,3.3506265339181924,0.9110935242622045
3,3,True,0.6,0.08154368,3.1156790288318073,0.6794761996635232
6,6,True,0.5,0.08968376,2.6457834585,0.7177260993781805
7,7,True,0.6,0.10184703,3.1156790288318073,0.7748807364285608
0,0,True,0.5,0.18751286,2.6457834585,1.1774205784686673
2,2,False,0.65,0.07620105,3.3506265339181924,0.6543714470513742
5,5,False,0.8,0.11080204,4.055469889415903,0.8169599183333085
2,2,True,0.55,0.40818653,2.880731243665904,2.214356109867704
3,3,False,0.55,0.19535738,2.880731243665904,1.2142816338697953
2,2,False,0.5,0.072191484,2.6457834585,0.6355306728757424
2,2,False,0.5,0.07469031,2.6457834585,0.6472725515695064
1,1,True,0.55,0.22471088,2.880731243665904,1.352212394461422
7,7,True,0.55,0.06286838,2.880731243665904,0.5917218248931044
4,4,True,0.6,0.06933164,3.1156790288318073,0.6220923875469377
2,2,False,0.65,0.19661492,3.3506265339181924,1.2201907515560748
4,4,True,0.65,0.13039052,3.3506265339181924,0.9090053213903929
4,4,True,0.65,0.05486123,3.3506265339181924,0.5540965900300766
4,4,True,0.7,0.16140367,3.5855743190840963,1.054734686121568
1,1,False,0.75,0.23582642,3.82052210425,1.4044437937314713
3,3,True,0.45,0.08584782,2.410835673334096,0.6997011618306852
7,7,True,0.5,0.1121415,2.6457834585,0.8232539703081501
2,2,True,0.7,0.053872284,3.5855743190840963,0.5494495806750984
4,4,True,0.55,0.1236462,2.880731243665904,0.8773140437659627
4,4,True,0.65,0.14477858,3.3506265339181924,0.9766141365372113
1,1,True,0.6,0.0715172,3.1156790288318073,0.6323622383101082
4,4,True,0.6,0.12230357,3.1156790288318073,0.8710050775567484
1,1,True,0.6,0.108291544,3.1156790288318073,0.8051632140737519
1,1,True,0.55,0.10250366,2.880731243665904,0.7779661974367695
5,5,False,0.6,0.21165048,3.1156790288318073,1.2908421405347958
1,1,True,0.6,0.16930562,3.1156790288318073,1.0918655981389978
3,3,True,0.5,0.23687413,2.6457834585,1.4093669614919226
2,2,False,0.55,0.04392931,2.880731243665904,0.5027279932224618
4,4,True,0.65,0.106636256,3.3506265339181924,0.7973850907490111
7,7,True,0.55,0.051713035,2.880731243665904,0.5393033675144797
7,7,False,0.55,0.19751234,2.880731243665904,1.224407698810035
2,2,True,0.65,0.064714074,3.3506265339181924,0.6003946622404455
3,3,False,0.45,0.33076417,2.410835673334096,1.8505520004774414
7,7,True,0.6,0.109425046,3.1156790288318073,0.8104894862815433
1,1,False,0.55,0.12596543,2.880731243665904,0.8882120078598371
0,0,False,0.45,0.14550848,2.410835673334096,0.9800439203037654
3,3,True,0.45,0.4122935,2.410835673334096,2.233654568986889
2,2,False,0.55,0.04621083,2.880731243665904,0.5134487545058263
4,4,True,0.6,0.18022096,3.1156790288318073,1.1431562803254944
7,7,True,0.55,0.08001969,2.880731243665904,0.6723150565086167
7,7,True,0.55,0.07406773,2.880731243665904,0.6443470509764354
4,4,True,0.6,0.09130271,3.1156790288318073,0.7253334442163726
7,7,False,0.55,0.047307022,2.880731243665904,0.5185997144398591
6,6,False,0.55,0.05805421,2.880731243665904,0.5691002572940633
0,0,True,0.45,0.10637343,2.410835673334096,0.7961500801111473
6,6,True,0.4,0.11201536,2.175888028207952,0.8226612520266263
1,1,True,0.5,0.12523836,2.6457834585,0.8847955278704229
6,6,True,0.45,0.10453635,2.410835673334096,0.7875177142542634
3,3,True,0.5,0.14649977,2.6457834585,0.984701922779854
7,7,True,0.55,0.05430261,2.880731243665904,0.5514716672755184
5,5,True,0.6,0.33872253,3.1156790288318073,1.8879479377394746
3,3,True,0.55,0.107701264,2.880731243665904,0.8023895165798355
4,4,True,0.6,0.14572139,3.1156790288318073,0.9810443643446883
0,0,True,0.45,0.05603998,2.410835673334096,0.5596354951074978
7,7,False,0.55,0.00030371116,2.880731243665904,0.2977332919475948
0,0,True,0.5,0.14974588,2.6457834585,0.9999552634298234
3,3,False,0.5,0.06368328,2.6457834585,0.5955510020533752
3,3,True,0.5,0.108736776,2.6457834585,0.8072553380588258
1,1,True,0.55,0.06672804,2.880731243665904,0.6098581990791165
0,0,False,0.45,0.13352975,2.410835673334096,0.92375640944339
5,5,True,0.6,0.209713,3.1156790288318073,1.2817380157385418
6,6,False,0.45,0.1693899,2.410835673334096,1.0922616305784896
4,4,True,0.7,0.10038919,3.5855743190840963,0.7680304115195709
6,6,True,0.5,0.17210972,2.6457834585,1.1050419390979052
3,3,True,0.5,0.072588034,2.6457834585,0.637394041913889
6,6,True,0.45,0.12510195,2.410835673334096,0.8841545658917969
1,1,True,0.55,0.13790424,2.880731243665904,0.9443119354625394
1,1,True,0.7,0.061639108,3.5855743190840963,0.5859455349185849
3,3,False,0.55,0.0943181,2.880731243665904,0.739502632059257
0,0,True,0.4,0.095424026,2.175888028207952,0.7446993324796933
7,7,True,0.5,0.08578754,2.6457834585,0.6994179314173641
3,3,True,0.55,0.059207354,2.880731243665904,0.5745188332082478
1,1,True,0.6,0.10953298,3.1156790288318073,0.8109966752800332
4,4,False,0.6,0.07790212,3.1156790288318073,0.6623647064564436
6,6,False,0.5,0.13541524,2.6457834585,0.9326162348794269
6,6,False,0.5,0.1348938,2.6457834585,0.9301660292296499
4,4,True,0.5,0.22093898,2.6457834585,1.3344884023568078
7,7,True,0.55,0.060455363,2.880731243665904,0.5803831731814697
3,3,True,0.6,0.057917945,3.1156790288318073,0.5684599605042944
5,5,False,0.65,0.0936697,3.3506265339181924,0.7364558220246338
6,6,True,0.6,0.115522124,3.1156790288318073,0.8391393804120256
7,7,True,0.55,0.08889247,2.880731243665904,0.714007833707329
3,3,True,0.55,0.024161704,2.880731243665904,0.40984091620163754
4,4,True,0.5,0.15008591,2.6457834585,1.0015530470643292
4,4,False,0.55,0.15157841,2.880731243665904,1.008566238213464
4,4,True,0.6,0.12524669,3.1156790288318073,0.8848346689831662
4,4,False,0.55,0.8007557,2.880731243665904,4.059020737554431
2,2,False,0.7,0.21451549,3.5855743190840963,1.3043047227618507
5,5,True,0.65,0.10306298,3.3506265339181924,0.7805944286306428
1,1,False,0.5,0.20281464,2.6457834585,1.2493229426178196
0,0,True,0.45,0.15009712,2.410835673334096,1.0016057020138516
0,0,False,0.5,0.07842583,2.6457834585,0.6648255901378725
4,4,False,0.65,0.094714,3.3506265339181924,0.7413629552326375
5,5,False,0.75,0.15296023,3.82052210425,1.0150593216963069
6,6,False,0.7,0.094439514,3.5855743190840963,0.740073154038921
6,6,True,0.45,0.09418029,2.410835673334096,0.7388550882119407
7,7,True,0.55,0.0846302,2.880731243665904,0.6939796274020786
6,6,True,0.5,0.07538088,2.6457834585,0.6505174828536953
4,4,True,0.65,0.12665221,3.3506265339181924,0.8914391540945862
5,5,True,0.6,0.16886897,3.1156790288318073,1.0898138056046218
6,6,True,0.45,0.16690175,2.410835673334096,1.080569921128519
2,2,True,0.6,0.060088906,3.1156790288318073,0.5786612092903445
5,5,True,0.6,0.15688986,3.1156790288318073,1.0335244742273746
1,1,True,0.5,0.07255218,2.6457834585,0.6372255740833697
7,7,True,0.6,0.16657935,3.1156790288318073,1.0790549710116792
4,4,False,0.6,0.13965732,3.1156790288318073,0.9525495642477056
7,7,False,0.65,0.08589384,3.3506265339181924,0.6999174182290888
5,5,True,0.65,0.187385,3.3506265339181924,1.1768197378811
3,3,True,0.4,0.14291182,2.175888028207952,0.967842326089937
0,0,True,0.45,0.13757755,2.410835673334096,0.9427768196203506
0,0,False,0.45,0.20350537,2.410835673334096,1.252568644120685
7,7,False,0.7,0.32964447,3.5855743190840963,1.8452905666782373
2,2,True,0.8,0.10350754,4.055469889415903,0.7826834017211308
6,6,True,0.45,0.09652934,2.410835673334096,0.7498931620850626
0,0,True,0.5,0.069793396,2.6457834585,0.624262163578581
7,7,True,0.5,0.13568272,2.6457834585,0.9338730917197521
3,3,True,0.55,0.067031175,2.880731243665904,0.6112826134915251
4,4,False,0.8,0.21061218,4.055469889415903,1.2859632253383046
7,7,True,0.75,0.074484006,3.82052210425,0.6463031263352835
5,5,False,0.6,0.0064650015,3.1156790288318073,0.32668491541539274
6,6,True,0.55,0.07579791,2.880731243665904,0.6524770942164673
4,4,True,0.65,0.18297376,3.3506265339181924,1.1560915428386502
4,4,True,0.6,0.11055388,3.1156790288318073,0.8157938422669935
3,3,True,0.6,0.11939402,3.1156790288318073,0.8573332409192583
4,4,False,0.65,0.22549628,3.3506265339181924,1.3559029322599188
5,5,True,0.7,0.16786647,3.5855743190840963,1.0851030781591313
3,3,True,0.5,0.13912728,2.6457834585,0.950058957127351
7,7,True,0.6,0.079261735,3.1156790288318073,0.6687534603185576
7,7,True,0.65,0.1156129,3.3506265339181924,0.8395659415190597
0,0,True,0.45,0.1174626,2.410835673334096,0.848257579204096
5,5,True,0.6,0.18010463,3.1156790288318073,1.1426096351248025
3,3,True,0.55,0.13162422,2.880731243665904,0.9148024072691784
1,1,False,0.5,0.14621887,2.6457834585,0.9833819780279337
1,1,True,0.65,0.065879084,3.3506265339181924,0.6058689914838282
0,0,True,0.4,0.12462925,2.175888028207952,0.8819333602585259
5,5,False,0.7,0.085696384,3.5855743190840963,0.698989584803398
5,5,True,0.7,0.17522241,3.5855743190840963,1.1196683217451853
5,5,False,0.6,0.19841582,3.1156790288318073,1.2286530741351465
3,3,True,0.55,0.33490482,2.880731243665904,1.8700087045247122
0,0,False,0.45,0.284609,2.410835673334096,1.6336708847073245
0,0,False,0.45,0.110616416,2.410835673334096,0.8160876806920867
0,0,True,0.5,0.0654152,2.6457834585,0.6036892376193301
0,0,False,0.45,0.1549046,2.410835673334096,1.0241958656968544
5,5,False,0.7,0.060437396,3.5855743190840963,0.5802987467115408
4,4,True,0.6,0.071773864,3.1156790288318073,0.6335682957277227
7,7,False,0.6,0.21834569,3.1156790288318073,1.322302632635788
2,2,True,0.55,0.35019064,2.880731243665904,1.9418360773827232
7,7,True,0.55,0.09209116,2.880731243665904,0.7290383360902045
5,5,True,0.55,0.4351119,2.880731243665904,2.3408772711046066
3,3,True,0.45,0.15393946,2.410835673334096,1.0196606780897313
4,4,False,0.55,0.36347133,2.880731243665904,2.004241435190716
7,7,True,0.55,0.15144527,2.880731243665904,1.0079406105884887
6,6,True,0.55,0.071186736,2.880731243665904,0.6308094074383594
2,2,False,0.55,0.10953698,2.880731243665904,0.8110154756177284
3,3,True,0.6,0.08578244,3.1156790288318073,0.6993939496085724
6,6,True,0.45,0.092561826,2.410835673334096,0.7312499840098987
1,1,True,0.6,0.113910444,3.1156790288318073,0.8315661702651795
5,5,True,0.6,0.17700574,3.1156790288318073,1.1280480908861095
6,6,False,0.45,0.14160562,2.410835673334096,0.96170452347661
5,5,True,0.6,0.09082831,3.1156790288318073,0.7231042563168175
2,2,True,0.6,0.08744589,3.1156790288318073,0.70721044382738
3,3,False,0.55,0.06243647,2.880731243665904,0.5896922986804679
1,1,True,0.6,0.13904065,3.1156790288318073,0.9496518615468691
2,2,True,0.65,0.11189288,3.3506265339181924,0.8220857236255649
7,7,True,0.7,0.051891595,3.5855743190840963,0.5401424157327313
5,5,True,0.6,0.18651313,3.1156790288318073,1.1727228747207978
4,4,True,0.65,0.09829939,3.3506265339181924,0.7582105435131887
0,0,True,0.4,0.034920417,2.175888028207952,0.4603956194327773
5,5,False,0.6,0.09455418,3.1156790288318073,0.7406119570130882
1,1,True,0.5,0.13552694,2.6457834585,0.933141103897537
3,3,True,0.55,0.10548468,2.880731243665904,0.7919738844271633
5,5,True,0.55,0.27178776,2.880731243665904,1.5734245198695038
5,5,True,0.8,0.074017994,4.055469889415903,0.6441133596279905
5,5,False,0.75,0.123774864,3.82052210425,0.8779186304170928
4,4,True,0.55,0.24281019,2.880731243665904,1.4372602208025413
6,6,True,0.4,0.07230935,2.175888028207952,0.6360845301240416
4,4,True,0.75,0.1348852,3.82052210425,0.9301256277590723
5,5,False,0.65,0.057325445,3.3506265339181924,0.565675830048305
2,2,True,0.55,0.19599438,2.880731243665904,1.2172748436865206
5,5,True,0.65,0.14592035,3.3506265339181924,0.9819792697782271
4,4,True,0.65,0.14236185,3.3506265339181924,0.9652580323705654
1,1,True,0.5,0.09537265,2.6457834585,0.7444579039345434
6,6,False,0.5,0.058974456,2.6457834585,0.5734244574987291
0,0,True,0.45,0.061850414,2.410835673334096,0.5869384518224419
0,0,True,0.4,0.08404838,2.175888028207952,0.6912457011998225
5,5,True,0.6,0.20424147,3.1156790288318073,1.2560275561571876
3,3,False,0.5,0.11142501,2.6457834585,0.8198872394432513
0,0,True,0.4,0.10795817,2.175888028207952,0.8035966943155249
1,1,False,0.65,0.11663809,3.3506265339181924,0.844383239221429
0,0,False,0.5,0.14436212,2.6457834585,0.974657220939807
2,2,True,0.65,0.09212939,3.3506265339181924,0.7292179720915335
7,7,False,0.65,0.15508373,3.3506265339181924,1.025037574670534
2,2,False,0.7,0.10740687,3.5855743190840963,0.8010061688268615
6,6,True,0.4,0.13086008,2.175888028207952,0.9112117178191108
1,1,True,0.55,0.057251323,2.880731243665904,0.5653275336617876
3,3,True,0.45,0.08965833,2.410835673334096,0.7176065754435602
6,6,False,0.5,0.4691428,2.6457834585,2.5007868518097163
5,5,True,0.65,0.10682871,3.3506265339181924,0.7982894325050679
2,2,True,0.55,0.16514912,2.880731243665904,1.0723343929397433
5,5,False,0.75,0.17036667,3.82052210425,1.096851433691766
4,4,True,0.6,0.20800042,3.1156790288318073,1.2736907009863565
6,6,True,0.55,0.20517227,2.880731243665904,1.2604013479416394
3,3,True,0.5,0.1163711,2.6457834585,0.8431286930371334
2,2,False,0.55,0.11752826,2.880731243665904,0.8485661218039229
6,6,True,0.55,0.10660162,2.880731243665904,0.797222329538686
7,7,True,0.5,0.16762264,2.6457834585,1.0839573428678644
6,6,True,0.5,0.08840367,2.6457834585,0.7117110066039993
5,5,True,0.6,0.13348542,3.1156790288318073,0.9235481003013306
1,1,True,0.45,0.106082045,2.410835673334096,0.7947808763738694
3,3,True,0.6,0.15839964,3.1156790288318073,1.0406188884369425
3,3,False,0.7,0.052946128,3.5855743190840963,0.545097617588138
5,5,True,0.55,0.18784848,2.880731243665904,1.1789976362187864
0,0,False,0.55,0.090678565,2.880731243665904,0.7224006265458746
7,7,True,0.65,0.105024256,3.3506265339181924,0.7898103751747518
0,0,False,0.35,0.089548014,1.9409402430420482,0.7170882182742606
7,7,False,0.6,0.11632723,3.1156790288318073,0.8429225545113442
4,4,False,0.55,0.24834038,2.880731243665904,1.463246348650211
4,4,True,0.5,0.13743624,2.6457834585,0.9421128211013088
2,2,False,0.5,0.17769165,2.6457834585,1.131271175967837
2,2,True,0.55,0.08228164,2.880731243665904,0.6829438641849863
0,0,True,0.55,0.1276463,2.880731243665904,0.8961103203080553
7,7,True,0.65,0.16589715,3.3506265339181924,1.075849320879993
2,2,True,0.6,0.08916267,3.1156790288318073,0.7152775041856363
4,4,False,0.55,0.26479337,2.880731243665904,1.5405581686242191
0,0,False,0.45,0.14378193,2.410835673334096,0.9719309269044366
6,6,True,0.65,0.2504492,3.3506265339181924,1.4731556320429493
5,5,True,0.65,0.08997422,3.3506265339181924,0.7190909268729782
2,2,False,0.65,0.22578971,3.3506265339181924,1.3572817637306531
7,7,True,0.6,0.13235785,3.1156790288318073,0.9182496960056535
1,1,True,0.6,0.07913033,3.1156790288318073,0.6681359900095656
5,5,True,0.7,0.11354679,3.5855743190840963,0.829857370111435
1,1,True,0.65,0.14537169,3.3506265339181924,0.9794011378082677
5,5,True,0.65,0.13126379,3.3506265339181924,0.9131087664193853
7,7,False,0.7,0.0076157544,3.5855743190840963,0.3320922509507667
6,6,True,0.45,0.20833217,2.410835673334096,1.275249553567758
7,7,False,0.55,0.0047391746,2.880731243665904,0.31857533329707716
2,2,True,0.6,0.08346611,3.1156790288318073,0.6885096393912362
5,3,True,0.45,0.0649558,2.410835673334096,0.601530524728677
7,7,True,0.6,0.12458091,3.1156790288318073,0.8817062157688315
2,2,True,0.65,0.05482381,3.3506265339181924,0.5539207526072205
3,3,True,0.6,0.19561298,3.1156790288318073,1.2154826848660125
4,4,True,0.85,0.13770504,4.290417674581807,0.9433759097109258
6,6,True,0.45,0.062324245,2.410835673334096,0.5891649614615989
1,1,True,0.65,0.12801287,3.3506265339181924,0.897832809348278
7,7,True,0.5,0.1742283,2.6457834585,1.1149970154919568
4,4,True,0.65,0.14135654,3.3506265339181924,0.9605341411876943
1,1,True,0.65,0.16501802,3.3506265339181924,1.071718358038285
3,3,True,0.5,0.093416825,2.6457834585,0.7352675846663987
2,2,False,0.7,0.121219225,3.5855743190840963,0.8659098009320342
2,2,True,0.75,0.14786102,3.82052210425,0.9910983788287333
7,7,True,0.6,0.18556616,3.1156790288318073,1.1682731113668892
3,3,True,0.5,0.055899385,2.6457834585,0.5589748400377108
7,7,True,0.45,0.071521245,2.410835673334096,0.6323812487074424
4,4,True,0.65,0.1679182,3.3506265339181924,1.0853461871813936
4,4,True,0.65,0.09541835,3.3506265339181924,0.7446726549055338
2,2,False,0.65,0.08361636,3.3506265339181924,0.6892156498380886
3,3,True,0.55,0.19491611,2.880731243665904,1.2122081351727174
0,0,True,0.45,0.09717052,2.410835673334096,0.7529060124780392
5,5,True,0.65,0.14371216,3.3506265339181924,0.9716030938277568
1,1,True,0.5,0.27656707,2.6457834585,1.5958822759600244
0,0,True,0.45,0.13761413,2.410835673334096,0.9429487184249745
2,2,False,0.7,0.120623745,3.5855743190840963,0.8631116665001081
7,7,False,0.6,0.10277609,3.1156790288318073,0.7792463358870896
0,0,False,0.45,0.20035744,2.410835673334096,1.2377766644579524
0,0,False,0.55,0.07671146,2.880731243665904,0.6567698379901852
6,6,True,0.6,0.13859324,3.1156790288318073,0.9475495146593614
6,6,False,0.45,0.044478234,2.410835673334096,0.5053073680452855
5,5,True,0.65,0.05680433,3.3506265339181924,0.5632271298259413
1,1,True,0.55,0.088646516,2.880731243665904,0.7128521205832071
5,5,True,0.55,0.12460004,2.880731243665904,0.8817960862844058
6,6,True,0.55,0.088427186,2.880731243665904,0.7118214979741405
6,6,True,0.45,0.28594434,2.410835673334096,1.6399456462053132
2,2,True,0.65,0.10097181,3.3506265339181924,0.7707681187953297
6,6,False,0.5,0.12808312,2.6457834585,0.8981629530809875
4,4,False,0.6,0.24412179,3.1156790288318073,1.443423370612314
0,0,False,0.5,0.15732594,2.6457834585,1.0355736060063225
5,5,True,0.65,0.18142217,3.3506265339181924,1.148800722866569
5,5,True,0.7,0.0961352,3.5855743190840963,0.7480411012574848
1,1,True,0.5,0.20266703,2.6457834585,1.2486293256896714
7,7,False,0.55,0.00037338093,2.880731243665904,0.29806066702314754
3,3,True,0.55,0.28060445,2.880731243665904,1.6148537422410862
4,4,False,0.55,0.14990258,2.880731243665904,1.000691592484579
0,0,False,0.5,0.07396305,2.6457834585,0.6438551963315962
0,0,True,0.45,0.060432244,2.410835673334096,0.5802745373381402
3,3,True,0.55,0.06926139,2.880731243665904,0.6217622788241682
5,5,True,0.75,0.15240443,3.82052210425,1.012447650203979
6,6,True,0.55,0.11289101,2.880731243665904,0.8267759002363682
2,2,True,0.65,0.14645527,3.3506265339181924,0.984492843419118
3,3,True,0.45,0.10678679,2.410835673334096,0.7980924315735773
0,0,False,0.45,0.18656613,2.410835673334096,1.1729719354328334
2,2,True,0.55,0.108665586,2.880731243665904,0.8069208180836361
4,4,True,0.6,0.11583977,3.1156790288318073,0.8406319941872463
5,5,False,0.65,0.0075597223,3.3506265339181924,0.3318289586981855
1,1,False,0.55,0.07665963,2.880731243665904,0.6565262738387048
0,0,False,0.45,0.32099977,2.410835673334096,1.804669513757966
0,0,True,0.55,0.06585921,2.880731243665904,0.6057756199742699
7,7,True,0.6,0.08735838,3.1156790288318073,0.7067992170739967
3,3,False,0.65,0.19448526,3.3506265339181924,1.2101835803715384
2,2,True,0.65,0.16971003,3.3506265339181924,1.0937658676537378
7,7,False,0.6,0.90493417,3.1156790288318073,4.548550722388147
1,1,True,0.55,0.09438758,2.880731243665904,0.7398291347582229
1,1,True,0.65,0.09900051,3.3506265339181924,0.7615050838821334
0,0,True,0.4,0.15903032,2.175888028207952,1.043582409824682
2,2,True,0.7,0.06525696,3.5855743190840963,0.6029456615070274
6,6,True,0.45,0.098817565,2.410835673334096,0.7606454148093149
1,1,True,0.55,0.09459185,2.880731243665904,0.7407889672689291
5,5,True,0.65,0.25451168,3.3506265339181924,1.4922450118013986
2,2,True,0.65,0.08013939,3.3506265339181924,0.672877526202117
3,3,False,0.4,0.09831335,2.175888028207952,0.7582761171305126
7,7,False,0.45,0.22547884,2.410835673334096,1.3558210090006888
0,0,True,0.5,0.08856494,2.6457834585,0.7124687967518779
6,6,True,0.45,0.20183915,2.410835673334096,1.244739161214196
3,3,True,0.5,0.082160614,2.6457834585,0.6823751627221941
5,5,True,0.6,0.39478335,3.1156790288318073,2.15137518864871
3,3,True,0.5,0.10863427,2.6457834585,0.8067736713064806
1,1,False,0.6,0.21050297,3.1156790288318073,1.2854500496401018
2,2,True,0.65,0.079202786,3.3506265339181924,0.6684764616745283
7,7,True,0.6,0.1894834,3.1156790288318073,1.1866800773779396
2,2,False,0.6,0.14214407,3.1156790288318073,0.9642346918289859
3,3,True,0.55,0.22841561,2.880731243665904,1.3696207369484215
4,4,False,0.6,0.062135868,3.1156790288318073,0.5882797876476056
7,7,False,0.5,0.12977658,2.6457834585,0.9061204323275385
3,3,True,0.45,0.10883625,2.410835673334096,0.8077227557656553
5,5,True,0.65,0.055502124,3.3506265339181924,0.5571081275503091
3,3,True,0.45,0.066864826,2.410835673334096,0.6105009465646745
7,7,True,0.55,0.13044074,2.880731243665904,0.9092412883849275
3,3,True,0.5,0.08352433,2.6457834585,0.688783207061161
4,4,True,0.55,0.11131573,2.880731243665904,0.8193737136456499
1,1,True,0.55,0.07926546,2.880731243665904,0.6687709652884786
3,3,True,0.45,0.068184406,2.410835673334096,0.6167015920200178
4,4,False,0.55,0.15342066,2.880731243665904,1.0172228659586584
3,3,True,0.4,0.029623212,2.175888028207952,0.4355042961663894
4,4,True,0.6,0.13263884,3.1156790288318073,0.9195700608768519
6,6,True,0.5,0.10555898,2.6457834585,0.792323003547267
5,5,True,0.55,0.098663665,2.880731243665904,0.7599222494919401
4,4,True,0.6,0.09311851,3.1156790288318073,0.7338658216850679
4,4,True,0.6,0.0778787,3.1156790288318073,0.6622546352055806
5,5,True,0.65,0.36010662,3.3506265339181924,1.9884308063183427
7,7,True,0.65,0.13979115,3.3506265339181924,0.9531784127871463
0,0,False,0.4,0.06499672,2.175888028207952,0.6017227993182888
4,4,True,0.65,0.13187985,3.3506265339181924,0.9160035983051549
3,3,False,0.65,0.17305438,3.3506265339181924,1.1094808493704629
0,0,True,0.35,0.14558269,1.9409402430420482,0.9803926193045911
1,1,True,0.65,0.07807668,3.3506265339181924,0.6631849543370001
5,5,False,0.8,0.12511139,4.055469889415903,0.8841988884756368
6,6,True,0.55,0.27362368,2.880731243665904,1.5820513891658325
5,5,False,0.75,0.18113157,3.82052210425,1.1474351951729747
1,1,True,0.5,0.06984838,2.6457834585,0.6245205369346144
5,5,True,0.7,0.11294219,3.5855743190840963,0.8270163835131423
7,7,True,0.6,0.04779393,3.1156790288318073,0.5208876665234388
1,1,True,0.55,0.09574073,2.880731243665904,0.7461874999925541
5,5,True,0.65,0.10706823,3.3506265339181924,0.7994149320511061
2,2,True,0.7,0.17112048,3.5855743190840963,1.1003935293453333
0,0,False,0.45,0.13231394,2.410835673334096,0.9180433474202252
5,5,True,0.8,0.0634758,4.055469889415903,0.5945760802585971
2,2,True,0.65,0.13244992,3.3506265339181924,0.91868234884222
7,7,False,0.55,0.07556275,2.880731243665904,0.6513721104951764
1,1,True,0.55,0.073826894,2.880731243665904,0.643215389680985
2,2,True,0.55,0.119474076,2.880731243665904,0.8577094227228598
5,5,True,0.7,0.22906233,3.5855743190840963,1.3726596697465803
3,3,True,0.55,0.24873553,2.880731243665904,1.4651031358196673
1,1,True,0.55,0.11390839,2.880731243665904,0.8315565075217832
4,4,True,0.6,0.1350504,3.1156790288318073,0.9309018681452474
5,5,True,0.75,0.055981,3.82052210425,0.5593583389187392
0,0,False,0.45,0.1059323,2.410835673334096,0.7940772466029264
1,1,True,0.6,0.3182636,3.1156790288318073,1.7918123234106578
4,4,True,0.6,0.1570389,3.1156790288318073,1.0342248130639726
1,1,True,0.55,0.14360498,2.880731243665904,0.9710994408331908
0,0,False,0.55,0.1625152,2.880731243665904,1.0599576790068257
1,1,True,0.45,0.09724638,2.410835673334096,0.7532624836855097
1,1,True,0.55,0.111048706,2.880731243665904,0.8181189924116551
5,5,True,0.75,0.05831874,3.82052210425,0.5703432852081509
0,0,False,0.45,0.14292394,2.410835673334096,0.96789925225212
3,3,False,0.6,0.14493336,3.1156790288318073,0.9773414330274875
4,4,True,0.6,0.1346821,3.1156790288318073,0.9291712567989814
4,4,True,0.6,0.17594144,3.1156790288318073,1.1230469909995702
3,3,True,0.55,0.06975357,2.880731243665904,0.6240750354501259
6,6,False,0.45,0.11429477,2.410835673334096,0.8333720879920457
7,7,True,0.55,0.18646753,2.880731243665904,1.172508613888965
7,7,True,0.55,0.11479376,2.880731243665904,0.8357168437030188
7,7,True,0.55,0.18627527,2.880731243665904,1.171605217401284
6,6,False,0.4,0.11397895,2.175888028207952,0.8318880866620261
4,4,False,0.55,0.24823265,2.880731243665904,1.4627401049200968
4,4,True,0.55,0.17201349,2.880731243665904,1.1045897507149067
0,0,False,0.45,0.12347073,2.410835673334096,0.8764895246727454
3,3,True,0.5,0.062611595,2.6457834585,0.5905152073164524
5,5,True,0.6,0.17696443,3.1156790288318073,1.1278539957796259
2,2,True,0.7,0.12645663,3.5855743190840963,0.8905201431737356
3,3,True,0.55,0.06483711,2.880731243665904,0.6009728163869951
4,4,True,0.5,0.13750112,2.6457834585,0.9424176876574523
3,3,False,0.5,0.0870264,2.6457834585,0.7052392791844599
2,2,True,0.55,0.24537346,2.880731243665904,1.4493049004659981
1,2,True,0.75,0.029701049,3.82052210425,0.43587004500791804
3,3,False,0.55,0.06371883,2.880731243665904,0.5957180694863009
4,4,False,0.6,0.11797499,3.1156790288318073,0.8506652827869049
2,2,False,0.7,0.0026506782,3.5855743190840963,0.3087615832776824
6,6,True,0.45,0.14271826,2.410835673334096,0.9669327678528438
3,3,True,0.5,0.26545233,2.6457834585,1.5436545877435985
5,5,True,0.65,0.16168116,3.3506265339181924,1.0560385963210408
2,2,True,0.6,0.05378434,3.1156790288318073,0.5490363408501742
4,4,True,0.6,0.13034432,3.1156790288318073,0.9087881897434933
1,1,True,0.65,0.16399617,3.3506265339181924,1.0669167447889647
4,4,False,0.55,0.042789564,2.880731243665904,0.49737238268508294
7,7,True,0.55,0.08363571,2.880731243665904,0.689306570651858
5,5,False,0.65,0.1228796,3.3506265339181924,0.873711836045687
0,0,True,0.5,0.07763316,2.6457834585,0.6611008476281501
7,7,True,0.5,0.2480507,2.6457834585,1.4618851621891569
4,4,False,0.7,0.43807268,3.5855743190840963,2.35478980107851
5,5,False,0.6,0.1871747,3.1156790288318073,1.1758315473191217
2,2,False,0.6,0.13020277,3.1156790288318073,0.9081230709063763
0,0,False,0.3,0.16507894,1.7059925979159036,1.0720045993064324
1,1,True,0.6,0.0827217,3.1156790288318073,0.6850116912718098
6,6,False,0.4,0.23409262,2.175888028207952,1.396296770670616
1,1,False,0.5,0.22546366,2.6457834585,1.355749658743291
0,0,True,0.55,0.32544315,2.880731243665904,1.825548741680894
0,0,True,0.45,0.23802017,2.410835673334096,1.414752120418528
0,0,True,0.45,0.15547384,2.410835673334096,1.0268706951206572
0,0,False,0.35,0.15706433,1.9409402430420482,1.034344336998593
6,6,False,0.45,0.19119823,2.410835673334096,1.1947379651319572
3,3,True,0.6,0.07491304,3.1156790288318073,0.648319138711141
6,6,True,0.7,0.03991001,3.5855743190840963,0.48384149606539645
5,5,True,0.65,0.1530317,3.3506265339181924,1.0153952070591503
7,7,True,0.55,0.10967971,2.880731243665904,0.8116861260253403
3,3,True,0.6,0.07236062,3.1156790288318073,0.6363254335200939
6,6,True,0.55,0.0716281,2.880731243665904,0.6328833612646553
1,1,True,0.6,0.11321802,3.1156790288318073,0.8283124864960303
7,7,True,0.7,0.14870426,3.5855743190840963,0.9950607338001628
1,1,False,0.7,0.079069175,3.5855743190840963,0.6678486284233431
1,1,True,0.6,0.11296115,3.1156790288318073,0.8271054838100401
7,7,False,0.6,0.17334403,3.1156790288318073,1.1108418957917574
1,1,True,0.7,0.10143666,3.5855743190840963,0.7729524239520074
6,6,False,0.6,0.097634844,3.1156790288318073,0.7550878669389278
4,4,True,0.6,0.12801555,3.1156790288318073,0.8978454129266211
3,3,True,0.55,0.12376231,2.880731243665904,0.8778596386684593
4,4,True,0.6,0.3101203,3.1156790288318073,1.753547439441748
6,6,True,0.55,0.22283956,2.880731243665904,1.3434191579309644
2,2,True,0.65,0.26878405,3.3506265339181924,1.5593101926023516
4,4,True,0.65,0.11750663,3.3506265339181924,0.8484644879485618
3,3,True,0.55,0.06896445,2.880731243665904,0.6203669926817081
4,4,False,0.6,0.11043055,3.1156790288318073,0.81521432273279
6,6,True,0.5,0.074716315,2.6457834585,0.6473947362595547
3,3,True,0.5,0.05712501,2.6457834585,0.5647339926466775
6,6,False,0.55,0.28545108,2.880731243665904,1.6376278481480184
6,6,True,0.45,0.26361296,2.410835673334096,1.5350114738351832
0,0,False,0.4,0.25477144,2.175888028207952,1.4934655983440475
0,0,True,0.4,0.09989432,2.175888028207952,0.7657050513152701
4,4,True,0.55,0.12120164,2.880731243665904,0.8658271774740072
4,4,True,0.7,0.16562521,3.5855743190840963,1.0745715280956425
2,2,True,0.65,0.19416033,3.3506265339181924,1.2086567268751525
3,3,True,0.45,0.14573787,2.410835673334096,0.9811218063316187
1,1,True,0.6,0.0935558,3.1156790288318073,0.7359206250742703
5,5,False,0.6,0.21337715,3.1156790288318073,1.2989556940931621
4,4,True,0.6,0.093060255,3.1156790288318073,0.7335920789654439
7,7,True,0.45,0.11148848,2.410835673334096,0.8201854541108248
2,2,True,0.7,0.1306934,3.5855743190840963,0.9104285454648469
2,2,False,0.65,0.098108985,3.3506265339181924,0.7573158294905884
6,6,True,0.5,0.17019793,2.6457834585,1.0960585285742261
4,4,True,0.6,0.07836548,3.1156790288318073,0.6645420096251529
6,6,True,0.55,0.06134471,2.880731243665904,0.584562169660641
5,5,True,0.7,0.18128471,3.5855743190840963,1.1481547894764854
4,4,False,0.6,0.17030424,3.1156790288318073,1.0965580503958907
4,4,True,0.6,0.13639542,3.1156790288318073,0.937222072545151
6,6,True,0.55,0.23278809,2.880731243665904,1.3901668102838134
6,6,True,0.5,0.08623274,2.6457834585,0.7015098803527386
5,5,True,0.65,0.11758589,3.3506265339181924,0.8488369236886001
3,3,True,0.5,0.16052452,2.6457834585,1.0506035832401004
5,5,True,0.6,0.13181673,3.1156790288318073,0.915706994094814
3,3,True,0.6,0.08508237,3.1156790288318073,0.6961043456411453
5,5,False,0.7,0.11491657,3.5855743190840963,0.8362939125414333
3,3,True,0.45,0.15458918,2.410835673334096,1.0227136848837066
7,7,False,0.55,0.14852276,2.880731243665904,0.9942078916656135
6,6,True,0.55,0.06611164,2.880731243665904,0.6069617567361143
0,0,True,0.35,0.06408679,1.9409402430420482,0.5974470703753343
1,1,True,0.6,0.10877573,3.1156790288318073,0.8074383700243194
5,5,True,0.65,0.09856568,3.3506265339181924,0.759461833773079
0,0,False,0.35,0.10317051,1.9409402430420482,0.7810996920824416
7,7,False,0.55,0.06715461,2.880731243665904,0.6118626231648863
7,7,False,0.75,0.02977445,3.82052210425,0.43621495418275574
3,3,True,0.5,0.07349289,2.6457834585,0.6416459290878113
3,3,True,0.55,0.1025858,2.880731243665904,0.7783521820235269
3,3,False,0.55,0.11483349,2.880731243665904,0.8359035167022559
2,2,True,0.65,0.10924579,3.3506265339181924,0.8096471821388863
4,4,False,0.55,0.042270306,2.880731243665904,0.49493241744270966
3,3,False,0.45,0.078132,2.410835673334096,0.6634449031403264
5,5,True,0.6,0.09286868,3.1156790288318073,0.7326918683822884
4,4,True,0.65,0.17932695,3.3506265339181924,1.138955367623982
1,1,True,0.45,0.061033834,2.410835673334096,0.5831013799207366
0,0,False,0.45,0.12803455,2.410835673334096,0.8979346882732181
3,3,False,0.55,0.12098595,2.880731243665904,0.8648136397155834
0,0,True,0.45,0.05245727,2.410835673334096,0.5428004929003198
7,7,True,0.5,0.16182221,2.6457834585,1.0567014045021281
3,3,True,0.45,0.06862947,2.410835673334096,0.6187929457864152
0,0,False,0.4,0.12522598,2.175888028207952,0.8847373413504056
7,7,True,0.55,0.08152409,2.880731243665904,0.6793841585316789
3,3,False,0.55,0.059207894,2.880731243665904,0.5745213714288864
4,4,True,0.65,0.10668105,3.3506265339181924,0.7975955705073408
4,4,True,0.55,0.12676331,2.880731243665904,0.891961222317509
7,7,True,0.6,0.108083785,3.1156790288318073,0.8041869619012598
6,6,False,0.7,0.080127075,3.5855743190840963,0.6728196547715584
5,5,False,0.75,0.031145519,3.82052210425,0.44265754457986173
1,1,False,0.45,0.34623876,2.410835673334096,1.9232663851712877
7,7,True,0.7,0.14412856,3.5855743190840963,0.9735597293456423
0,0,True,0.5,0.075514615,2.6457834585,0.6511459112738578
2,2,False,0.65,0.09981104,3.3506265339181924,0.765313710207717
7,7,True,0.55,0.106238164,2.880731243665904,0.7955144746533171
2,2,False,0.6,0.28848055,3.1156790288318073,1.6518631697672643
2,2,True,0.75,0.120567165,3.82052210425,0.8628458010169484
1,1,False,0.6,0.021919264,3.1156790288318073,0.39930379080522893
2,2,True,0.7,0.12421197,3.5855743190840963,0.8799725585577992
3,3,True,0.5,0.11021952,2.6457834585,0.8142227011967074
6,6,True,0.55,0.12309306,2.880731243665904,0.8747148708221583
5,5,True,0.65,0.11056299,3.3506265339181924,0.8158366244134803
4,4,False,0.7,0.0738022,3.5855743190840963,0.6430993667403488
7,7,False,0.55,0.09884108,2.880731243665904,0.760755906179456
5,5,True,0.6,0.07743754,3.1156790288318073,0.6601816616576004
2,2,True,0.55,0.10078607,2.880731243665904,0.7698953209950705
6,6,False,0.6,0.15471087,3.1156790288318073,1.0232855372410845
3,3,False,0.55,0.10818505,2.880731243665904,0.8046628170035913
7,7,True,0.65,0.2899299,3.3506265339181924,1.6586735833448345
7,7,True,0.6,0.39677086,3.1156790288318073,2.1607144402009424
2,2,False,0.65,0.019273391,3.3506265339181924,0.38687095593874454
2,2,False,0.6,0.044254206,3.1156790288318073,0.5042546716691486
4,4,True,0.6,0.1560635,3.1156790288318073,1.0296414517796268
5,5,False,0.6,0.106601164,3.1156790288318073,0.7972201939323555
0,0,True,0.35,0.06734828,1.9409402430420482,0.6127726715411373
1,1,False,0.7,0.21361549,3.5855743190840963,1.3000756620687053
6,6,False,0.5,0.18204032,2.6457834585,1.1517053575354943
7,7,True,0.5,0.086040236,2.6457834585,0.7006053285370428
1,1,True,0.5,0.18997906,2.6457834585,1.1890091486358634
6,6,False,0.5,0.37689415,2.6457834585,2.067314642611133
1,1,False,0.6,0.3162423,3.1156790288318073,1.782314406811062
7,7,False,0.7,0.2078257,3.5855743190840963,1.2728697178970632
0,0,True,0.6,0.11000589,3.1156790288318073,0.8132188611916198
2,2,False,0.65,0.15126094,3.3506265339181924,1.0070744646767995
7,7,True,0.45,0.08064834,2.410835673334096,0.675269055192719
1,1,True,0.6,0.07083251,3.1156790288318073,0.6291449298684547
4,4,True,0.75,0.089639425,3.82052210425,0.7175177552261813
5,5,True,0.7,0.12628928,3.5855743190840963,0.8897337499050063
1,1,False,0.55,0.08890623,2.880731243665904,0.714072497066217
1,1,True,0.5,0.11924384,2.6457834585,0.8566275455618646
0,0,False,0.45,0.40299436,2.410835673334096,2.1899583829906626
7,7,True,0.65,0.06849612,3.3506265339181924,0.6181663378831244
2,2,False,0.8,0.15320727,4.055469889415903,1.0162201812815854
3,3,True,0.65,0.20836456,3.3506265339181924,1.275401776786191
7,7,False,0.5,0.38980237,2.6457834585,2.1279697835065483
2,2,True,0.55,0.09138813,2.880731243665904,0.7257348331766602
3,3,True,0.55,0.20351273,2.880731243665904,1.2526032339412487
5,5,False,0.6,0.17512701,3.1156790288318073,1.1192200544754494
7,7,True,0.6,0.113791406,3.1156790288318073,0.8310068164563251
7,7,True,0.55,0.2041489,2.880731243665904,1.2555925926645917
2,2,True,0.55,0.11887856,2.880731243665904,0.8549111132412345
4,4,True,0.7,0.116440356,3.5855743190840963,0.8434541104279641
3,3,True,0.55,0.07602855,2.880731243665904,0.6535608619142139
0,0,False,0.45,0.1771736,2.410835673334096,1.128836864830748
3,3,True,0.55,0.09396086,2.880731243665904,0.7378239754637164
5,5,False,0.7,0.06793944,3.5855743190840963,0.6155505002079551
7,7,False,0.55,0.12050277,2.880731243665904,0.8625432101068947
2,2,True,0.6,0.06717565,3.1156790288318073,0.611961491235
1,1,True,0.65,0.10768287,3.3506265339181924,0.8023030770383658
6,6,True,0.5,0.052695286,2.6457834585,0.54391892043851
4,4,False,0.6,0.10470398,3.1156790288318073,0.7883054028907669
4,4,False,0.7,0.15877394,3.5855743190840963,1.042377717794721
5,5,True,0.7,0.1632054,3.5855743190840963,1.063200929813902
5,5,True,0.65,0.101794,3.3506265339181924,0.7746315356767659
0,0,True,0.35,0.12519354,1.9409402430420482,0.8845849080723339
7,7,True,0.6,0.085986234,3.1156790288318073,0.7003515764930686
7,7,True,0.55,0.11613376,2.880731243665904,0.842013416393529
7,7,False,0.6,0.10246061,3.1156790288318073,0.777763910004363
3,3,False,0.45,0.080506116,2.410835673334096,0.6746007504510765
7,7,True,0.55,0.0937962,2.880731243665904,0.7370502557932097
5,5,True,0.65,0.10254059,3.3506265339181924,0.778139741708566
2,2,True,0.55,0.28693825,2.880731243665904,1.6446159721802263
7,7,True,0.55,0.26943126,2.880731243665904,1.56235143605654
4,4,True,0.55,0.122193724,2.880731243665904,0.8704889260136589
6,6,False,0.45,0.16782238,2.410835673334096,1.0848958893351468
3,3,False,0.5,0.10058949,2.6457834585,0.7689716187422811
7,7,True,0.6,0.08404449,3.1156790288318073,0.6912273910012853
7,7,False,0.55,0.119690314,2.880731243665904,0.858725516206892
2,2,True,0.75,0.23026747,3.82052210425,1.3783225275160118
5,5,True,0.5,0.09014514,2.6457834585,0.7198940899028918
7,7,True,0.55,0.19684142,2.880731243665904,1.2212550537272695
1,1,True,0.6,0.032621786,3.1156790288318073,0.4495944578225658
4,4,True,0.6,0.13149665,3.1156790288318073,0.9142029670792049
4,4,True,0.65,0.099725984,3.3506265339181924,0.7649140367344816
2,2,False,0.55,0.076965824,2.880731243665904,0.6579650773363885
0,0,True,0.35,0.1593767,1.9409402430420482,1.045210021927933
3,3,True,0.55,0.097739585,2.880731243665904,0.7555800366732257
4,4,True,0.55,0.2518055,2.880731243665904,1.4795288414917735
7,7,True,0.6,0.06023126,3.1156790288318073,0.5793301267059343
5,5,True,0.6,0.1908804,3.1156790288318073,1.1932445111181802
2,2,True,0.65,0.118782185,3.3506265339181924,0.8544582596693792
4,4,False,0.55,0.3098359,2.880731243665904,1.7522110400181021
4,4,True,0.65,0.1828044,3.3506265339181924,1.1552957669060433
3,3,True,0.55,0.14446768,2.880731243665904,0.9751532417674874
0,0,True,0.5,0.15171048,2.6457834585,1.0091868244071018
6,6,False,0.45,0.19542181,2.410835673334096,1.2145843998295482
6,6,True,0.5,0.11632458,2.6457834585,0.8429100909727605
1,1,False,0.5,0.085182175,2.6457834585,0.6965733387952677
2,2,True,0.7,0.26631722,3.5855743190840963,1.5477186816002086
5,5,True,0.75,0.28563064,3.82052210425,1.6384715876982088
4,4,True,0.55,0.06180802,2.880731243665904,0.5867392452647413
3,3,True,0.6,0.093523145,3.1156790288318073,0.735767176507943
1,1,True,0.4,0.104624726,2.175888028207952,0.7879330021606683
1,1,True,0.55,0.0743296,2.880731243665904,0.6455775803419994
7,7,True,0.55,0.16162044,2.880731243665904,1.055753265311329
5,5,True,0.6,0.5556152,3.1156790288318073,2.9071166948874105
5,5,True,0.65,0.06831832,3.3506265339181924,0.6173308606787367
3,3,False,0.7,0.15615778,3.5855743190840963,1.0300844675583867
5,5,True,0.65,0.13206466,3.3506265339181924,0.916871984852994
1,1,True,0.55,0.1085101,2.880731243665904,0.806190195649075
4,4,False,0.6,0.1612765,3.1156790288318073,1.054137136468346
1,1,True,0.5,0.15481064,2.6457834585,1.0237543203355681
5,5,True,0.6,0.18838784,3.1156790288318073,1.1815320757838232
3,3,True,0.5,0.15121368,2.6457834585,1.0068523616184422
0,0,True,0.4,0.07561384,2.175888028207952,0.6516121736526725
4,4,False,0.6,0.10933177,3.1156790288318073,0.8100511968446621
4,4,True,0.55,0.09910658,2.880731243665904,0.7620034853857232
0,0,False,0.4,0.092714414,2.175888028207952,0.7319669875778614
3,3,False,0.5,0.37198186,2.6457834585,2.0442320291143137
5,5,True,0.7,0.1029858,3.5855743190840963,0.7802317606638203
5,5,True,0.6,0.10644875,3.1156790288318073,0.7965039955930093
1,1,True,0.5,0.18249492,2.6457834585,1.1538415240248892
4,4,True,0.6,0.19029132,3.1156790288318073,1.1904764152146385
6,6,True,0.5,0.31767106,2.6457834585,1.7890280529149092
7,7,True,0.6,0.15281034,3.1156790288318073,1.014354991726567
0,0,True,0.45,0.11895369,2.410835673334096,0.8552641534746005
6,6,True,0.55,0.25800794,2.880731243665904,1.508673776171621
2,2,True,0.65,0.18357866,3.3506265339181924,1.1589339298345365
0,0,True,0.4,0.14896592,2.175888028207952,0.9962902828874113
7,7,False,0.6,0.1580502,3.1156790288318073,1.0389768522384766
3,3,True,0.55,0.16864757,2.880731243665904,1.0887734502322792
7,7,False,0.6,0.10800378,3.1156790288318073,0.8038110251672372
3,3,True,0.45,0.07169585,2.410835673334096,0.6332017066476379
0,0,True,0.4,0.09121124,2.175888028207952,0.7249036271849332
1,1,False,0.55,0.173362,2.880731243665904,1.1109263397666562
0,0,True,0.45,0.08452279,2.410835673334096,0.6934749241093174
2,2,True,0.6,0.14844128,3.1156790288318073,0.9938250229635022
1,1,True,0.5,0.21954489,2.6457834585,1.3279376224931054
1,1,False,0.6,0.11409214,3.1156790288318073,0.8324199576681046
6,6,True,0.5,0.12619011,2.6457834585,0.8892677676057102
5,5,True,0.65,0.14852826,3.3506265339181924,0.9942337290012169
4,4,True,0.65,0.11011347,3.3506265339181924,0.8137243697129973
0,0,True,0.6,0.112422675,3.1156790288318073,0.8245752104278445
5,5,True,0.65,0.20347002,3.3506265339181924,1.252402556966075
4,4,True,0.6,0.09665853,3.1156790288318073,0.7505001994319818
5,5,True,0.6,0.21493603,3.1156790288318073,1.3062808238062884
7,7,True,0.6,0.10279905,3.1156790288318073,0.7793542365216825
4,4,True,0.6,0.15158808,3.1156790288318073,1.0086116811153787
4,4,True,0.6,0.09779998,3.1156790288318073,0.7558638272455843
4,4,True,0.55,0.14784597,2.880731243665904,0.9910276587502526
4,4,True,0.6,0.11432439,3.1156790288318073,0.8335112875128572
4,4,False,0.55,0.15501942,2.880731243665904,1.0247353688698184
2,2,True,0.6,0.094087295,3.1156790288318073,0.7384180941428338
4,4,False,0.6,0.15981166,3.1156790288318073,1.0472539022159046
0,0,True,0.35,0.076795414,1.9409402430420482,0.657164329992324
4,4,False,0.75,0.27729294,3.82052210425,1.5992930843391844
3,3,True,0.5,0.082609996,2.6457834585,0.6844867872437599
2,2,True,0.55,0.11916983,2.880731243665904,0.8562797918294147
3,3,True,0.55,0.089887306,2.880731243665904,0.7186825359247222
1,1,False,0.5,0.27379534,2.6457834585,1.5828580181797904
6,6,True,0.5,0.24283749,2.6457834585,1.437388497222122
1,1,True,0.65,0.12208503,3.3506265339181924,0.869978166001305
6,6,False,0.45,0.10337457,2.410835673334096,0.7820585793247721
5,5,False,0.7,0.11009057,3.5855743190840963,0.8136167491579233
1,1,True,0.6,0.086379305,3.1156790288318073,0.7021985958893091
2,2,True,0.65,0.034905832,3.3506265339181924,0.4603270874755367
7,7,False,0.4,0.08104405,2.175888028207952,0.6771284681076635
5,5,True,0.7,0.12240894,3.5855743190840963,0.8715002231359327
7,7,False,0.6,0.06493284,3.1156790288318073,0.6014226240940841
2,2,False,0.7,0.11403416,3.5855743190840963,0.8321475103162548
4,4,False,0.6,0.056792703,3.1156790288318073,0.5631724968148178
6,6,False,0.5,0.1115906,2.6457834585,0.8206653353562381
6,6,False,0.5,0.06996118,2.6457834585,0.6250505874238211
3,3,True,0.45,0.16123363,2.410835673334096,1.0539356892744958
2,2,True,0.55,0.13629325,2.880731243665904,0.9367419462301588
1,1,True,0.6,0.11140501,3.1156790288318073,0.8197932377547757
0,0,True,0.5,0.11157882,2.6457834585,0.820609984641348
5,5,True,0.7,0.22395189,3.5855743190840963,1.348645931889725
3,3,False,0.55,0.06338893,2.880731243665904,0.5941678643600402
6,6,True,0.45,0.18359856,2.410835673334096,1.1590274763937942
4,4,False,0.6,0.16371582,3.1156790288318073,1.0655993907725927
6,1,True,0.6,0.07988742,3.1156790288318073,0.671693525046603
0,0,True,0.45,0.08590864,2.410835673334096,0.6999869479696148
3,3,True,0.55,0.1937345,2.880731243665904,1.206655768773427
0,0,True,0.45,0.07809221,2.410835673334096,0.6632579150516307
3,3,False,0.5,0.42274582,2.6457834585,2.2827695934718495
1,1,True,0.6,0.1994064,3.1156790288318073,1.2333077856768901
5,5,False,0.7,0.12637849,3.5855743190840963,0.8901529589246735
3,3,False,0.5,0.062007505,2.6457834585,0.587676618899039
1,1,True,0.6,0.18044907,3.1156790288318073,1.1442281446436948
6,6,True,0.45,0.10321996,2.410835673334096,0.7813320880631123
1,1,False,0.6,0.12935169,3.1156790288318073,0.9041238854782332
5,5,True,0.65,0.32134622,3.3506265339181924,1.8062974759606156
2,2,True,0.55,0.13314086,2.880731243665904,0.9219290306234008
3,3,True,0.5,0.11165296,2.6457834585,0.820958368552715
3,3,True,0.55,0.08814335,2.880731243665904,0.7104877593059225
4,4,True,0.55,0.103558555,2.880731243665904,0.7829231147792286
4,4,False,0.55,0.4225733,2.880731243665904,2.2819589033048695
1,1,True,0.7,0.13018239,3.5855743190840963,0.9080272837109689
6,6,True,0.5,0.06939337,2.6457834585,0.6223824448985281
1,1,False,0.6,0.3110876,3.1156790288318073,1.7580927099115458
4,4,True,0.6,0.3198806,3.1156790288318073,1.7994106006744308
1,1,True,0.55,0.04856332,2.880731243665904,0.524503002971155
5,5,True,0.65,0.29037854,3.3506265339181924,1.6607817418823558
6,6,True,0.5,0.09299551,2.6457834585,0.7332878425882174
2,2,True,0.7,0.11386858,3.5855743190840963,0.8313694494132078
4,4,True,0.65,0.17352629,3.3506265339181924,1.1116983089401709
2,2,True,0.6,0.12984048,3.1156790288318073,0.9064206775716228
0,0,False,0.35,0.16068147,1.9409402430420482,1.0513411026328106
7,7,False,0.6,0.12390455,3.1156790288318073,0.8785280134299814
0,0,False,0.35,0.23368323,1.9409402430420482,1.394373044496182
1,1,False,0.55,0.19160219,2.880731243665904,1.1966361340503067
1,1,True,0.45,0.20364635,2.410835673334096,1.2532311022023739
6,6,True,0.65,0.09023853,3.3506265339181924,0.7203329044888706
1,1,True,0.7,0.04874531,3.5855743190840963,0.5253581732667039
4,4,True,0.65,0.3213955,3.3506265339181924,1.8065289616828506
2,2,True,0.6,0.08216619,3.1156790288318073,0.6824013501571959
5,5,False,0.7,0.12738201,3.5855743190840963,0.8948684477219825
2,2,True,0.6,0.2414278,3.1156790288318073,1.4307644065443907
0,0,False,0.4,0.06885107,2.175888028207952,0.6198342114171937
7,7,True,0.55,0.11016301,2.880731243665904,0.8139571508030063
2,2,False,0.6,0.073980436,3.1156790288318073,0.6439368745212475
6,6,True,0.5,0.06063555,2.6457834585,0.5812298710715768
0,0,True,0.4,0.10711593,2.175888028207952,0.7996390656859741
1,1,True,0.45,0.09328801,2.410835673334096,0.7346622978164716
4,4,False,0.6,0.23213172,3.1156790288318073,1.3870825746234992
6,6,True,0.5,0.08128815,2.6457834585,0.6782754987667046
7,7,True,0.5,0.09016411,2.6457834585,0.7199832252097293
4,4,False,0.6,0.034428492,3.1156790288318073,0.45808408815471413
1,1,True,0.65,0.083818525,3.3506265339181924,0.6901656095457593
5,5,True,0.55,0.21801239,2.880731243665904,1.3207364979868994
0,0,True,0.5,0.1394039,2.6457834585,0.9513587361539224
5,5,True,0.65,0.1608403,3.3506265339181924,1.0520874445303607
3,3,False,0.5,0.23127902,2.6457834585,1.3830757570284704
2,2,True,0.7,0.08090339,3.5855743190840963,0.6764675154533879
1,1,False,0.5,0.11712743,2.6457834585,0.8466826570603069
2,2,False,0.55,0.097534835,2.880731243665904,0.7546179285164297
4,4,False,0.6,0.09165319,3.1156790288318073,0.7269803467964766
6,6,True,0.55,0.24199215,2.880731243665904,1.433416269447657
2,2,False,0.5,0.37176853,2.6457834585,2.04322962451676
1,1,True,0.65,0.16534643,3.3506265339181924,1.0732615261666374
3,3,True,0.55,0.07837607,2.880731243665904,0.6645917587496682
5,5,True,0.55,0.069126114,2.880731243665904,0.6211266383563983
3,3,True,0.65,0.06504135,3.3506265339181924,0.6019325088579419
0,0,True,0.45,0.0788386,2.410835673334096,0.666765175815055
6,6,True,0.65,0.054562952,3.3506265339181924,0.5526950020984449
3,3,False,0.5,0.17635396,2.6457834585,1.1249854213487378
5,5,True,0.65,0.14836757,3.3506265339181924,0.9934786346187062
5,5,False,0.65,0.080458626,3.3506265339181924,0.674377597094524
1,1,True,0.5,0.059680678,2.6457834585,0.5767429621714957
0,0,False,0.45,0.13388956,2.410835673334096,0.9254471094582364
0,0,True,0.5,0.00018536017,2.6457834585,0.2971771660278423
2,2,True,0.6,0.03559996,3.1156790288318073,0.4635887535109699
0,0,True,0.45,0.079697326,2.410835673334096,0.670800281441476
2,2,False,0.55,0.098757,2.880731243665904,0.76036081900834
4,4,False,0.65,0.15356025,3.3506265339181924,1.0178788121915365
6,6,True,0.5,0.15930347,2.6457834585,1.0448659442391666
3,3,False,0.45,0.26501852,2.410835673334096,1.5416161690062422
2,2,True,0.65,0.06668764,3.3506265339181924,0.6096683751852936
2,2,True,0.65,0.089486554,3.3506265339181924,0.7167994212805047
5,5,True,0.65,0.27003318,3.3506265339181924,1.5651798190764896
3,3,False,0.55,0.05160844,2.880731243665904,0.5388118804740089
3,3,True,0.45,0.12189062,2.410835673334096,0.8690646516410097
1,1,True,0.6,0.055260677,3.1156790288318073,0.5559735779348218
3,3,True,0.45,0.0890009,2.410835673334096,0.7145173683717884
4,4,True,0.65,0.15136522,3.3506265339181924,1.007564463794827
1,1,True,0.5,0.10999623,2.6457834585,0.8131734532996447
0,0,True,0.5,0.04954078,2.6457834585,0.5290960445038669
4,4,True,0.6,0.7356052,3.1156790288318073,3.752881500077805
1,1,True,0.45,0.07568479,2.410835673334096,0.6519455733097872
6,6,False,0.5,0.08846089,2.6457834585,0.7119798829419854
3,3,True,0.55,0.11696221,2.880731243665904,0.8459062766343723
3,3,True,0.55,0.10448132,2.880731243665904,0.787259130838591
1,1,True,0.55,0.093174875,2.880731243665904,0.734130671879972
3,3,True,0.45,0.068502806,2.410835673334096,0.6181977417991625
7,7,True,0.55,0.12632708,2.880731243665904,0.8899113903397642
6,6,False,0.5,0.06979178,2.6457834585,0.6242545664216352
0,0,True,0.45,0.04817813,2.410835673334096,0.5226930065862974
1,1,False,0.65,0.17278798,3.3506265339181924,1.108229033961475
3,3,True,0.45,0.07656172,2.410835673334096,0.6560662082192421
2,2,True,0.65,0.07443787,3.3506265339181924,0.6460863447877823
5,5,True,0.55,0.5671095,2.880731243665904,2.9611280695189026
4,4,False,0.55,0.08417605,2.880731243665904,0.691845596519014
0,0,True,0.45,0.08940843,2.410835673334096,0.7164323070513222
4,4,True,0.55,0.113722876,2.880731243665904,0.8306847950296591
0,0,True,0.5,0.08596989,2.6457834585,0.7002747646850553
1,1,True,0.6,0.12502193,3.1156790288318073,0.8837785591378946
6,6,False,0.45,0.15771544,2.410835673334096,1.0374038556413787
6,6,True,0.45,0.06974186,2.410835673334096,0.6240199998246944
1,1,True,0.55,0.13055806,2.880731243665904,0.9097925548976784
0,0,True,0.45,0.06717363,2.410835673334096,0.6119520035413027
2,2,True,0.6,0.33891505,3.1156790288318073,1.8888525945849899
2,2,False,0.65,0.17060739,3.3506265339181924,1.097982534828179
6,6,True,0.45,0.103159346,2.410835673334096,0.7810472471925582
4,4,True,0.65,0.18491633,3.3506265339181924,1.1652196144337559
6,6,True,0.55,0.08458686,2.880731243665904,0.6937759745820181
6,6,True,0.5,0.16670953,2.6457834585,1.0796666646805972
5,5,True,0.65,0.14273176,3.3506265339181924,0.9669962058638374
4,4,False,0.6,0.1003639,3.1156790288318073,0.7679115877837472
2,2,True,0.55,0.06902554,2.880731243665904,0.6206540391784721
2,2,False,0.75,0.093027085,3.82052210425,0.7334362147132676
4,4,False,0.55,0.0982966,2.880731243665904,0.758197414785748
7,7,True,0.55,0.11140645,2.880731243665904,0.8198000296831051
3,3,True,0.5,0.17674704,2.6457834585,1.1268324757549184
3,3,True,0.5,0.108353935,2.6457834585,0.8054563873099883
6,6,True,0.5,0.08255035,2.6457834585,0.6842064976653854
5,5,False,0.65,0.24527617,3.3506265339181924,1.4488477406715423
6,6,False,0.65,0.12433384,3.3506265339181924,0.8805452511537334
2,2,True,0.55,0.15734614,2.880731243665904,1.0356685529631737
7,7,True,0.55,0.17051955,2.880731243665904,1.0975697676374427
7,7,True,0.6,0.08782594,3.1156790288318073,0.7089962658487767
7,7,False,0.5,0.2878036,2.6457834585,1.648682166633227
2,2,True,0.55,0.183325,2.880731243665904,1.1577419814226784
1,1,True,0.55,0.0512979,2.880731243665904,0.5373526661813973
3,3,False,0.5,0.14357828,2.6457834585,0.9709739652087973
4,4,True,0.55,0.090944484,2.880731243665904,0.7236501663087727
5,5,True,0.7,0.09616701,3.5855743190840963,0.7481905937006099
3,3,True,0.65,0.10433105,3.3506265339181924,0.7865530153619191
3,3,True,0.55,0.14624248,2.880731243665904,0.9834929595372327
7,7,False,0.55,0.05163169,2.880731243665904,0.5389211289912856
0,0,False,0.35,0.17289409,1.9409402430420482,1.1087276455247035
3,3,True,0.55,0.14507218,2.880731243665904,0.9779937382266223
3,3,True,0.55,0.07405198,2.880731243665904,0.6442730749735495
3,3,True,0.65,0.11739177,3.3506265339181924,0.8479247747159586
0,0,True,0.45,0.09011115,2.410835673334096,0.719734374557333
2,2,True,0.6,0.13946632,3.1156790288318073,0.951652049429918
0,0,False,0.55,0.048269425,2.880731243665904,0.5231220008841504
6,6,True,0.65,0.33822757,3.3506265339181924,1.8856221574158956
5,5,True,0.55,0.8821243,2.880731243665904,4.441368211681368
2,2,True,0.7,0.042939827,3.5855743190840963,0.4980784631518149
3,3,True,0.5,0.15032005,2.6457834585,1.0026532694338015
6,6,False,0.65,0.34003615,3.3506265339181924,1.894120610252884
7,7,False,0.55,0.11537447,2.880731243665904,0.8384455534242383
3,3,True,0.55,0.11824304,2.880731243665904,0.8519248353925979
4,4,True,0.6,0.103814825,3.1156790288318073,0.7841273166700314
2,2,True,0.55,0.10922284,2.880731243665904,0.8095393165142334
3,3,True,0.6,0.17809929,3.1156790288318073,1.1331866397964685
2,2,True,0.7,0.26262432,3.5855743190840963,1.5303659348976784
1,1,False,0.55,0.20923413,2.880731243665904,1.2794878568850216
6,6,True,0.5,0.12825209,2.6457834585,0.8989569084967226
3,3,True,0.55,0.11675766,2.880731243665904,0.844945113745952
6,6,True,0.5,0.05206001,2.6457834585,0.5409337979178881
5,5,True,0.65,0.10622936,3.3506265339181924,0.795473092904424
7,7,True,0.35,0.11736536,1.9409402430420482,0.847800664479219
4,4,False,0.55,0.10350905,2.880731243665904,0.7826905087389189
7,7,True,0.6,0.019842267,3.1156790288318073,0.38954407862798013
4,4,True,0.55,0.23888789,2.880731243665904,1.418829518052278
2,2,True,0.6,0.04955652,3.1156790288318073,0.529170003001783
4,4,False,0.55,0.11828467,2.880731243665904,0.8521204709364345
3,3,True,0.45,0.06247841,2.410835673334096,0.5898893696318381
6,6,True,0.5,0.094482824,2.6457834585,0.7402766668192222
2,2,False,0.55,0.21767528,2.880731243665904,1.3191524382488116
2,2,True,0.65,0.05602082,3.3506265339181924,0.5595454495422244
4,4,False,0.55,0.14062566,2.880731243665904,0.9570997361090811
3,3,True,0.65,0.08156792,3.3506265339181924,0.6795901220077689
1,1,True,0.65,0.11449319,3.3506265339181924,0.8343044727099158
1,1,True,0.5,0.10221715,2.6457834585,0.7766199252100882
1,1,True,0.65,0.07329315,3.3506265339181924,0.6407073476105891
7,7,False,0.6,0.1712591,3.1156790288318073,1.101044924286032
3,3,False,0.5,0.08590134,2.6457834585,0.6999526732385096
2,2,False,0.65,0.10341192,3.3506265339181924,0.7822340841531996
5,5,False,0.65,0.2584334,3.3506265339181924,1.5106729837763542
5,5,True,0.6,0.16287814,3.1156790288318073,1.0616631532162852
3,3,True,0.6,0.06340285,3.1156790288318073,0.594233262927665
2,2,True,0.7,0.07775661,3.5855743190840963,0.6616809623313309
4,4,False,0.6,0.11485073,3.1156790288318073,0.8359845297030501
0,0,True,0.45,0.09031272,2.410835673334096,0.7206815334698164
5,5,True,0.65,0.044642057,3.3506265339181924,0.5060771666025299
2,2,False,0.6,0.19835654,3.1156790288318073,1.228374535053764
1,1,True,0.6,0.068481885,3.1156790288318073,0.6180994338880864
4,4,True,0.65,0.0610824,3.3506265339181924,0.5833295922135963
4,4,True,0.55,0.09467291,2.880731243665904,0.7411698754144092
0,0,True,0.4,0.24255575,2.175888028207952,1.4360646313569396
4,4,True,0.55,0.10714896,2.880731243665904,0.7997942647492934
7,7,True,0.75,0.12617123,3.82052210425,0.8891790524181508
2,2,True,0.75,0.13174713,3.82052210425,0.9153799312368108
2,2,True,0.6,0.12450606,3.1156790288318073,0.8813544709032397
4,4,True,0.55,0.06308945,2.880731243665904,0.592760639828094
0,0,False,0.4,0.07238431,2.175888028207952,0.6364367651287912
0,0,True,0.4,0.09962567,2.175888028207952,0.7644426629044498
1,1,True,0.55,0.07987831,2.880731243665904,0.6716507078901763
5,5,True,0.6,0.23534301,3.1156790288318073,1.4021722788146473
5,5,True,0.6,0.10174487,3.1156790288318073,0.7744006801334483
7,7,True,0.4,0.19509366,2.175888028207952,1.2130424220391505
6,6,True,0.55,0.12664503,2.880731243665904,0.8914054045125785
0,0,True,0.45,0.1630463,2.410835673334096,1.0624533275585175
1,1,True,0.6,0.14589106,3.1156790288318073,0.9818416106947687
2,2,True,0.5,0.09413454,2.6457834585,0.7386400921713715
2,2,True,0.55,0.0837544,2.880731243665904,0.6898642789935399
2,2,False,0.65,0.20748566,3.3506265339181924,1.271271864242678
2,2,True,0.6,0.18548779,3.1156790288318073,1.1679048768196316
7,7,False,0.55,0.072168835,2.880731243665904,0.635424242658623
6,6,False,0.5,0.11408399,2.6457834585,0.8323816567939175
0,0,False,0.4,0.22534117,2.175888028207952,1.3551740953322895
2,2,True,0.6,0.06976425,3.1156790288318073,0.6241252046939194
0,0,True,0.45,0.10215014,2.410835673334096,0.7763050458111499
5,5,True,0.7,0.18798889,3.5855743190840963,1.1796574335450476
3,3,True,0.5,0.07901652,2.6457834585,0.6676012131784802
1,1,True,0.65,0.048120987,3.3506265339181924,0.5224244978526797
0,0,True,0.5,0.25402993,2.6457834585,1.4899812690912198
2,2,False,0.55,0.18355112,2.880731243665904,1.1588045330968808
0,0,True,0.5,0.081188135,2.6457834585,0.6778055253342665
7,7,True,0.5,0.063749745,2.6457834585,0.595863325726705
1,1,True,0.45,0.063197844,2.410835673334096,0.5932699644329144
3,3,True,0.5,0.110301815,2.6457834585,0.8146093859822614
1,1,True,0.55,0.07620388,2.880731243665904,0.6543847508285141
7,7,True,0.5,0.10300759,2.6457834585,0.7803341647378579
2,2,True,0.6,0.15335193,3.1156790288318073,1.0168999342735563
1,1,True,0.55,0.45633164,2.880731243665904,2.440587820410562
2,2,True,0.65,0.10262167,3.3506265339181924,0.7785207198739259
2,2,True,0.6,0.11059133,3.1156790288318073,0.815969802224639
4,4,False,0.6,0.117661536,3.1156790288318073,0.8491923796078152
0,0,False,0.45,0.29245508,2.410835673334096,1.6705392921958195
5,5,True,0.6,0.34188136,3.1156790288318073,1.9027911719541355
5,5,True,0.75,0.2897889,3.82052210425,1.6580110552432659
6,6,True,0.6,0.31790978,3.1156790288318073,1.7901497713874444
5,5,True,0.6,0.064773396,3.1156790288318073,0.6006734113814669
4,4,True,0.6,0.12108884,3.1156790288318073,0.8652971269848004
4,4,False,0.6,0.104449086,3.1156790288318073,0.7871076778388348
3,3,True,0.5,0.13507818,2.6457834585,0.9310323852009782
5,5,True,0.6,0.32443568,3.1156790288318073,1.8208146976154687
1,1,True,0.55,0.9865848,2.880731243665904,4.932223252718221
3,3,False,0.5,0.14509825,2.6457834585,0.978116273016069
2,2,True,0.6,0.10945951,3.1156790288318073,0.8106514422632519
3,3,True,0.5,0.11164661,2.6457834585,0.8209285050740298
5,5,True,0.6,0.19737431,3.1156790288318073,1.2237591046645235
6,6,False,0.55,0.035893943,2.880731243665904,0.46497017571725263
0,0,False,0.5,0.11183875,2.6457834585,0.8218313764126133
0,0,False,0.4,0.11605841,2.175888028207952,0.8416593608719076
0,0,False,0.5,0.14020166,2.6457834585,0.9551073904525568
5,5,True,0.65,0.124431096,3.3506265339181924,0.88100223589849
6,6,False,0.45,0.10673165,2.410835673334096,0.7978333580187471
0,0,True,0.45,0.096185744,2.410835673334096,0.7482786086893725
6,6,True,0.5,0.105210036,2.6457834585,0.7906833480247102
5,5,True,0.6,0.3769786,3.1156790288318073,2.067711515289181
1,1,True,0.55,0.091676645,2.880731243665904,0.727090558087099
5,5,True,0.6,0.12507921,3.1156790288318073,0.8840477155553994
6,6,True,0.7,0.12712643,3.5855743190840963,0.8936674667456451
1,1,False,0.5,0.07759122,2.6457834585,0.6609037766767799
2,2,True,0.7,0.08917671,3.5855743190840963,0.7153434629122984
1,1,True,0.6,0.053979836,3.1156790288318073,0.5499549666616865
4,4,True,0.5,0.20839839,2.6457834585,1.2755607219130731
5,5,True,0.8,0.21968234,4.055469889415903,1.3285834858633092
2,2,True,0.5,0.24638005,2.6457834585,1.4540348133585221
1,1,False,0.55,0.11872013,2.880731243665904,0.8541666618804358
5,5,True,0.65,0.1383799,3.3506265339181924,0.9465470400419277
7,7,True,0.55,0.09307334,2.880731243665904,0.7336535564198063
5,5,True,0.8,0.11127546,4.055469889415903,0.8191844849208043
3,3,True,0.5,0.08368255,2.6457834585,0.6895266781436442
7,7,True,0.55,0.06805639,2.880731243665904,0.6161000512336539
5,5,False,0.75,0.19968285,3.82052210425,1.234606794484785
7,7,True,0.6,0.19553137,3.1156790288318073,1.2150991859849838
7,7,True,0.6,0.073300384,3.1156790288318073,0.6407413422621756
2,2,True,0.55,0.24865112,2.880731243665904,1.4647064732012582
3,3,False,0.55,0.19411701,2.880731243665904,1.2084531790849113
2,2,True,0.6,0.08691468,3.1156790288318073,0.7047143051365303
1,1,True,0.6,0.15494068,3.1156790288318073,1.024365383825569
6,6,True,0.4,0.065373465,2.175888028207952,0.6034931119363356
0,0,True,0.3,0.066752434,1.7059925979159036,0.6099728216221589
3,3,True,0.55,0.07113695,2.880731243665904,0.6305754710203357
5,5,False,0.6,0.12485933,3.1156790288318073,0.8830145022107845
4,4,True,0.65,0.06921594,3.3506265339181924,0.6215487181911326
5,5,True,0.65,0.12899594,3.3506265339181924,0.9024522308706608
3,3,True,0.5,0.17127474,2.6457834585,1.1011183751398204
4,4,True,0.6,0.38172564,3.1156790288318073,2.0900176083203066
3,3,True,0.5,0.080681644,2.6457834585,0.6754255496238124
2,2,True,0.6,0.1786363,3.1156790288318073,1.1357100162205152
1,1,True,0.5,0.07561146,2.6457834585,0.6516009704719231
2,2,True,0.65,0.08725201,3.3506265339181924,0.7062994151728134
2,2,False,0.55,0.18314375,2.880731243665904,1.1568903296260835
5,5,True,0.65,0.23897445,3.3506265339181924,1.4192362635333615
7,7,True,0.7,0.05457214,3.5855743190840963,0.5527381693542701
0,0,True,0.5,0.087183066,2.6457834585,0.7059754331895162
3,3,True,0.5,0.1355987,2.6457834585,0.9334783196380945
2,2,True,0.6,0.068162605,3.1156790288318073,0.6165991529360404
2,2,True,0.6,0.062295895,3.1156790288318073,0.5890317486405003
6,6,True,0.5,0.12264134,2.6457834585,0.8725922531794821
1,1,True,0.55,0.10027985,2.880731243665904,0.7675166406523906
1,1,True,0.7,0.07418219,3.5855743190840963,0.6448849086822269
3,3,False,0.5,0.06267222,2.6457834585,0.5908000831969461
1,1,True,0.6,0.26425382,3.1156790288318073,1.5380228888206262
4,4,True,0.6,0.16362731,3.1156790288318073,1.0651834726872704
5,5,True,0.65,0.10330172,3.3506265339181924,0.7817162521329977
1,1,True,0.55,0.08329537,2.880731243665904,0.6877073165998788
7,7,True,0.5,0.061777454,2.6457834585,0.5865956169865398
2,2,True,0.6,0.145309,3.1156790288318073,0.9791065641744378
6,6,True,0.65,0.071707934,3.3506265339181924,0.6332584927700615
4,4,True,0.55,0.22950925,2.880731243665904,1.3747597059780583
4,4,False,0.5,0.096811116,2.6457834585,0.7512172029999444
6,6,False,0.55,0.1338404,2.880731243665904,0.9252161138751593
3,3,False,0.5,0.16435961,2.6457834585,1.0686245296544539
5,5,True,0.65,0.15640236,3.3506265339181924,1.0312337738635173
5,5,True,0.6,0.2104454,3.1156790288318073,1.285179562844883
5,5,True,0.6,0.116127364,3.1156790288318073,0.8419833778651447
0,0,True,0.55,0.26961726,2.880731243665904,1.5632254241947539
6,6,True,0.5,0.575126,2.6457834585,2.9987970843117027
1,1,True,0.55,0.06514949,2.880731243665904,0.6024406781347476
7,7,True,0.5,0.12635362,2.6457834585,0.8900360957454811
5,5,True,0.7,0.11577379,3.5855743190840963,0.8403219461600062
7,7,True,0.6,0.065624945,3.1156790288318073,0.6046748024358202
1,1,True,0.55,0.06773359,2.880731243665904,0.6145832455900024
3,3,True,0.45,0.13354635,2.410835673334096,0.9238344115893579
2,2,True,0.7,0.2007588,3.5855743190840963,1.239662649917237
3,3,True,0.55,0.06384249,2.880731243665904,0.5962991294578572
1,1,True,0.65,0.16950278,3.3506265339181924,1.092792031167095
6,6,True,0.55,0.19372632,2.880731243665904,1.2066173278594805
4,4,True,0.6,0.20365605,3.1156790288318073,1.2532766851440482
0,0,True,0.45,0.26446146,2.410835673334096,1.538998545824141
0,0,False,0.4,0.164494,2.175888028207952,1.069255968929443
7,7,True,0.65,0.081608854,3.3506265339181924,0.6797824666172605
6,6,True,0.6,0.09191268,3.1156790288318073,0.7281996729812912
3,3,True,0.55,0.11958177,2.880731243665904,0.858215456393335
3,3,False,0.5,0.1131294,2.6457834585,0.8278960782715504
4,4,False,0.65,0.16191843,3.3506265339181924,1.0571535228652467
7,7,True,0.6,0.2449328,3.1156790288318073,1.4472342725839873
2,2,True,0.6,0.24711265,3.1156790288318073,1.457477270723299
1,1,False,0.55,0.11256172,2.880731243665904,0.8252285659251746
0,0,False,0.55,0.11880706,2.880731243665904,0.8545751578585113
3,3,False,0.65,0.14614986,3.3506265339181924,0.9830577159651178
1,1,True,0.55,0.08787433,2.880731243665904,0.7092236554080501
0,0,False,0.4,0.07281628,2.175888028207952,0.6384665714209464
4,4,True,0.65,0.12169045,3.3506265339181924,0.8681240745972164
5,5,False,0.6,0.12699924,3.1156790288318073,0.8930698470725434
4,4,True,0.55,0.10103775,2.880731243665904,0.7710779567629308
6,6,True,0.55,0.0591637,2.880731243665904,0.5743137099707141
2,2,True,0.65,0.06113846,3.3506265339181924,0.583593007000967
7,7,True,0.6,0.15532693,3.1156790288318073,1.026180369126854
7,7,True,0.5,0.06296959,2.6457834585,0.5921973999159171
1,1,True,0.55,0.1102572,2.880731243665904,0.8143997464624879
1,1,True,0.5,0.14939852,2.6457834585,0.9983230300145132
0,0,False,0.45,0.1103408,2.410835673334096,0.8147925579875144
6,6,False,0.4,0.091012284,2.175888028207952,0.7239687567613342
0,0,False,0.4,0.11267622,2.175888028207952,0.8257665986806653
0,0,True,0.4,0.058481812,2.175888028207952,0.5711095477614712
3,3,True,0.45,0.072331876,2.410835673334096,0.6361903651721839
2,2,False,0.7,0.16749854,3.5855743190840963,1.0833742173098573
7,7,False,0.6,0.1363878,3.1156790288318073,0.9371862223667529
3,3,True,0.45,0.1288499,2.410835673334096,0.9017659660298795
7,7,True,0.65,0.115785204,3.3506265339181924,0.8403755813878441
4,4,False,0.5,0.032941166,2.6457834585,0.4510952114087997
2,2,True,0.6,0.06285899,3.1156790288318073,0.5916777123689035
1,1,True,0.55,0.10455737,2.880731243665904,0.7876165123044974
6,6,True,0.5,0.18726762,2.6457834585,1.1762681912888304
6,6,False,0.5,0.11826417,2.6457834585,0.8520241235819895
2,2,True,0.5,0.08409712,2.6457834585,0.6914747012163287
5,5,False,0.7,0.3085444,3.5855743190840963,1.7461422770061432
3,3,True,0.55,0.05413087,2.880731243665904,0.550664670657192
2,2,True,0.6,0.2765268,3.1156790288318073,1.5956930822451187
7,7,True,0.9,0.0815492,4.525365179668192,0.6795021420289462
2,2,True,0.75,0.08993582,3.82052210425,0.718910485643033
1,1,True,0.7,0.09579101,3.5855743190840963,0.7464237820765472
6,6,True,0.5,0.050812054,2.6457834585,0.5350697030142452
1,1,True,0.5,0.06905258,2.6457834585,0.6207810902501585
7,7,True,0.6,0.17442808,3.1156790288318073,1.115935772018878
4,4,True,0.55,0.09802626,2.880731243665904,0.7569271141285234
1,1,False,0.6,0.14481759,3.1156790288318073,0.9767974485822236
0,0,True,0.45,0.0748879,2.410835673334096,0.6482010151741143
1,1,True,0.5,0.06887523,2.6457834585,0.619947748652101
1,1,True,0.45,0.101501785,2.410835673334096,0.7732584458361657
5,5,False,0.7,0.08109895,3.5855743190840963,0.6773864563543587
4,4,True,0.6,0.11162496,3.1156790288318073,0.820826801198789
3,3,True,0.45,0.056973215,2.410835673334096,0.564020717637308
7,7,True,0.55,0.0919487,2.880731243665904,0.7283689460404269
5,5,False,0.65,0.10077044,3.3506265339181924,0.7698219051512221
3,3,True,0.55,0.08893842,2.880731243665904,0.714223775016274
3,3,True,0.5,0.14069842,2.6457834585,0.9574416431815773
6,6,True,0.55,0.27921098,2.880731243665904,1.6083059032123304
6,6,False,0.5,0.18434496,2.6457834585,1.1625347721671582
7,7,True,0.6,0.10150521,3.1156790288318073,0.7732745504084929
4,4,True,0.6,0.54135567,3.1156790288318073,2.840111871222745
1,1,False,0.5,0.17472179,2.6457834585,1.1173159338673266
1,1,True,0.7,0.119408,3.5855743190840963,0.8573989195664017
6,1,False,0.3,0.110786274,1.7059925979159036,0.8168858373006029
7,7,True,0.6,0.10315123,3.1156790288318073,0.7810091213680704
1,1,True,0.5,0.11326929,2.6457834585,0.8285534249020224
6,6,False,0.45,0.060895823,2.410835673334096,0.5824528733000747
4,4,False,0.6,0.056477696,3.1156790288318073,0.5616922940632711
7,7,True,0.6,0.01275062,3.1156790288318073,0.35622075139042375
5,5,False,0.6,0.22884671,3.1156790288318073,1.371646482087555
3,3,True,0.5,0.05172396,2.6457834585,0.5393547095912579
3,3,True,0.5,0.064540125,2.6457834585,0.5995772851749561
4,4,False,0.65,0.08879793,3.3506265339181924,0.7135635925806747
6,6,True,0.5,0.15411511,2.6457834585,1.0204860724314444
7,7,True,0.7,0.29731882,3.5855743190840963,1.6933937809246289
7,7,True,0.55,0.04811742,2.880731243665904,0.5224077455964654
0,0,False,0.45,0.011571129,2.410835673334096,0.3506783759527157
7,7,True,0.55,0.14969926,2.880731243665904,0.9997361712262927
2,2,True,0.6,0.10561595,3.1156790288318073,0.7925907245572381
0,0,True,0.4,0.06837517,2.175888028207952,0.6175979865197305
1,1,True,0.5,0.15604895,2.6457834585,1.0295731123770555
3,3,True,0.55,0.14706242,2.880731243665904,0.9873458034168366
2,2,True,0.6,0.13336182,3.1156790288318073,0.922967285399353
3,3,True,0.5,0.08425705,2.6457834585,0.6922262245849755
1,1,True,0.55,0.5020095,2.880731243665904,2.6552260593946455
1,1,True,0.7,0.049561147,3.5855743190840963,0.5291917441744248
1,1,True,0.5,0.07673287,2.6457834585,0.656870421547351
7,7,False,0.5,0.119138174,2.6457834585,0.8561310345950264
1,1,False,0.5,0.13584007,2.6457834585,0.9346125016492135
6,6,True,0.45,0.15780921,2.410835673334096,1.0378444907442292
0,0,True,0.4,0.12093639,2.175888028207952,0.8645807535957549
3,3,True,0.55,0.057826754,2.880731243665904,0.568031456345599
4,4,False,0.65,0.11448205,3.3506265339181924,0.8342521328498521
2,2,True,0.65,0.058368232,3.3506265339181924,0.5705758387335509
3,3,True,0.5,0.21730673,2.6457834585,1.3174206365645909
3,3,True,0.5,0.09539869,2.6457834585,0.7445802636742909
1,1,True,0.5,0.07766419,2.6457834585,0.6612466640275917
1,1,False,0.55,0.4356263,2.880731243665904,2.343294357351293
1,1,True,0.6,0.06753132,3.1156790288318073,0.6136327607332339
6,6,True,0.55,0.4895169,2.880731243665904,2.5965239129833724
1,1,True,0.5,0.1264597,2.6457834585,0.8905345672689505
7,7,True,0.65,0.12079813,3.3506265339181924,0.8639311091520482
0,0,False,0.4,0.18947116,2.175888028207952,1.1866225210368393
6,6,True,0.55,0.12839818,2.880731243665904,0.8996433833971431
4,4,True,0.6,0.08328474,3.1156790288318073,0.6876573924256643
3,3,True,0.5,0.0850718,2.6457834585,0.6960547015464494
7,7,True,0.6,0.10847067,3.1156790288318073,0.8060049230474315
6,6,True,0.5,0.15562908,2.6457834585,1.0276001622272035
4,4,False,0.6,0.06067636,3.1156790288318073,0.581421620512091
7,7,True,0.6,0.07456164,3.1156790288318073,0.6466679299084364
3,3,True,0.5,0.1463166,2.6457834585,0.9838412384187801
0,0,True,0.4,0.121326655,2.175888028207952,0.8664146092546149
4,4,True,0.65,0.091476776,3.3506265339181924,0.7261513814408995
1,1,True,0.65,0.048845537,3.3506265339181924,0.5258291269774574
3,3,True,0.6,0.11082325,3.1156790288318073,0.8170595916320385
3,3,True,0.55,0.09325393,2.880731243665904,0.7345021623516348
6,6,True,0.65,0.023880692,3.3506265339181924,0.4085204550531046
1,1,False,0.5,0.002260077,2.6457834585,0.30692616639431763
4,4,False,0.65,0.07635111,3.3506265339181924,0.6550765822497304
2,2,False,0.55,0.092105985,2.880731243665904,0.72910800587049
4,4,False,0.6,0.15659834,3.1156790288318073,1.0321546753211193
0,0,True,0.35,0.2048053,1.9409402430420482,1.2586769683646652
6,6,False,0.55,0.46866217,2.880731243665904,2.4985284306103934
2,2,True,0.65,0.19916318,3.3506265339181924,1.2321649212006902
3,3,True,0.6,0.09562372,3.1156790288318073,0.7456376688873366
2,2,False,0.8,0.040869925,4.055469889415903,0.48835208918978057
5,5,True,0.65,0.21288246,3.3506265339181924,1.2966311741274177
3,3,True,0.6,0.15488233,3.1156790288318073,1.024091185976727
7,7,True,0.55,0.16543253,2.880731243665904,1.0736661010314505
1,1,True,0.55,0.10593527,2.880731243665904,0.7940911805589834
1,1,True,0.6,0.11627987,3.1156790288318073,0.842699996323769
1,1,True,0.55,0.115941234,2.880731243665904,0.8411087595480137
5,5,False,0.6,0.19670841,3.1156790288318073,1.2206300562812114
1,1,True,0.55,0.07326825,2.880731243665904,0.6405903443916374
4,4,False,0.65,0.14506257,3.3506265339181924,0.9779485754042262
3,3,True,0.5,0.109346956,2.6457834585,0.81012254710206
6,6,False,0.55,0.050299753,2.880731243665904,0.5326624195507144
3,3,True,0.55,0.058106586,2.880731243665904,0.569346377171152
6,6,True,0.5,0.15293193,2.6457834585,1.0149263539447873
6,6,True,0.45,0.08792402,2.410835673334096,0.7094571366968558
2,2,True,0.65,0.12522446,3.3506265339181924,0.8847301993226778
4,4,True,0.55,0.06781296,2.880731243665904,0.6149561714691987
1,1,True,0.5,0.09700086,2.6457834585,0.7521088011378987
0,0,True,0.55,0.22129808,2.880731243665904,1.336175811437309
7,7,False,0.55,0.19142367,2.880731243665904,1.195797295891694
5,5,True,0.6,0.31858608,3.1156790288318073,1.7933276936467757
5,5,True,0.7,0.19024216,3.5855743190840963,1.1902454196315615
1,1,False,0.65,0.14541166,3.3506265339181924,0.9795889311255798
0,0,True,0.4,0.12632547,2.175888028207952,0.8899038281927584
3,3,True,0.45,0.1189747,2.410835673334096,0.8553628815049547
6,6,False,0.6,0.19719397,3.1156790288318073,1.2229116540607097
5,5,True,0.8,0.14137791,4.055469889415903,0.960634549695161
2,2,True,0.65,0.10952587,3.3506265339181924,0.8109632407874842
7,7,True,0.6,0.0901207,3.1156790288318073,0.7197792573002103
2,2,False,0.6,0.11754622,3.1156790288318073,0.8486505307688818
2,2,True,0.55,0.21464106,2.880731243665904,1.3048947802879465
1,1,True,0.6,0.1580668,3.1156790288318073,1.0390548543844442
4,4,True,0.75,0.070871755,3.82052210425,0.6293293272216022
6,6,False,0.55,0.08913803,2.880731243665904,0.7151617263145791
3,3,True,0.5,0.09284975,2.6457834585,0.73260290812515
7,7,True,0.5,0.17818154,2.6457834585,1.1335731495323234
5,5,True,0.6,0.047304478,3.1156790288318073,0.5185877585454031
3,3,True,0.55,0.06578856,2.880731243665904,0.6054436207147489
2,2,False,0.6,0.14013526,3.1156790288318073,0.9547953818686855
7,7,True,0.5,0.050290123,2.6457834585,0.5326171692034687
4,4,True,0.6,0.1044642,3.1156790288318073,0.787178713006774
6,6,False,0.45,0.25657368,2.410835673334096,1.5019342227122907
4,4,True,0.6,0.18241175,3.1156790288318073,1.153450673056494
7,7,False,0.6,0.16248737,3.1156790288318073,1.059826951891456
6,6,False,0.45,0.25589532,2.410835673334096,1.498746637709563
2,2,True,0.65,0.5508482,3.3506265339181924,2.8847167752175085
3,3,True,0.5,0.12464424,2.6457834585,0.8820038002574878
5,5,True,0.6,0.1959507,3.1156790288318073,1.2170696154191671
1,1,True,0.75,0.07865784,3.82052210425,0.6659157996645501
1,1,False,0.5,0.17306583,2.6457834585,1.10953462463806
5,5,True,0.6,0.24710236,3.1156790288318073,1.4574289570063172
0,0,True,0.45,0.06113163,2.410835673334096,0.5835609203911019
0,0,False,0.55,0.11302246,2.880731243665904,0.8273935806049992
6,6,True,0.5,0.108805254,2.6457834585,0.807577114415913
0,0,False,0.5,0.15468621,2.6457834585,1.0231696543402078
7,7,True,0.55,0.088966325,2.880731243665904,0.714354887240982
1,1,True,0.65,0.2717787,3.3506265339181924,1.573381947782656
0,0,True,0.4,0.08496282,2.175888028207952,0.6955426111563816
4,4,True,0.65,0.03446568,3.3506265339181924,0.4582588402694351
2,2,False,0.6,0.09059322,3.1156790288318073,0.7219995876849853
7,7,True,0.75,0.0934974,3.82052210425,0.7356462171657892
7,7,True,0.55,0.045465477,2.880731243665904,0.5099463776290099
4,4,True,0.6,0.16115992,3.1156790288318073,1.0535893009296995
3,3,False,0.6,0.05225634,3.1156790288318073,0.5418563273376928
0,0,True,0.55,0.13199481,2.880731243665904,0.9165438016769157
2,2,True,0.65,0.13039371,3.3506265339181924,0.9090203056446452
7,7,False,0.55,0.13339554,2.880731243665904,0.9231257403870776
4,4,True,0.65,0.12704913,3.3506265339181924,0.893304273629725
2,2,True,0.6,0.08162914,3.1156790288318073,0.67987779868345
5,5,True,0.6,0.16706264,3.1156790288318073,1.0813259257694656
4,4,True,0.6,0.07401083,3.1156790288318073,0.6440796800658626
0,0,True,0.4,0.0595851,2.175888028207952,0.5762938371582336
1,1,True,0.45,0.082068875,2.410835673334096,0.6819440853329205
6,6,True,0.55,0.1385666,2.880731243665904,0.9474243191144867
5,5,True,0.6,0.12725256,3.1156790288318073,0.8942601850271689
6,6,False,0.6,0.4422725,3.1156790288318073,2.3745246240878846
2,2,True,0.65,0.07554769,3.3506265339181924,0.6513013203968161
0,0,False,0.4,0.13427226,2.175888028207952,0.9272454300281567
5,5,True,0.75,0.08006988,3.82052210425,0.6725508834633919
5,5,True,0.6,0.22055385,3.1156790288318073,1.332678668546499
2,2,True,0.7,0.19820067,3.5855743190840963,1.227642127112271
0,0,True,0.45,0.13950863,2.410835673334096,0.9518509058882202
1,1,True,0.8,0.09147651,4.055469889415903,0.7261501210830652
0,0,True,0.45,0.08500646,2.410835673334096,0.6957476643740357
6,6,False,0.55,0.07414982,2.880731243665904,0.6447327904936138
4,4,True,0.55,0.1113765,2.880731243665904,0.8196592897249405
3,3,True,0.5,0.09204384,2.6457834585,0.7288159879622684
2,2,True,0.7,0.10691316,3.5855743190840963,0.7986862351632362
2,2,True,0.55,0.072307386,2.880731243665904,0.6360752874999234
3,3,False,0.5,0.07788736,2.6457834585,0.6622953167556769
0,0,True,0.45,0.060762823,2.410835673334096,0.5818279108639566
2,2,True,0.6,0.11123238,3.1156790288318073,0.8189820574486383
2,2,True,0.55,0.123082675,2.880731243665904,0.8746660669660186
5,5,True,0.6,0.22997585,3.1156790288318073,1.3769522384705988
7,7,True,0.6,0.12562387,3.1156790288318073,0.8866070121777239
7,7,False,0.55,0.14956209,2.880731243665904,0.9990916382338029
7,7,True,0.55,0.17747092,2.880731243665904,1.13023397149008
5,5,False,0.65,0.11062739,3.3506265339181924,0.8161392503334739
7,7,True,0.55,0.1312284,2.880731243665904,0.9129424692051362
2,2,True,0.55,0.13783877,2.880731243665904,0.9440042681112086
2,2,True,0.7,0.012050207,3.5855743190840963,0.3529295413420065
0,0,False,0.4,0.13422753,2.175888028207952,0.9270352303493458
6,6,True,0.55,0.18699688,2.880731243665904,1.1749960000948545
5,5,False,0.6,0.09816866,3.1156790288318073,0.7575962591087222
6,6,True,0.55,0.72818154,2.880731243665904,3.7179981561783473
7,7,True,0.6,0.07533491,3.1156790288318073,0.6503014715248705
1,1,True,0.5,0.1779013,2.6457834585,1.1322562856551093
5,5,True,0.6,0.18380442,3.1156790288318073,1.1599948010316266
0,0,False,0.5,0.16201529,2.6457834585,1.0576086520831918
4,4,True,0.65,0.1428563,3.3506265339181924,0.967581432018235
1,1,False,0.55,0.1258465,2.880731243665904,0.8876531792000802
7,7,True,0.65,0.09931637,3.3506265339181924,0.762989295271792
5,5,True,0.6,0.19084197,3.1156790288318073,1.1930639298484755
3,3,True,0.45,0.089511745,2.410835673334096,0.7169177898871102
2,2,True,0.5,0.041737005,2.6457834585,0.49242645846373434
6,6,True,0.5,0.16253668,2.6457834585,1.0600586476733298
5,5,True,0.65,0.085825585,3.3506265339181924,0.6995966921701969
5,5,False,0.6,0.05198375,3.1156790288318073,0.5405754536786361
6,6,False,0.5,0.08487929,2.6457834585,0.6951500797108738
7,7,True,0.55,0.087162845,2.880731243665904,0.7058804162127852
0,0,True,0.5,0.15702432,2.6457834585,1.0341563336216417
6,6,False,0.5,0.11127785,2.6457834585,0.8191957231114936
5,5,True,0.6,0.20372805,3.1156790288318073,1.2536150212026804
0,0,False,0.45,0.040729698,2.410835673334096,0.4876931671120157
3,3,False,0.45,0.11576515,2.410835673334096,0.8402813346297896
4,4,True,0.6,0.36969662,3.1156790288318073,2.0334937803659985
3,3,True,0.5,0.07289033,2.6457834585,0.6388145002030955
3,3,True,0.6,0.23174864,3.1156790288318073,1.3852825035565868
1,1,True,0.55,0.12637484,2.880731243665904,0.8901358040541509
0,0,True,0.45,0.10502422,2.410835673334096,0.7898102001250527
5,5,True,0.6,0.115523756,3.1156790288318073,0.8391470475888511
0,0,True,0.4,0.11126074,2.175888028207952,0.8191153402896165
5,5,False,0.6,0.08417973,3.1156790288318073,0.6918628914292959
0,0,False,0.4,0.08721367,2.175888028207952,0.7061192540223868
6,6,True,0.45,0.07949299,2.410835673334096,0.6698401338413111
7,7,True,0.55,0.22434321,2.880731243665904,1.3504847239501026
4,4,True,0.7,0.08302228,3.5855743190840963,0.6864240972748528
2,2,True,0.75,0.077635564,3.82052210425,0.661112155838719
1,1,True,0.55,0.05462528,2.880731243665904,0.5529878777501926
4,4,False,0.55,0.09550143,2.880731243665904,0.7450630507447111
6,6,False,0.6,0.06534708,3.1156790288318073,0.6033691417393554
1,1,True,0.6,0.16792892,3.1156790288318073,1.0853965314748864
4,4,True,0.6,0.17073019,3.1156790288318073,1.0985595686566536
7,7,True,0.6,0.23478274,3.1156790288318073,1.3995396013584143
1,1,True,0.6,0.062232424,3.1156790288318073,0.588733498962987
5,5,True,0.6,0.17102174,3.1156790288318073,1.099929577622548
1,1,True,0.45,0.06106539,2.410835673334096,0.5832496645209371
6,6,True,0.55,0.102946416,2.880731243665904,0.7800466981218159
7,7,True,0.55,0.053710837,2.880731243665904,0.5486909502886637
1,1,True,0.6,0.15593226,3.1156790288318073,1.0290247866992512
0,0,False,0.55,0.17791697,2.880731243665904,1.1323299465685366
2,2,True,0.65,0.4553869,3.3506265339181924,2.4361485600386055
1,1,True,0.5,0.04950706,2.6457834585,0.5289375895161423
5,5,True,0.6,0.082985684,3.1156790288318073,0.6862521284503491
4,4,True,0.6,0.10514485,3.1156790288318073,0.7903770460610332
7,7,True,0.65,0.09844202,3.3506265339181924,0.7588807387915826
4,4,True,0.7,0.32677996,3.5855743190840963,1.8318303651270917
5,5,True,0.65,0.21723342,3.3506265339181924,1.3170761387565462
0,0,True,0.45,0.08325403,2.410835673334096,0.6875130814536359
1,1,True,0.5,0.06545932,2.6457834585,0.6038965314731342
4,4,False,0.6,0.11156309,3.1156790288318073,0.8205360436484018
3,3,True,0.55,0.13128017,2.880731243665904,0.9131857182671579
3,3,True,0.55,0.23256153,2.880731243665904,1.3891022280331002
4,4,True,0.6,0.19278146,3.1156790288318073,1.2021775073284868
7,7,False,0.5,0.07838341,2.6457834585,0.6646262435404124
2,2,False,0.6,0.24180378,3.1156790288318073,1.4325311481485736
2,2,True,0.6,0.056873545,3.1156790288318073,0.5635523721670727
5,5,True,0.75,0.121646546,3.82052210425,0.8679177610217279
5,5,False,0.6,0.69299024,3.1156790288318073,3.5526358473627373
1,1,False,0.55,0.110023305,2.880731243665904,0.8133006794210303
4,4,True,0.65,0.20352088,3.3506265339181924,1.252641534815436
1,1,True,0.6,0.07458606,3.1156790288318073,0.6467826924912382
4,4,False,0.65,0.12677494,3.3506265339181924,0.8920158378236623
5,5,True,0.65,0.37676254,3.3506265339181924,2.0666962270337654
5,5,True,0.6,0.20168859,3.1156790288318073,1.2440316803498703
2,2,False,0.7,0.09549323,3.5855743190840963,0.7450245048009452
6,6,True,0.5,0.12066444,2.6457834585,0.8633028907915247
0,0,False,0.45,0.10216014,2.410835673334096,0.7763520291504178
5,5,True,0.7,0.09840116,3.5855743190840963,0.7586887442814896
5,5,True,0.65,0.15434144,3.3506265339181924,1.0215496043839625
7,7,True,0.6,0.1461975,3.1156790288318073,0.9832815695204671
5,5,False,0.7,0.1636068,3.5855743190840963,1.065087055312946
2,2,False,0.65,0.14166582,3.3506265339181924,0.9619874037905327
1,1,True,0.55,0.11399995,2.880731243665904,0.8319867446725007
2,2,True,0.6,0.14964786,3.1156790288318073,0.9994946726612631
3,3,True,0.45,0.104916096,2.410835673334096,0.7893021358780665
7,7,True,0.6,0.06984068,3.1156790288318073,0.6244843366568178
4,4,True,0.6,0.12945102,3.1156790288318073,0.9045906379962056
6,6,True,0.65,0.083230026,3.3506265339181924,0.6874002794274652
6,6,True,0.5,0.07116611,2.6457834585,0.630712499924877
7,7,False,0.55,0.121139355,2.880731243665904,0.8655344943769286
2,2,True,0.65,0.08761296,3.3506265339181924,0.7079954717084554
2,2,True,0.8,0.25693846,4.055469889415903,1.5036483093669515
1,1,True,0.65,0.071282975,3.3506265339181924,0.6312616308312976
5,5,True,0.75,0.17227069,3.82052210425,1.10579829383825
2,2,True,0.8,0.05424099,4.055469889415903,0.5511821175680558
3,3,False,0.5,0.33267424,2.6457834585,1.8595272886950769
5,5,True,0.65,0.09936798,3.3506265339181924,0.763231809125077
6,6,False,0.6,0.08129389,3.1156790288318073,0.6783024564203828
2,2,True,0.5,0.12291847,2.6457834585,0.8738944829018424
1,1,True,0.5,0.12250803,2.6457834585,0.8719658203258905
6,6,True,0.55,0.11332408,2.880731243665904,0.82881088799962
4,4,True,0.5,0.095814936,2.6457834585,0.7465361989933796
0,0,True,0.4,0.12400623,2.175888028207952,0.8790057940790043
3,3,True,0.5,0.04544589,2.6457834585,0.5098543364971655
1,1,False,0.55,0.06818455,2.880731243665904,0.6167022572088748
1,1,True,0.5,0.09276606,2.6457834585,0.7322096764808456
5,5,True,0.65,0.09763773,3.3506265339181924,0.7551014157856467
4,4,True,0.5,0.10421765,2.6457834585,0.7860201640775251
2,2,True,0.65,0.13354717,3.3506265339181924,0.9238382626827405
1,1,True,0.55,0.0828157,2.880731243665904,0.6854533766728557
2,2,True,0.7,0.050957557,3.5855743190840963,0.5357534121294182
7,7,True,0.55,0.089463845,2.880731243665904,0.7166927109838664
0,0,True,0.55,0.1056937,2.880731243665904,0.7929560532794887
3,3,True,0.55,0.10884209,2.880731243665904,0.8077502035584914
0,0,False,0.45,0.17420638,2.410835673334096,1.1148940162489418
4,4,True,0.7,0.1082419,3.5855743190840963,0.8049299428445852
5,5,False,0.7,0.12130355,3.5855743190840963,0.866306043431165
4,4,False,0.65,0.18933974,3.3506265339181924,1.1860050157179074
2,2,True,0.7,0.05928206,3.5855743190840963,0.5748698778750428
0,0,True,0.35,0.055899713,1.9409402430420482,0.5589763804750638
1,1,True,0.5,0.06760544,2.6457834585,0.6139810746247213
3,3,False,0.6,0.17778444,3.1156790288318073,1.1317071897586284
3,3,True,0.5,0.028644474,2.6457834585,0.43090525042899464
5,5,False,0.75,0.07818677,3.82052210425,0.6637022612081045
0,0,True,0.45,0.13461666,2.410835673334096,0.9288637294874099
0,0,True,0.45,0.086894035,2.410835673334096,0.7046172925932284
4,4,False,0.7,0.10089969,3.5855743190840963,0.7704292225776599
0,0,True,0.4,0.09792333,2.175888028207952,0.7564434518096073
6,6,False,0.55,0.22985448,2.880731243665904,1.376381926550574
2,2,False,0.55,0.17192657,2.880731243665904,1.104181324756711
6,6,True,0.5,0.25259537,2.6457834585,1.483240315234296
6,6,True,0.55,0.09768206,2.880731243665904,0.7553097249277062
6,6,True,0.5,0.30111262,2.6457834585,1.7112207022523782
4,4,False,0.7,0.18444164,3.5855743190840963,1.162989061146547
6,6,True,0.6,0.15830489,3.1156790288318073,1.040173632022033
3,3,True,0.65,0.1209343,3.3506265339181924,0.8645709508125992
7,7,True,0.6,0.0874748,3.1156790288318073,0.7073462823939667
7,7,True,0.5,0.074703194,2.6457834585,0.6473330837554931
6,6,True,0.5,0.13885736,2.6457834585,0.9487906170267577
0,0,True,0.45,0.22472945,2.410835673334096,1.352299639231508
2,2,True,0.65,0.08246174,3.3506265339181924,0.6837901244508454
3,3,False,0.35,0.16847847,1.9409402430420482,1.087978864637627
2,2,True,0.7,0.06777629,3.5855743190840963,0.6147838875552365
6,6,False,0.55,0.17308414,2.880731243665904,1.1096206790701915
3,3,True,0.65,0.13474916,3.3506265339181924,0.9294863462575587
4,4,False,0.6,0.24624328,3.1156790288318073,1.4533921709027837
2,2,True,0.6,0.077894196,3.1156790288318073,0.6623274558804518
0,0,False,0.4,0.103902064,2.175888028207952,0.7845372480556405
2,2,True,0.65,0.10671153,3.3506265339181924,0.797738796171234
0,0,False,0.45,0.23078455,2.410835673334096,1.380752287360921
1,1,True,0.45,0.092428,2.410835673334096,0.7306211354704579
3,3,True,0.55,0.0846627,2.880731243665904,0.6941323407596691
3,3,True,0.55,0.14731283,2.880731243665904,0.9885224874949238
3,3,True,0.65,0.29442275,3.3506265339181924,1.6797852772683128
1,1,True,0.6,0.1477495,3.1156790288318073,0.9905743500491794
7,7,True,0.5,0.1558816,2.6457834585,1.028786719108326
3,3,True,0.55,0.28903583,2.880731243665904,1.6544723905638035
7,7,False,0.65,0.5512593,3.3506265339181924,2.886648483658227
5,7,False,0.4,0.084264405,2.175888028207952,0.6922607793955995
2,2,False,0.6,0.16849163,3.1156790288318073,1.0880406921913877
4,4,True,0.65,0.1520082,3.3506265339181924,1.0105858216031853
4,4,True,0.65,0.16629136,3.3506265339181924,1.0777016967970292
0,0,True,0.4,0.083978824,2.175888028207952,0.6909188484014583
6,6,False,0.5,0.033526562,2.6457834585,0.4538459598871497
7,7,True,0.5,0.31910095,2.6457834585,1.7957470205296122
7,7,True,0.55,0.09245519,2.880731243665904,0.730748921750881
2,2,True,0.7,0.092506096,3.5855743190840963,0.7309881096598811
1,1,True,0.6,0.06825625,3.1156790288318073,0.6170391928699135
7,7,True,0.65,0.089771405,3.3506265339181924,0.7181379213005412
7,7,True,0.55,0.12342594,2.880731243665904,0.8762790449144158
6,6,True,0.45,0.13052663,2.410835673334096,0.9096448829714252
0,0,True,0.35,0.1020511,1.9409402430420482,0.7758396586808312
7,7,True,0.55,0.074914694,2.880731243665904,0.6483269109177858
5,5,True,0.75,0.0646126,3.82052210425,0.5999178268597984
4,4,False,0.55,0.10224135,2.880731243665904,0.7767336374946947
3,3,True,0.5,0.12902044,2.6457834585,0.9025673435528611
5,5,True,0.6,0.46945223,3.1156790288318073,2.5022408846312314
7,7,True,0.65,0.07343436,3.3506265339181924,0.6413708910004131
4,4,True,0.6,0.17913386,3.1156790288318073,1.1380480500230385
6,6,True,0.45,0.11617905,2.410835673334096,0.8422262418178281
6,6,True,0.4,0.26131228,2.175888028207952,1.524200684491515
7,7,False,0.6,0.31280893,3.1156790288318073,1.7661811263331055
5,5,True,0.65,0.12884387,3.3506265339181924,0.9017376779984871
4,4,True,0.55,0.16962934,2.880731243665904,1.09338671000525
0,0,False,0.6,0.13519093,3.1156790288318073,0.9315622256305459
0,0,False,0.5,0.15697834,2.6457834585,1.0339402522729373
7,7,True,0.6,0.12384915,3.1156790288318073,0.8782677145272567
3,3,True,0.6,0.0973303,3.1156790288318073,0.7536568356478892
2,2,True,0.5,0.1645943,2.6457834585,1.0697272727395948
0,0,True,0.45,0.05089584,2.410835673334096,0.5354634072927376
2,2,True,0.6,0.08729395,3.1156790288318073,0.7064964861241836
5,5,False,0.6,0.13159443,3.1156790288318073,0.9146624375296903
2,2,True,0.65,0.08596463,3.3506265339181924,0.700250047667527
2,2,True,0.6,0.066477336,3.1156790288318073,0.6086801496133756
5,5,True,0.6,0.17647803,3.1156790288318073,1.1255684068669858
2,2,True,0.6,0.30832276,3.1156790288318073,1.7451008013157256
5,5,True,0.7,0.18932049,3.5855743190840963,1.1859145500333559
2,2,True,0.65,0.16362298,3.3506265339181924,1.0651630969022827
5,5,False,0.65,0.07340892,3.3506265339181924,0.6412513320558529
4,4,True,0.6,0.040307894,3.1156790288318073,0.4857111318827748
6,6,True,0.5,0.13286528,2.6457834585,0.9206340829685277
0,0,False,0.45,0.17897466,2.410835673334096,1.1372999576284963
2,2,True,0.6,0.07197044,3.1156790288318073,0.6344919979805121
4,4,True,0.55,0.14590403,2.880731243665904,0.9819025980099733
7,7,True,0.65,0.07579531,3.3506265339181924,0.6524648757474625
2,2,True,0.6,0.07539091,3.1156790288318073,0.6505646412426622
2,2,True,0.7,0.16249296,3.5855743190840963,1.0598532093463373
7,7,True,0.6,0.21035276,3.1156790288318073,1.2847442492528884
3,3,True,0.4,0.110612646,2.175888028207952,0.8160699656625268
4,4,True,0.55,0.15967152,2.880731243665904,1.046595365247478
5,5,True,0.55,0.18590508,2.880731243665904,1.1698657135302981
0,0,True,0.45,0.0717792,2.410835673334096,0.6335933628446495
7,7,True,0.65,0.25176817,3.3506265339181924,1.4793533716732858
1,1,True,0.5,0.13114418,2.6457834585,0.9125467168451631
5,5,True,0.7,0.2666353,3.5855743190840963,1.54921332595194
0,0,False,0.4,0.10494571,2.175888028207952,0.7894413003889382
1,1,False,0.55,0.09063092,2.880731243665904,0.7221767379805855
1,1,True,0.65,0.16077648,3.3506265339181924,1.0517875493856748
0,0,True,0.4,0.07909517,2.175888028207952,0.6679707781034516
2,2,False,0.55,0.11252382,2.880731243665904,0.8250504703611987
6,6,True,0.4,0.16851911,2.175888028207952,1.0881698088495246
2,2,True,0.6,0.029925326,3.1156790288318073,0.4369239142170397
4,4,True,0.65,0.19356143,3.3506265339181924,1.2058425578907785
1,1,False,0.65,0.07230781,3.3506265339181924,0.6360772830664944
0,0,False,0.45,0.14784531,2.410835673334096,0.9910245778755465
6,6,True,0.5,0.2117649,2.6457834585,1.291379823190888
2,2,False,0.6,0.084652014,3.1156790288318073,0.6940821365059358
2,2,True,0.65,0.13423821,3.3506265339181924,0.9270854346030791
5,5,True,0.6,0.4854263,3.1156790288318073,2.57730233569208
0,0,True,0.4,0.086356275,2.175888028207952,0.7020903801652576
0,0,False,0.4,0.13344789,2.175888028207952,0.9233717202244069
6,6,True,0.45,0.22436304,2.410835673334096,1.350577920409962
2,2,True,0.65,0.07927341,3.3506265339181924,0.66880832089429
3,3,True,0.5,0.09304851,2.6457834585,0.733536903300253
2,2,True,0.65,0.088958986,3.3506265339181924,0.7143204024502376
0,0,False,0.4,0.15813115,2.175888028207952,1.0393572702447988
6,6,False,0.5,0.20336826,2.6457834585,1.251924391207714
3,3,True,0.65,0.0023370888,3.3506265339181924,0.3072880411671906
2,2,False,0.6,0.092198044,3.1156790288318073,0.7295405886871769
7,7,True,0.6,0.066745386,3.1156790288318073,0.6099397022190686
1,1,True,0.7,0.09011274,3.5855743190840963,0.7197418316745193
5,5,True,0.55,0.20327784,2.880731243665904,1.2514995105777924
6,6,False,0.4,0.14468898,2.175888028207952,0.9761931070006723
7,7,True,0.5,0.071329325,2.6457834585,0.6314794276670542
2,2,True,0.7,0.10011811,3.5855743190840963,0.7667566098683622
2,2,True,0.6,0.09339655,3.1156790288318073,0.7351723226200888
1,1,True,0.55,0.055554032,2.880731243665904,0.5573520418011879
3,3,True,0.45,0.08840783,2.410835673334096,0.7117305421504312
1,1,True,0.55,0.12326561,2.880731243665904,0.8755256660189574
5,5,True,0.6,0.08464339,3.1156790288318073,0.6940415949955988
1,1,False,0.55,0.5538631,2.880731243665904,2.898883757434183
6,6,False,0.45,0.20191965,2.410835673334096,1.2451174086042482
3,3,True,0.5,0.06892,2.6457834585,0.6201581233806113
7,7,True,0.75,0.11674837,3.82052210425,0.8449014563509692
4,4,True,0.65,0.114915445,3.3506265339181924,0.8362886260405171
2,2,True,0.7,0.18388766,3.5855743190840963,1.1603859320795404
2,2,False,0.7,0.035259224,3.5855743190840963,0.461987661437149
7,7,True,0.55,0.10325454,2.880731243665904,0.7814945691939186
4,4,True,0.55,0.10729248,2.880731243665904,0.8004686612204684
6,6,True,0.55,0.15034771,2.880731243665904,1.0027832263304948
7,7,False,0.55,0.104926184,2.880731243665904,0.7893495393366126
0,0,True,0.35,0.048735786,1.9409402430420482,0.525313413058616
7,7,True,0.55,0.15140012,2.880731243665904,1.0077284503530466
5,5,True,0.65,0.16792819,3.3506265339181924,1.0853931005007817
6,6,True,0.6,0.16899203,3.1156790288318073,1.090392029771051
7,7,True,0.6,0.1313801,3.1156790288318073,0.9136552715803178
1,1,True,0.5,0.16086453,2.6457834585,1.0522012968547267
1,1,False,0.65,0.27509195,3.3506265339181924,1.5889507279906012
7,7,True,0.55,0.06866141,2.880731243665904,0.6189429983885777
1,1,True,0.5,0.076891094,2.6457834585,0.6576139276397739
1,1,True,0.5,0.036374543,2.6457834585,0.4672284918867561
6,6,True,0.5,0.04698484,2.6457834585,0.5170857971162446
3,3,True,0.4,0.1646072,2.175888028207952,1.069787909955401
2,2,False,0.65,0.094717026,3.3506265339181924,0.7413771692682133
0,0,True,0.45,0.06415005,2.410835673334096,0.597744339774532
4,4,False,0.6,0.08593697,3.1156790288318073,0.7001200907708337
6,6,True,0.5,0.11584504,2.6457834585,0.8406567462147145
3,3,True,0.6,0.08253807,3.1156790288318073,0.6841488012845259
6,6,True,0.75,0.069374695,3.82052210425,0.6222947099892843
5,5,True,0.7,0.15248449,3.5855743190840963,1.0128238670175203
2,2,True,0.7,0.08671571,3.5855743190840963,0.7037793646930517
3,3,True,0.6,0.08737883,3.1156790288318073,0.7068953193588627
5,5,True,0.65,0.16836911,3.3506265339181924,1.087464988740627
7,7,True,0.55,0.09481655,2.880731243665904,0.7418448320446217
1,1,True,0.6,0.08992161,3.1156790288318073,0.7188437216877543
5,5,True,0.65,0.119545,3.3506265339181924,0.8580426823402151
3,3,True,0.55,0.069539,2.880731243665904,0.6230667841926183
7,7,True,0.55,0.20108181,2.880731243665904,1.241180470849144
2,2,True,0.7,0.064155474,3.5855743190840963,0.597769827010737
1,1,False,0.55,0.2195806,2.880731243665904,1.3281054601447075
5,5,True,0.7,0.06395366,3.5855743190840963,0.5968215127702388
4,4,True,0.75,0.1977988,3.82052210425,1.2257537609770774
6,6,True,0.5,0.07343174,2.6457834585,0.6413585675015887
4,4,True,0.65,0.1246528,3.3506265339181924,0.8820440266783662
5,5,True,0.65,0.099118285,3.3506265339181924,0.7620584860012147
1,1,False,0.6,0.07149257,3.1156790288318073,0.6322464954489908
6,6,True,0.5,0.10509122,2.6457834585,0.7901250445140511
0,0,False,0.45,0.20108238,2.410835673334096,1.241183131604572
0,0,False,0.45,0.11294885,2.410835673334096,0.8270476823993611
3,3,False,0.55,0.06824681,2.880731243665904,0.6169948352761339
6,6,False,0.45,0.16439366,2.410835673334096,1.0687845250795314
5,5,False,0.65,0.34822598,3.3506265339181924,1.9326042363259262
7,7,True,0.55,0.07236329,2.880731243665904,0.6363379670785574
5,5,True,0.6,0.095246255,3.1156790288318073,0.743863995315065
0,0,False,0.5,0.2181525,2.6457834585,1.3213948248956868
4,4,False,0.6,0.07428878,3.1156790288318073,0.6453857608816056
0,0,False,0.7,0.2392571,3.5855743190840963,1.4205644006112048
6,6,True,0.55,0.16728392,2.880731243665904,1.0823657209827706
6,6,False,0.55,0.15457714,2.880731243665904,1.022657108820922
5,5,True,0.65,0.14631157,3.3506265339181924,0.983817571699447
3,3,True,0.6,0.055806145,3.1156790288318073,0.558536708145559
0,0,False,0.55,0.12820975,2.880731243665904,0.8987579820185408
4,4,True,0.55,0.21089381,2.880731243665904,1.2872866010643293
0,0,True,0.4,0.12021527,2.175888028207952,0.8611922465482744
4,4,True,0.65,0.18366373,3.3506265339181924,1.1593336733276516
6,6,False,0.5,0.15111949,2.6457834585,1.0064097659589606
4,4,True,0.6,0.17672142,3.1156790288318073,1.1267121115817416
6,6,False,0.5,0.1193474,2.6457834585,0.8571141837256674
6,6,False,0.5,0.103994384,2.6457834585,0.7849710562202219
3,3,True,0.45,0.11360805,2.410835673334096,0.8301452218368153
2,2,True,0.6,0.078034505,3.1156790288318073,0.662986763067555
5,5,True,0.7,0.22459912,3.5855743190840963,1.3516872453637931
1,1,True,0.55,0.08674219,2.880731243665904,0.70390379001925
0,0,True,0.35,0.075082146,1.9409402430420482,0.6491137593157332
0,0,True,0.5,0.09989565,2.6457834585,0.7657112830845619
4,4,True,0.75,0.13378209,3.82052210425,0.9249421260859564
7,7,True,0.55,0.30107886,2.880731243665904,1.7110620372050147
2,2,True,0.55,0.13662484,2.880731243665904,0.9383000986127636
2,2,True,0.55,0.048812274,2.880731243665904,0.5256728251010332
3,3,False,0.65,0.1775502,3.3506265339181924,1.1306064772499982
5,5,False,0.65,0.24885108,3.3506265339181924,1.465646069966736
6,6,True,0.5,0.032998446,2.6457834585,0.4513643678263044
2,2,True,0.6,0.082733475,3.1156790288318073,0.6850670069767602
3,3,True,0.5,0.11347126,2.6457834585,0.8295024743512573
0,0,False,0.45,0.08940434,2.410835673334096,0.716413086594349
7,7,True,0.65,0.07891067,3.3506265339181924,0.667103826963146
0,0,True,0.4,0.067835025,2.175888028207952,0.6150598709110104
6,6,False,0.55,0.2582277,2.880731243665904,1.5097064293571982
5,5,False,0.55,0.15050764,2.880731243665904,1.0035347496991416
0,0,False,0.5,0.08230965,2.6457834585,0.6830754665488521
4,4,True,0.6,0.14687407,3.1156790288318073,0.9864607521376327
0,0,True,0.35,0.12259633,1.9409402430420482,0.8723807581328971
3,3,True,0.5,0.07895822,2.6457834585,0.6673272603992171
7,7,True,0.55,0.07984972,2.880731243665904,0.6715163747510028
4,4,True,0.55,0.07647641,2.880731243665904,0.655665344408052
4,4,True,0.65,0.14656657,3.3506265339181924,0.9850158219004768
4,4,True,0.5,0.1980292,2.6457834585,1.226836408356749
4,4,False,0.55,0.22773185,2.880731243665904,1.366407804749248
4,4,True,0.55,0.115592934,2.880731243665904,0.8394721148802833
0,0,True,0.4,0.21945846,2.175888028207952,1.327531507190939
2,2,True,0.55,0.17234756,2.880731243665904,1.106159526397539
1,1,True,0.6,0.073987104,3.1156790288318073,0.6439682084174059
2,2,False,0.7,0.12508422,3.5855743190840963,0.8840712422349731
1,1,True,0.55,0.081098855,2.880731243665904,0.6773860012251407
0,0,False,0.6,0.048741736,3.1156790288318073,0.5253413684955798
5,5,True,0.65,0.040295318,3.3506265339181924,0.48565203510432164
3,3,False,0.55,0.11523373,2.880731243665904,0.8377842156606243
3,3,True,0.5,0.11330614,2.6457834585,0.8287265840644806
2,2,True,0.65,0.10521747,3.3506265339181924,0.7907182879446725
6,6,False,0.55,0.066146374,2.880731243665904,0.6071249730756574
7,7,True,0.6,0.10026619,3.1156790288318073,0.7674524324227205
3,3,False,0.65,0.26466772,3.3506265339181924,1.539967760998725
3,3,True,0.5,0.17738986,2.6457834585,1.1298530633446
0,0,True,0.5,0.089206405,2.6457834585,0.7154830125325083
4,4,True,0.65,0.13946284,3.3506265339181924,0.9516357347979517
7,7,True,0.6,0.08717478,3.1156790288318073,0.7059365021364119
3,3,False,0.5,0.03603792,2.6457834585,0.46564670779475803
6,6,True,0.55,0.1548579,2.880731243665904,1.023976423393925
3,3,True,0.6,0.18354486,3.1156790288318073,1.1587751247474136
1,1,True,0.7,0.11338444,3.5855743190840963,0.8290945035222794
1,1,True,0.6,0.24815297,3.1156790288318073,1.4623657086234272
4,4,True,0.6,0.09848784,3.1156790288318073,0.7590960499216105
3,3,True,0.55,0.23642467,2.880731243665904,1.4072549518610185
5,5,True,0.6,0.08574268,3.1156790288318073,0.6992071365695758
3,3,True,0.45,0.10871977,2.410835673334096,0.8071754453761065
0,0,True,0.4,0.087073706,2.175888028207952,0.7054615572925164
7,7,True,0.6,0.037744053,3.1156790288318073,0.4736637564539501
7,7,False,0.55,0.087304525,2.880731243665904,0.7065461652288192
5,5,True,0.7,0.08870334,3.5855743190840963,0.7131191413943816
5,5,False,0.85,0.15920278,4.290417674581807,1.0443928199121428
0,0,False,0.4,0.0609908,2.175888028207952,0.5828991625082096
6,6,False,0.5,0.11406331,2.6457834585,0.8322844692009164
1,1,False,0.55,0.0022845508,2.880731243665904,0.3070411674823346
1,1,False,0.55,0.2927287,2.880731243665904,1.6718249972265744
4,4,False,0.65,0.17508484,3.3506265339181924,1.1190218982159439
1,1,True,0.6,0.156344,3.1156790288318073,1.0309595059947956
3,3,True,0.6,0.09636962,3.1156790288318073,0.7491426189947314
4,4,False,0.55,0.072062045,2.880731243665904,0.6349224451908686
0,0,True,0.35,0.093477026,1.9409402430420482,0.7355504649803215
2,2,False,0.5,0.13694939,2.6457834585,0.9398251315922779
4,4,True,0.55,0.12616403,2.880731243665904,0.8891452328162635
2,2,True,0.6,0.061511368,3.1156790288318073,0.5853452894999951
2,2,True,0.6,0.040119153,3.1156790288318073,0.48482424258172924
2,2,True,0.6,0.112003416,3.1156790288318073,0.8226051310930597
4,4,False,0.6,0.043620776,3.1156790288318073,0.5012782141086376
3,3,True,0.55,0.20541802,2.880731243665904,1.2615561157973856
2,2,True,0.7,0.10917356,3.5855743190840963,0.8093077607721189
0,0,True,0.45,0.1156814,2.410835673334096,0.8398878229059663
6,6,True,0.45,0.091840304,2.410835673334096,0.7278595864256667
1,1,True,0.45,0.083777755,2.410835673334096,0.6899740351549444
7,7,True,0.6,0.11086779,3.1156790288318073,0.8172688810524135
4,4,True,0.65,0.17650329,3.3506265339181924,1.1256870905630498
2,2,True,0.55,0.23850888,2.880731243665904,1.4170485624125193
4,4,True,0.6,0.10358208,3.1156790288318073,0.7830336411593095
0,0,True,0.35,0.07190484,1.9409402430420482,0.634183735460204
1,1,True,0.55,0.13565095,2.880731243665904,0.9337238093362661
7,7,True,0.6,0.1161403,3.1156790288318073,0.8420441551207103
6,6,False,0.4,0.089711964,2.175888028207952,0.7178586120004823
3,3,True,0.7,0.10293512,3.5855743190840963,0.7799936230530156
6,6,False,0.55,0.24490498,2.880731243665904,1.4471035454686176
5,5,True,0.65,0.09605164,3.3506265339181924,0.7476484647821576
7,7,True,0.7,0.13448268,3.5855743190840963,0.9282341807491724
7,7,True,0.55,0.08791141,2.880731243665904,0.7093978998786433
7,7,True,0.4,0.090648256,2.175888028207952,0.7222582061105975
5,5,True,0.65,0.12018556,3.3506265339181924,0.8610526619181247
0,0,False,0.4,0.04287703,2.175888028207952,0.49778338187385723
0,0,False,0.4,0.08749657,2.175888028207952,0.7074485814381848
2,2,True,0.55,0.05790067,2.880731243665904,0.5683787899587709
3,3,True,0.55,0.12963153,2.880731243665904,0.9054388588186959
2,2,True,0.75,0.0552044,3.82052210425,0.5557091303542259
0,0,True,0.5,0.064594455,2.6457834585,0.5998325776562834
6,6,False,0.55,0.17551269,2.880731243665904,1.1210323090014267
0,0,True,0.65,0.06637212,3.3506265339181924,0.608185739242928
2,2,True,0.6,0.08196783,3.1156790288318073,0.6814692805287843
1,1,True,0.65,0.14255217,3.3506265339181924,0.9661523262738876
0,0,False,0.45,0.16895059,2.410835673334096,1.0901973044856503
5,5,True,0.6,0.07887386,3.1156790288318073,0.6669308428503871
3,3,True,0.45,0.14600766,2.410835673334096,0.9823895162532948
3,3,True,0.5,0.06649662,2.6457834585,0.6087707553376864
5,5,True,0.55,0.17306487,2.880731243665904,1.1095301433657603
3,3,True,0.5,0.09732061,2.6457834585,0.7536112877161548
3,3,False,0.45,0.13288894,2.410835673334096,0.9207452745374657
5,5,True,0.6,0.11787148,3.1156790288318073,0.850178889692681
4,4,True,0.6,0.25596955,3.1156790288318073,1.499095476750148
3,3,False,0.5,0.085559525,2.6457834585,0.6983464872184417
5,5,True,0.6,0.07633344,3.1156790288318073,0.6549935386724253
1,1,True,0.55,0.058369234,2.880731243665904,0.5705805475704597
4,4,False,0.55,0.09851847,2.880731243665904,0.7592399757843007
2,2,True,0.55,0.17445444,2.880731243665904,1.116059637186039
5,5,True,0.65,0.2415867,3.3506265339181924,1.4315110985413393
1,1,False,0.6,0.098866336,3.1156790288318073,0.7608745898755203
1,1,True,0.65,0.054045495,3.3506265339181924,0.5502634917565434
4,4,True,0.65,0.067618206,3.3506265339181924,0.6140410466516706
0,0,False,0.45,0.24022035,2.410835673334096,1.425090695693608
7,7,False,0.5,0.24860997,2.6457834585,1.4645131483134513
6,6,False,0.4,0.07727522,2.175888028207952,0.6594189000982642
5,5,False,0.6,0.054398216,3.1156790288318073,0.55192091482357
7,7,True,0.8,0.07384677,4.055469889415903,0.6433087962004833
3,3,True,0.55,0.09196832,2.880731243665904,0.7284611272120307
2,2,True,0.55,0.11959419,2.880731243665904,0.8582738179630515
1,1,True,0.55,0.042228602,2.880731243665904,0.4947364493044445
4,4,True,0.6,0.14289676,3.1156790288318073,0.9677715359915767
7,7,False,0.5,0.164288,2.6457834585,1.0682880141126931
1,1,False,0.55,0.18716213,2.880731243665904,1.1757725205605483
1,1,True,0.8,0.07010489,4.055469889415903,0.6257258591434922
3,3,True,0.5,0.22789982,2.6457834585,1.3671970688330446
2,2,True,0.8,0.18700849,4.055469889415903,1.175050545581128
7,7,False,0.55,0.083002664,2.880731243665904,0.6863319161032488
4,4,True,0.55,0.0794292,2.880731243665904,0.6695403787363847
7,7,False,0.75,0.14673625,3.82052210425,0.9858131382704368
7,7,True,0.65,0.15520933,3.3506265339181924,1.0256277722363891
6,6,True,0.5,0.20582409,2.6457834585,1.26346422753865
3,3,False,0.5,0.053246807,2.6457834585,0.5465104962253686
4,4,False,0.65,0.07979001,3.3506265339181924,0.6712358050931095
0,0,True,0.35,0.09193676,1.9409402430420482,0.7283128251068602
2,2,False,0.6,0.045709882,3.1156790288318073,0.5110948261906145
0,0,True,0.5,0.10995181,2.6457834585,0.8129647240383072
7,7,True,0.5,0.07278118,2.6457834585,0.6383016395943512
7,7,False,0.55,0.11272764,2.880731243665904,0.8260082372854542
0,0,True,0.35,0.2218352,1.9409402430420482,1.3386996780005136
4,4,True,0.55,0.21883006,2.880731243665904,1.3245786988447914
1,1,True,0.6,0.07346489,3.1156790288318073,0.6415143617338853
5,5,False,0.7,0.053132936,3.5855743190840963,0.5459754218097946
2,2,True,0.7,0.16937123,3.5855743190840963,1.0921738956692457
0,0,False,0.45,0.14786796,2.410835673334096,0.991131008092666
0,0,True,0.4,0.09891829,2.175888028207952,0.7611187141860379
6,6,True,0.55,0.13389291,2.880731243665904,0.9254628639311652
1,1,True,0.55,0.11961138,2.880731243665904,0.8583546209042067
0,0,True,0.45,0.08183328,2.410835673334096,0.680837036025179
4,4,True,0.6,0.10601773,3.1156790288318073,0.7944786705731539
6,6,False,0.6,0.1130975,3.1156790288318073,0.8277461657091473
1,1,False,0.6,0.087034404,3.1156790288318073,0.7052768798598502
3,3,True,0.55,0.17280452,2.880731243665904,1.108306756027924
3,3,False,0.5,0.0020437613,2.6457834585,0.3059097085880989
1,1,False,0.55,0.07799193,2.880731243665904,0.6627867162712981
0,0,True,0.35,0.096866466,1.9409402430420482,0.7514772918430301
6,6,False,0.55,0.10169321,2.880731243665904,0.7741579562205243
3,3,True,0.45,0.16203177,2.410835673334096,1.0576860940701223
5,5,False,0.7,0.11317275,3.5855743190840963,0.8280997661015508
5,5,True,0.6,0.06549488,3.1156790288318073,0.6040636339159997
6,6,True,0.65,0.08840443,3.3506265339181924,0.7117145776178633
6,6,False,0.45,0.08934727,2.410835673334096,0.7161449454650997
6,6,True,0.4,0.10878545,2.175888028207952,0.807484057995813
0,0,True,0.35,0.07407451,1.9409402430420482,0.6443789100216916
3,3,True,0.6,0.1000194,3.1156790288318073,0.7662927981853364
0,0,True,0.45,0.10006586,2.410835673334096,0.7665110851602508
2,2,True,0.6,0.05538066,3.1156790288318073,0.5565373780060362
2,2,False,0.65,0.13595453,3.3506265339181924,0.9351503243450652
6,6,False,0.55,0.095593594,2.880731243665904,0.7454961237005557
7,7,True,0.6,0.09977929,3.1156790288318073,0.7651645328540506
7,7,True,0.65,0.08693889,3.3506265339181924,0.7048280524310767
0,0,True,0.3,0.0720755,1.7059925979159036,0.6349856731422231
0,0,False,0.5,0.23924838,2.6457834585,1.4205234389815897
3,3,True,0.5,0.28141803,2.6457834585,1.618676687632065
1,1,True,0.5,0.052558135,2.6457834585,0.5432744574658998
6,6,True,0.5,0.12420734,2.6457834585,0.8799508173851573
3,3,False,0.45,0.06668152,2.410835673334096,0.6096395970147436
4,4,True,0.6,0.09239654,3.1156790288318073,0.7304733235044454
2,2,True,0.65,0.12215704,3.3506265339181924,0.8703165370698772
2,2,True,0.6,0.05342865,3.1156790288318073,0.5473649663221207
7,7,True,0.55,0.16469488,2.880731243665904,1.0701999069274608
6,6,True,0.55,0.14229017,2.880731243665904,0.9649212367492861
0,0,True,0.4,0.35886312,2.175888028207952,1.9825876473587254
0,0,True,0.4,0.09460152,2.175888028207952,0.740834410170844
2,2,False,0.6,0.94026875,3.1156790288318073,4.714586342366797
0,0,True,0.4,0.045087926,2.175888028207952,0.5081722839374602
1,1,False,0.7,0.057516206,3.5855743190840963,0.5665722070430478
6,6,True,0.6,0.13532534,3.1156790288318073,0.9321938049452942
7,7,True,0.65,0.08608606,3.3506265339181924,0.7008206396670706
5,5,True,0.65,0.1809133,3.3506265339181924,1.1464095439753654
7,7,False,0.7,0.090009406,3.5855743190840963,0.7192562788188517
0,0,False,0.45,0.30412972,2.410835673334096,1.7253979073714865
3,3,False,0.5,0.14632533,2.6457834585,0.9838822700682749
0,0,True,0.5,0.121572934,2.6457834585,0.8675718628160898
1,1,False,0.55,0.20215075,2.880731243665904,1.2462033469182652
2,2,False,0.55,0.13229136,2.880731243665904,0.9179372673025041
4,4,True,0.6,0.14033914,3.1156790288318073,0.95575339386252
2,2,True,0.5,0.116743855,2.6457834585,0.844880240327425
1,1,True,0.55,0.09146644,2.880731243665904,0.7261028226543387
4,4,True,0.6,0.23097558,3.1156790288318073,1.381649942218468
7,7,True,0.5,0.06527875,2.6457834585,0.603048065581065
7,7,True,0.55,0.13651845,2.880731243665904,0.9378001566718209
1,1,False,0.6,0.09585406,3.1156790288318073,0.7467200361874896
5,5,False,0.65,0.15804264,3.3506265339181924,1.0389413521594768
0,0,True,0.6,0.07057441,3.1156790288318073,0.6279321155324507
3,3,True,0.5,0.18046151,2.6457834585,1.1442866112432308
0,0,False,0.5,0.08816117,2.6457834585,0.7105715030820243
5,5,True,0.6,0.255714,3.1156790288318073,1.4978946358135699
6,6,True,0.45,0.11919787,2.410835673334096,0.8564115342330398
7,7,True,0.6,0.15159085,3.1156790288318073,1.008624704813
3,3,True,0.55,0.05529667,2.880731243665904,0.5561427109541981
3,3,True,0.5,0.061600376,2.6457834585,0.5857635357463167
7,7,True,0.6,0.10384252,3.1156790288318073,0.7842574486164239
7,7,True,0.5,0.10770912,2.6457834585,0.8024264170564289
4,4,True,0.75,0.15855935,3.82052210425,1.041369361507394
3,3,True,0.5,0.111240566,2.6457834585,0.8190205333725246
2,2,False,0.65,0.266357,3.3506265339181924,1.5479056346789646
2,2,True,0.55,0.12180105,2.880731243665904,0.86864376214423
6,6,False,0.45,0.025588147,2.410835673334096,0.4165437092241337
2,2,True,0.65,0.078340836,3.3506265339181924,0.6644261967441558
6,6,False,0.45,0.002703252,2.410835673334096,0.30900862544787383
4,4,True,0.6,0.22052233,3.1156790288318073,1.3325305765009676
6,6,True,0.5,0.22755836,2.6457834585,1.365592563290089
4,4,True,0.6,0.07384648,3.1156790288318073,0.6433074308128295
7,7,True,0.75,0.05115913,3.82052210425,0.5367005885468715
3,3,True,0.45,0.16871348,2.410835673334096,1.0890831481601209
7,7,True,0.6,0.054022532,3.1156790288318073,0.5501555911219507
2,2,True,0.6,0.2440367,3.1156790288318073,1.4430235570993193
6,6,True,0.45,0.10868856,2.410835673334096,0.8070287887381087
5,5,True,0.65,8.800702e-05,3.3506265339181924,0.29671970799929925
7,7,True,0.6,0.046460956,3.1156790288318073,0.5146240907012295
0,0,True,0.45,0.092146665,2.410835673334096,0.7292991601420269
5,5,True,0.65,0.15880617,3.3506265339181924,1.0425291707944773
5,5,True,0.8,0.15271042,4.055469889415903,1.0138855084332867
0,0,True,0.45,0.09088408,2.410835673334096,0.7233663407264742
5,5,True,0.6,0.08443329,3.1156790288318073,0.6930543497019963
0,0,True,0.45,0.054380544,2.410835673334096,0.551837871246265
4,4,True,0.5,0.105275966,2.6457834585,0.7909931509823713
5,5,False,0.75,0.17803645,3.82052210425,1.1328913659638418
3,3,True,0.85,0.23928577,4.290417674581807,1.4206991188597167
5,5,True,0.65,0.12218458,3.3506265339181924,0.8704459688174728
6,6,True,0.55,0.07124832,2.880731243665904,0.6310987996010928
6,6,False,0.55,0.14126186,2.880731243665904,0.9600892348721831
5,5,True,0.65,0.36152142,3.3506265339181924,1.9950789138148057
3,3,True,0.45,0.062197585,2.410835673334096,0.5885697924842861
1,1,True,0.55,0.29664958,2.880731243665904,1.6902490480882677
1,1,True,0.55,0.06578175,2.880731243665904,0.6054116216297334
0,0,False,0.45,0.11475939,2.410835673334096,0.835555342850528
5,5,True,0.7,0.23514755,3.5855743190840963,1.4012538280528344
1,1,True,0.55,0.082183845,2.880731243665904,0.6824843237146212
5,5,True,0.65,0.18097195,3.3506265339181924,1.1466851422218012
7,7,True,0.6,0.1146969,3.1156790288318073,0.835261679475134
4,4,True,0.6,0.37601674,3.1156790288318073,2.0631917320555884
1,1,True,0.8,0.09595235,4.055469889415903,0.7471818873138842
6,6,True,0.65,0.093690425,3.3506265339181924,0.7365532196772739
0,0,True,0.5,0.101732805,2.6457834585,0.7743439990408443
4,4,False,0.6,0.09303876,3.1156790288318073,0.7334910752889998
4,4,True,0.65,0.2682056,3.3506265339181924,1.556592160912784
2,2,True,0.7,0.15046921,3.5855743190840963,1.003354168429437
7,7,True,0.55,0.07578525,2.880731243665904,0.6524176123286759
4,4,False,0.6,0.060545515,3.1156790288318073,0.580806793453557
2,2,False,0.65,0.08489594,3.3506265339181924,0.6952283269264206
6,6,True,0.5,0.08407706,2.6457834585,0.6913804544582742
3,3,True,0.5,0.053883962,2.6457834585,0.5495044587558007
0,0,True,0.4,0.052492954,2.175888028207952,0.5429681730071927
3,3,True,0.45,0.11004916,2.410835673334096,0.8134221639122818
7,7,True,0.45,0.12994516,2.410835673334096,0.9069125672264019
4,4,True,0.7,0.06245494,3.5855743190840963,0.5897790883213361
7,7,False,0.55,0.08059716,2.880731243665904,0.6750285719159448
7,7,False,0.55,0.06206705,2.880731243665904,0.5879564183382556
1,1,False,0.6,0.06744385,3.1156790288318073,0.6132217440394898
5,5,True,0.65,0.13875529,3.3506265339181924,0.9483109808509234
7,7,True,0.5,0.0763244,2.6457834585,0.654951071615397
5,5,False,0.7,0.2157443,3.5855743190840963,1.3100788421201
2,2,False,0.55,0.10494941,2.880731243665904,0.7894586653190998
7,7,True,0.55,0.09403958,2.880731243665904,0.7381938904880861
6,6,True,0.5,0.063595735,2.6457834585,0.5951396352602325
5,5,True,0.6,0.10169574,3.1156790288318073,0.7741698245901307
1,1,True,0.45,0.12155558,2.410835673334096,0.8674903246661979
6,6,True,0.55,0.14361651,2.880731243665904,0.9711536362200661
4,4,True,0.6,0.10796383,3.1156790288318073,0.8036233018698048
2,2,True,0.55,0.102091864,2.880731243665904,0.7760311980617063
1,1,True,0.6,0.07320447,3.1156790288318073,0.6402906593065905
7,7,True,0.65,0.063652605,3.3506265339181924,0.595406866131046
5,5,True,0.65,0.15403093,3.3506265339181924,1.0200905301311103
6,6,True,0.5,0.13503222,2.6457834585,0.9308164438920332
3,3,False,0.6,0.16692908,3.1156790288318073,1.0806983375878592
7,7,False,0.55,0.106578894,2.880731243665904,0.7971155492221681
7,7,True,0.8,0.0945924,4.055469889415903,0.7407915580044774
2,2,True,0.6,0.082627244,3.1156790288318073,0.6845678352544939
7,7,True,0.65,0.18299504,3.3506265339181924,1.1561915312268387
7,7,True,0.6,0.08095381,3.1156790288318073,0.6767044277162981
4,4,True,0.65,0.22587816,3.3506265339181924,1.3576974017364565
2,2,False,0.65,0.049045395,3.3506265339181924,0.5267682511087473
1,1,True,0.6,0.13750395,3.1156790288318073,0.9424309914345922
4,4,True,0.6,0.0703986,3.1156790288318073,0.6271059859820007
2,2,True,0.65,0.15430026,3.3506265339181924,1.0213560694365165
0,0,True,0.4,0.09702251,2.175888028207952,0.7522105400230794
2,2,True,0.55,0.0813464,2.880731243665904,0.6785492064763887
4,4,True,0.7,0.11620515,3.5855743190840963,0.8423488816370944
5,5,True,0.65,0.15720496,3.3506265339181924,1.0350051146031694
5,5,True,0.7,0.06235003,3.5855743190840963,0.5892861308633919
1,1,True,0.6,0.064409174,3.1156790288318073,0.5989619504722943
3,3,False,0.55,0.06462086,2.880731243665904,0.5999566528830831
2,2,True,0.65,0.15069143,3.3506265339181924,1.0043983748951621
2,2,True,0.5,0.07511115,2.6457834585,0.6492500530115378
6,6,False,0.4,0.17807211,2.175888028207952,1.1330589235359252
7,7,True,0.55,0.03036952,2.880731243665904,0.43901116306799054
1,1,True,0.65,0.0811278,3.3506265339181924,0.6775220148414267
3,3,True,0.5,0.12971745,2.6457834585,0.905842593444953
4,4,True,0.55,0.1504547,2.880731243665904,1.003285969066625
0,0,False,0.45,0.10725281,2.410835673334096,0.8002822332908102
6,6,True,0.55,0.16823483,2.880731243665904,1.086833969584916
1,1,True,0.7,0.13631171,3.5855743190840963,0.9368287008610872
6,6,True,0.4,0.15805453,2.175888028207952,1.0389972280234645
5,5,True,0.7,0.29021704,3.5855743190840963,1.6600228664263423
2,2,False,0.6,0.12910078,3.1156790288318073,0.9029448907441164
2,2,True,0.55,0.047473673,2.880731243665904,0.5193827992692733
6,6,False,0.6,0.106981784,3.1156790288318073,0.7990087117191202
2,2,True,0.55,0.058000613,2.880731243665904,0.5688484132918105
5,5,True,0.65,0.26365235,3.3506265339181924,1.5351966063970672
3,3,True,0.5,0.10345748,2.6457834585,0.782448169935333
2,2,True,0.65,0.044564415,3.3506265339181924,0.5057123280194371
2,2,True,0.6,0.119607724,3.1156790288318073,0.8583374310237443
2,2,False,0.6,0.17390993,3.1156790288318073,1.1135010407625112
2,2,True,0.6,0.06974864,3.1156790288318073,0.6240518588699505
6,6,True,0.5,0.07679785,2.6457834585,0.6571757782426522
1,1,False,0.55,0.10020948,2.880731243665904,0.7671859717705836
2,2,True,0.75,0.06586671,3.82052210425,0.6058108399737508
5,5,True,0.6,0.09298895,3.1156790288318073,0.7332570338411566
2,2,True,0.55,0.5011565,2.880731243665904,2.651217841402023
7,7,True,0.6,0.27184007,3.1156790288318073,1.5736702896471941
1,1,True,0.6,0.30316612,3.1156790288318073,1.7208700018318506
0,0,True,0.4,0.10754006,2.175888028207952,0.8016320415214157
7,7,True,0.55,0.08905615,2.880731243665904,0.7147769670757163
7,7,False,0.65,0.08588895,3.3506265339181924,0.6998944517085526
6,6,False,0.55,0.103113554,2.880731243665904,0.7808320761022898
0,0,False,0.45,0.12802257,2.410835673334096,0.8978783922899523
4,4,False,0.7,0.02807768,3.5855743190840963,0.42824191301794495
2,2,False,0.65,0.088498145,3.3506265339181924,0.712154932641195
2,2,False,0.6,0.06901294,3.1156790288318073,0.6205948373701994
4,4,False,0.6,0.17333707,3.1156790288318073,1.1108091965079452
6,6,False,0.45,0.10606339,2.410835673334096,0.7946932114845052
2,2,True,0.7,0.05714084,3.5855743190840963,0.5648083712638716
2,2,False,0.7,0.18642162,3.5855743190840963,1.1722928826396593
5,5,False,0.6,0.0978291,3.1156790288318073,0.7560006811004265
4,4,True,0.7,0.11576507,3.5855743190840963,0.8402809845303911
7,7,False,0.5,0.11704525,2.6457834585,0.8462964974238505
1,1,True,0.6,0.06700868,3.1156790288318073,0.6111769184831424
5,5,True,0.6,0.21122044,3.1156790288318073,1.2888214368269995
2,2,True,0.6,0.06961641,3.1156790288318073,0.6234305024576361
6,6,False,0.4,0.21267878,2.175888028207952,1.295674072392019
4,4,False,0.6,0.17200683,3.1156790288318073,1.1045584518286882
2,2,True,0.6,0.13609327,3.1156790288318073,0.9358022794448015
2,2,True,0.7,0.109723575,3.5855743190840963,0.8118922645511295
6,6,True,0.55,0.11148618,2.880731243665904,0.8201746710493535
6,6,True,0.7,0.09721877,3.5855743190840963,0.7531327368484555
1,1,True,0.45,0.12043822,2.410835673334096,0.8622398839881042
5,5,True,0.65,0.039806098,3.3506265339181924,0.4833532124344211
4,4,True,0.55,0.071768984,2.880731243665904,0.6335453642171263
1,1,False,0.5,0.16223933,2.6457834585,1.0586614009742386
1,1,True,0.55,0.10097941,2.880731243665904,0.7708038289339685
3,3,False,0.45,0.08158434,2.410835673334096,0.6796672839151805
2,2,False,0.65,0.10957638,3.3506265339181924,0.8112006081796124
4,4,True,0.65,0.074688256,3.3506265339181924,0.64726288882611
7,7,True,0.65,0.09003798,3.3506265339181924,0.7193905419381454
2,2,True,0.6,0.08521796,3.1156790288318073,0.6967414915363285
3,3,True,0.5,0.21858473,2.6457834585,1.3234258915456765
6,6,True,0.55,0.2240247,2.880731243665904,1.3489880490218602
1,1,True,0.5,0.07502404,2.6457834585,0.648840716794906
1,1,True,0.65,0.1139251,3.3506265339181924,0.8316350348168486
2,2,True,0.6,0.10420031,3.1156790288318073,0.7859386959475129
6,6,False,0.45,0.0062157,2.410835673334096,0.3255134587589482
3,3,True,0.45,0.15790072,2.410835673334096,1.0382744828253678
2,2,True,0.55,0.082909524,2.880731243665904,0.685894256845285
0,0,True,0.4,0.09376803,2.175888028207952,0.7369178832106675
3,3,False,0.6,0.14326057,3.1156790288318073,0.9694810713540579
5,5,False,0.7,0.100763716,3.5855743190840963,0.7697902911755448
2,2,True,0.65,0.080217056,3.3506265339181924,0.6732424698150292
7,7,True,0.6,0.12733941,3.1156790288318073,0.8946682608859664
6,6,True,0.4,0.073134184,2.175888028207952,0.6399603755341218
2,2,False,0.65,0.16466849,3.3506265339181924,1.0700759017205406
0,0,False,0.5,0.17265376,2.6457834585,1.1075983649051624
3,3,False,0.45,0.14827815,2.410835673334096,0.9930584453207234
7,7,True,0.6,0.084323786,3.1156790288318073,0.6925398086161396
6,6,True,0.5,0.067213275,2.6457834585,0.6121382914312017
1,1,True,0.6,0.04657269,3.1156790288318073,0.515149117264069
7,7,True,0.6,0.08930273,3.1156790288318073,0.7159356560447246
0,0,True,0.5,0.10037804,2.6457834585,0.7679780016396275
4,4,False,0.6,0.3279034,3.1156790288318073,1.8371093038962167
4,4,False,0.65,0.23840821,3.3506265339181924,1.4165755081053752
6,6,True,0.5,0.13142557,2.6457834585,0.9138689722531129
2,2,False,0.6,0.049018428,3.1156790288318073,0.5266415326314894
5,5,False,0.6,0.2743378,3.1156790288318073,1.5854070218798015
1,1,True,0.65,0.11812418,3.3506265339181924,0.8513663218222997
3,3,False,0.5,0.20925334,2.6457834585,1.2795781125099341
7,7,True,0.55,0.19655147,2.880731243665904,1.219892606908381
6,6,True,0.45,0.18586466,2.410835673334096,1.169675749596716
3,3,True,0.45,0.06776808,2.410835673334096,0.6147453066015307
3,3,True,0.55,0.05451551,2.880731243665904,0.5524720763065014
6,6,True,0.6,0.29019168,3.1156790288318073,1.6599036925911204
4,4,True,0.65,0.19277702,3.3506265339181924,1.202156641404341
6,6,True,0.45,0.1776547,2.410835673334096,1.131097526666221
1,1,False,0.65,0.34563717,3.3506265339181924,1.920439542588691
0,0,True,0.45,0.18199578,2.410835673334096,1.1514960681151192
2,2,True,0.55,0.11087529,2.880731243665904,0.8173041360618343
1,1,True,0.55,0.06785893,2.880731243665904,0.6151721827980232
0,0,True,0.4,0.1149922,2.175888028207952,0.8366492984407686
1,1,False,0.4,0.23233545,2.175888028207952,1.3880398864185368
3,3,True,0.6,0.16035707,3.1156790288318073,1.049816769852093
4,4,False,0.6,0.103245586,3.1156790288318073,0.7814524872462286
4,4,True,0.65,0.2022366,3.3506265339181924,1.2466067314451237
5,5,True,0.65,0.13735473,3.3506265339181924,0.9417298123594381
0,0,True,0.45,0.054898445,2.410835673334096,0.554271464679587
5,5,True,0.7,0.15794306,3.5855743190840963,1.0384734093035495
7,7,False,0.6,0.18950436,3.1156790288318073,1.186778525328775
4,4,True,0.55,0.21902207,2.880731243665904,1.3254809049945178
1,1,False,0.45,0.18355034,2.410835673334096,1.1588008920631372
0,0,True,0.45,0.06908785,2.410835673334096,0.6209468273053701
3,3,True,0.6,0.0823096,3.1156790288318073,0.6830752564892131
0,0,True,0.45,0.0987166,2.410835673334096,0.760170995114517
4,4,False,0.6,0.26283428,3.1156790288318073,1.5313525150024239
5,5,True,0.7,0.65762234,3.5855743190840963,3.386443662933114
0,0,True,0.45,0.13199276,2.410835673334096,0.9165341389335194
7,7,True,0.4,0.03742964,2.175888028207952,0.4721863369926208
0,0,False,0.4,0.15419813,2.175888028207952,1.0208761531811632
2,2,True,0.75,0.09361544,3.82052210425,0.7362008796427049
0,0,False,0.5,0.2326285,2.6457834585,1.3894168973723995
6,6,False,0.45,0.057289302,2.410835673334096,0.5655059968301318
2,2,True,0.65,0.11090767,3.3506265339181924,0.8174562542504474
4,4,True,0.55,0.101645485,2.880731243665904,0.7739336825458969
5,5,False,0.65,0.078569256,3.3506265339181924,0.6654995314798295
2,2,True,0.7,0.043770533,3.5855743190840963,0.5019819138994603
1,1,True,0.5,0.052409653,2.6457834585,0.54257674437479
1,1,True,0.75,0.098365925,3.82052210425,0.758523182275977
1,1,True,0.55,0.07386518,2.880731243665904,0.6433953057618327
2,2,True,0.7,0.09395995,3.5855743190840963,0.7378197042510557
6,6,True,0.55,0.058042105,2.880731243665904,0.5690433836467901
3,3,True,0.5,0.15279955,2.6457834585,1.014304297333676
7,7,True,0.55,0.026319614,2.880731243665904,0.41998083632556965
6,6,True,0.5,0.0829253,2.6457834585,0.6859683728879303
2,2,True,0.65,0.11462429,3.3506265339181924,0.8349205076113744
7,7,True,0.65,0.10823863,3.3506265339181924,0.8049145734809946
7,7,True,0.6,0.09496909,3.1156790288318073,0.7425615905430054
3,3,True,0.55,0.062303,2.880731243665904,0.5890651306181396
2,2,True,0.6,0.096774824,3.1156790288318073,0.7510466695829744
0,0,False,0.5,0.0562288,2.6457834585,0.5605227520129117
0,0,False,0.5,0.13516502,2.6457834585,0.9314404610597756
1,1,False,0.55,0.21127975,2.880731243665904,1.2891001159481412
3,3,True,0.5,0.08913441,2.6457834585,0.7151447114838159
4,4,True,0.85,0.11933034,4.290417674581807,0.8570340109634293
5,5,True,0.6,0.15188767,3.1156790288318073,1.0100194307964225
7,7,False,0.6,0.11016038,3.1156790288318073,0.8139447922942421
4,4,False,0.65,0.08920317,3.3506265339181924,0.7154678182186169
2,2,False,0.7,0.12941007,3.5855743190840963,0.9043982233668345
3,3,True,0.6,0.10972045,3.1156790288318073,0.8118775953863357
2,2,True,0.65,0.088999234,3.3506265339181924,0.7145095261452638
5,5,True,0.65,0.1710815,3.3506265339181924,1.1002103573400803
4,4,False,0.65,0.1422831,3.3506265339181924,0.9648879773064363
6,6,True,0.5,0.1865246,2.6457834585,1.1727767900281543
2,2,True,0.75,0.07709017,3.82052210425,0.6585493582224103
2,2,True,0.55,0.1447993,2.880731243665904,0.9767115341898516
0,0,False,0.5,0.1366956,2.6457834585,0.9386325530015025
3,3,True,0.45,0.10273645,2.410835673334096,0.7790600830071306
0,0,False,0.45,0.14289016,2.410835673334096,0.9677405171848767
0,0,False,0.4,0.022403076,2.175888028207952,0.4015772050112892
6,6,False,0.5,0.37388787,2.6457834585,2.0531882719246752
0,0,True,0.45,0.07724749,2.410835673334096,0.6592886281121124
6,6,False,0.7,0.09301876,3.5855743190840963,0.7333971086104641
4,4,False,0.6,0.10844914,3.1156790288318073,0.8059037443212884
2,2,True,0.7,0.14312962,3.5855743190840963,0.9688657366513962
7,7,True,0.6,0.05846631,3.1156790288318073,0.57103670958163
3,3,True,0.6,0.08885529,3.1156790288318073,0.7138331341075177
7,7,True,0.6,0.08973204,3.1156790288318073,0.7179529637883563
1,1,True,0.6,0.06363434,3.1156790288318073,0.5953210567684935
2,2,False,0.65,0.10305505,3.3506265339181924,0.780557178054651
4,4,True,0.6,0.045029964,3.1156790288318073,0.5078999241104598
0,0,False,0.45,0.06233554,2.410835673334096,0.5892180365303992
0,0,False,0.45,0.07617913,2.410835673334096,0.6542684478083591
4,4,True,0.8,0.16832687,4.055469889415903,1.0872664823817233
0,0,True,0.5,0.12061275,2.6457834585,0.8630599918289014
1,1,True,0.6,0.13472113,3.1156790288318073,0.9293546388638734
0,0,True,0.55,0.20725685,2.880731243665904,1.2701967089901323
3,3,True,0.6,0.07570769,3.1156790288318073,0.6520531588549214
1,1,True,0.5,0.09749926,2.6457834585,0.7544507560536845
1,1,False,0.6,0.14874446,3.1156790288318073,0.9952496474355499
0,0,True,0.6,0.06827218,3.1156790288318073,0.6171140441212956
6,6,False,0.45,0.056080442,2.410835673334096,0.5598256165858094
4,4,False,0.6,0.095530994,3.1156790288318073,0.7452019701860039
5,5,True,0.7,0.144596,3.5855743190840963,0.9757561829514451
6,6,True,0.4,0.08435849,2.175888028207952,0.6927028849159232
1,1,True,0.55,0.14698155,2.880731243665904,0.9869658055297923
3,3,True,0.5,0.09812776,2.6457834585,0.7574040545389901
7,7,True,0.5,0.09505097,2.6457834585,0.7429463497818682
0,0,False,0.55,0.11792194,2.880731243665904,0.8504160120152303
7,7,True,0.5,0.49869645,2.6457834585,2.6396581194252566
0,0,True,0.4,0.33369184,2.175888028207952,1.8643089462786873
5,5,True,0.6,0.16031003,3.1156790288318073,1.0495957170919312
2,2,False,0.55,0.1449059,2.880731243665904,0.9772123863892301
6,6,True,0.5,0.09608569,2.6457834585,0.7478084602072352
7,7,True,0.5,0.14137334,2.6457834585,0.960613053592098
3,3,True,0.5,0.13268697,2.6457834585,0.9197962250882308
5,5,False,0.6,0.086395346,3.1156790288318073,0.7022739722897887
6,6,True,0.55,0.10893062,2.880731243665904,0.8081661916636932
4,4,True,0.6,0.14206688,3.1156790288318073,0.9638719888522236
1,1,False,0.55,0.34494254,2.880731243665904,1.9171754958773486
6,6,False,0.6,0.14577542,3.1156790288318073,0.9812982564284219
5,5,True,0.6,0.20740464,3.1156790288318073,1.2708911661568367
5,5,True,0.85,0.2776553,4.290417674581807,1.6009958277733363
1,1,True,0.7,0.07549431,3.5855743190840963,0.6510505091877885
5,5,True,0.65,0.12434506,3.3506265339181924,0.8805979411131954
5,5,True,0.65,0.091715135,3.3506265339181924,0.7272714194363223
5,5,True,0.6,0.26484862,3.1156790288318073,1.540817802338087
3,3,True,0.5,0.18363854,2.6457834585,1.159215339730986
7,7,True,0.55,0.05904642,2.880731243665904,0.5737626185076623
7,7,True,0.55,0.061786942,2.880731243665904,0.5866402021449284
5,5,False,0.6,0.098933354,3.1156790288318073,0.7611895042843984
3,3,True,0.55,0.067352384,2.880731243665904,0.6127919620179902
0,0,True,0.45,0.2888663,2.410835673334096,1.65367584441252
2,2,True,0.55,0.09530945,2.880731243665904,0.7441609496248042
0,0,False,0.45,0.10770539,2.410835673334096,0.8024089120865079
3,3,True,0.55,0.07406601,2.880731243665904,0.6443389986902718
2,2,True,0.65,0.05434032,3.3506265339181924,0.5516488700860284
2,2,True,0.65,0.10006917,3.3506265339181924,0.7665266645834804
3,3,False,0.5,0.31917572,2.6457834585,1.7960983802858657
5,5,True,0.7,0.08592666,3.5855743190840963,0.7000716370140925
1,1,True,0.55,0.08154972,2.880731243665904,0.6795045927247351
7,7,True,0.55,0.08682258,2.880731243665904,0.7042815122602044
4,4,False,0.55,0.09454129,2.880731243665904,0.7405513898171618
7,7,False,0.55,0.097731896,2.880731243665904,0.7555439064153089
4,4,False,0.65,0.06631428,3.3506265339181924,0.607913957079935
4,4,False,0.6,0.07487903,3.1156790288318073,0.6481593183357626
5,5,False,0.7,0.10216433,3.5855743190840963,0.776371704736609
1,1,False,0.6,0.16408369,3.1156790288318073,1.067327971542348
1,1,True,0.45,0.045730773,2.410835673334096,0.5111929940619313
7,7,False,0.6,0.2975459,3.1156790288318073,1.6944608838910107
6,6,True,0.5,0.3502519,2.6457834585,1.9421239991279833
2,2,True,0.55,0.15263158,2.880731243665904,1.0135150332498797
5,5,True,0.6,0.42646584,3.1156790288318073,2.3002497763554044
2,2,False,0.6,0.113413885,3.1156790288318073,0.8292328628045347
2,2,True,0.55,0.05926649,2.880731243665904,0.5747967071007731
4,4,True,0.65,0.13521428,3.3506265339181924,0.9316719467820105
7,7,True,0.6,0.08977462,3.1156790288318073,0.7181530455945528
0,0,True,0.6,0.09068111,3.1156790288318073,0.7224125999453005
1,1,True,0.6,0.07589384,3.1156790288318073,0.652927882201872
2,2,False,0.7,0.18634152,3.5855743190840963,1.1719165257863586
2,2,False,0.65,0.15627763,3.3506265339181924,1.0306476374506839
7,7,False,0.6,0.38962603,3.1156790288318073,2.1271411682503696
3,3,True,0.5,0.11902531,2.6457834585,0.8556007040263008
1,1,True,0.65,0.059671067,3.3506265339181924,0.5766977993490996
0,0,True,0.45,0.06639174,2.410835673334096,0.6082779554244715
6,6,False,0.45,0.17713137,2.410835673334096,1.1286384284917241
3,3,True,0.5,0.14420034,2.6457834585,0.9738970151060794
7,7,True,0.6,0.13231477,3.1156790288318073,0.9180472685334875
7,7,False,0.6,0.16004522,3.1156790288318073,1.0483513938100693
5,5,False,0.65,0.16289611,3.3506265339181924,1.061747597191184
4,4,True,0.65,0.3253314,3.3506265339181924,1.8250235925832652
0,0,False,0.5,0.2810689,2.6457834585,1.6170361218510725
0,0,True,0.45,0.2380829,2.410835673334096,1.415046904111997
7,7,False,0.55,0.17114983,2.880731243665904,1.1005314685083103
1,1,True,0.5,0.16277617,2.6457834585,1.0611840071796086
2,2,True,0.7,0.08843489,3.5855743190840963,0.7118576982519371
1,1,False,0.5,0.19246499,2.6457834585,1.2006904251237611
2,2,True,0.65,0.08192608,3.3506265339181924,0.6812730848259101
2,2,False,0.65,0.15640587,3.3506265339181924,1.0312502285352432
4,4,False,0.8,0.38632894,4.055469889415903,2.1116482895920017
1,1,False,0.5,0.11931582,2.6457834585,0.8569657765906774
1,1,True,0.6,0.07171486,3.1156790288318073,0.6332910520141145
5,5,True,0.65,0.19842118,3.3506265339181924,1.2286782812918329
6,6,True,0.45,0.10285705,2.410835673334096,0.7796267889033519
3,3,False,0.55,0.08710248,2.880731243665904,0.7055967656801859
5,5,False,0.6,0.12646638,3.1156790288318073,0.8905659361750489
2,2,True,0.65,0.15913324,3.3506265339181924,1.0440660371336583
7,7,False,0.7,0.053981625,3.5855743190840963,0.5499633690472485
3,3,True,0.55,0.087959506,2.880731243665904,0.709623889040323
0,0,True,0.3,0.14901355,1.7059925979159036,0.9965140664228809
4,4,False,0.65,0.14732292,3.3506265339181924,0.9885698909534697
4,4,True,0.55,0.26038036,2.880731243665904,1.519821641216087
3,3,True,0.6,0.14319164,3.1156790288318073,0.9691571593906404
7,7,False,0.5,0.1604738,2.6457834585,1.0503652355696567
0,0,False,0.35,0.17971791,1.9409402430420482,1.1407924792072472
2,2,True,0.55,0.44109157,2.880731243665904,2.36897540858318
3,3,True,0.45,0.0621552,2.410835673334096,0.5883706209365254
7,7,False,0.6,0.07462498,3.1156790288318073,0.6469655494070325
7,7,True,0.55,0.36267737,2.880731243665904,2.000510635961401
3,3,True,0.5,0.3243187,2.6457834585,1.8202650415599506
6,6,False,0.55,0.08331761,2.880731243665904,0.687811821270307
7,7,False,0.6,0.14354832,3.1156790288318073,0.9708332252506328
2,2,False,0.6,0.31356183,3.1156790288318073,1.7697189507740119
5,5,True,0.65,0.056629512,3.3506265339181924,0.5624056741024601
6,6,False,0.4,0.0499266,2.175888028207952,0.5309089992286413
3,3,False,0.65,0.06781287,3.3506265339181924,0.6149557513499205
2,2,True,0.55,0.16300216,2.880731243665904,1.062245928674894
5,5,True,0.6,0.17899221,3.1156790288318073,1.1373824410467641
6,6,False,0.55,0.123234876,2.880731243665904,0.8753812500171094
4,4,True,0.55,0.17262939,2.880731243665904,1.1074838123819997
4,4,True,0.55,0.35730684,2.880731243665904,1.9752747711245437
2,2,True,0.65,0.09565367,3.3506265339181924,0.7457784088455012
2,2,True,0.6,0.09208978,3.1156790288318073,0.7290318592513338
5,5,False,0.55,0.17330234,2.880731243665904,1.110645980168402
6,6,True,0.5,0.09007219,2.6457834585,0.7195513075818996
1,1,True,0.55,0.08777682,2.880731243665904,0.708765445315399
1,2,False,0.25,0.36161456,1.47104481275,1.99551653806283
1,1,False,0.6,0.1650614,3.1156790288318073,1.0719221859080446
2,2,True,0.8,0.09750696,4.055469889415903,0.7544869563314811
5,5,True,0.65,0.17931204,3.3506265339181924,1.1388852777244185
5,5,True,0.7,0.16216072,3.5855743190840963,1.0582920461089063
7,7,True,0.55,0.11654288,2.880731243665904,0.8439358822101289
6,6,True,0.6,0.1307453,3.1156790288318073,0.9106724247057857
1,1,True,0.55,0.24384472,2.880731243665904,1.4421214209694724
7,7,True,0.6,0.06639658,3.1156790288318073,0.6083006768754289
0,0,False,0.45,0.11058543,2.410835673334096,0.8159420743522842
1,1,False,0.7,0.14199013,3.5855743190840963,0.9635113164519721
0,0,True,0.35,0.46570134,1.9409402430420482,2.4846156205569714
0,0,True,0.45,0.0526214,2.410835673334096,0.5435717443700675
3,3,True,0.6,0.13182944,3.1156790288318073,0.9157667210521844
4,4,True,0.55,0.11596341,2.880731243665904,0.8412129491289833
5,5,True,0.75,0.21544792,3.82052210425,1.308686146713188
1,1,False,0.55,0.014003735,2.880731243665904,0.3621090819249223
6,6,True,0.5,0.14809889,2.6457834585,0.9922161061681266
3,3,True,0.55,0.054542203,2.880731243665904,0.5525974994159852
0,0,True,0.3,0.06233146,1.7059925979159036,0.5891988685883358
6,6,False,0.45,0.13884412,2.410835673334096,0.9487283693537187
6,6,True,0.4,0.0822541,2.175888028207952,0.6828144324373908
3,3,True,0.5,0.07811105,2.6457834585,0.663346455189491
3,3,True,0.75,0.08265389,3.82052210425,0.6846930307993686
4,4,True,0.6,0.22328767,3.1156790288318073,1.3455247957528174
4,4,False,0.6,0.050237186,3.1156790288318073,0.5323684235808918
3,3,False,0.5,0.08115184,2.6457834585,0.6776349919172966
5,5,True,0.7,0.20320447,3.5855743190840963,1.251154732690229
0,0,True,0.45,0.1171203,2.410835673334096,0.8466491525478782
3,3,True,0.45,0.07856422,2.410835673334096,0.6654758647604964
4,4,True,0.7,0.17714432,3.5855743190840963,1.1286992757671694
5,5,True,0.65,0.109076075,3.3506265339181924,0.8088496907192271
2,2,True,0.75,0.23998281,3.82052210425,1.4239745087915678
7,7,True,0.6,0.14092597,3.1156790288318073,0.9585109167642294
2,2,False,0.7,0.31418806,3.5855743190840963,1.7726616062376055
5,5,True,0.6,0.0491453,3.1156790288318073,0.5272376993920875
4,4,True,0.65,0.13390142,3.3506265339181924,0.9255028452824646
0,0,True,0.35,0.049465463,1.9409402430420482,0.5287421290220049
5,5,True,0.7,0.31988552,3.5855743190840963,1.7994337072347264
2,2,True,0.75,0.061819397,3.82052210425,0.5867927054428799
7,7,False,0.75,0.090056926,3.82052210425,0.7194795722151635
1,1,True,0.8,0.09057164,4.055469889415903,0.721898198899203
1,1,True,0.55,0.10358246,2.880731243665904,0.7830354266662414
2,2,True,0.6,0.09999722,3.1156790288318073,0.7661885735944269
7,7,True,0.6,0.015906693,3.1156790288318073,0.3710509969174035
4,4,False,0.55,0.056228757,2.880731243665904,0.5605225419532727
3,3,True,0.45,0.17626846,2.410835673334096,1.124583647279112
6,6,True,0.45,0.118997134,2.410835673334096,0.8554682964338187
4,4,True,0.55,0.10011024,2.880731243665904,0.7667196393718891
4,4,True,0.55,0.1770862,2.880731243665904,1.1284261982364026
0,0,True,0.45,0.18885817,2.410835673334096,1.1837421132462849
7,7,True,0.6,0.02757773,3.1156790288318073,0.42589266728218705
6,6,True,0.5,0.2157239,2.6457834585,1.3099829849048126
1,1,True,0.45,0.06063336,2.410835673334096,0.5812195781492633
7,7,True,0.75,0.081905454,3.82052210425,0.6811761773124276
5,5,True,0.6,0.16477236,3.1156790288318073,1.0705640103018168
3,3,True,0.45,0.077291675,2.410835673334096,0.6594962370553751
0,0,True,0.5,0.13460934,2.6457834585,0.9288293497264851
7,7,True,0.6,0.20640434,3.1156790288318073,1.2661908016535395
3,3,True,0.6,0.22758137,3.1156790288318073,1.365700673984321
4,4,True,0.65,0.15497646,3.3506265339181924,1.0245335015566899
4,4,False,0.5,0.06245677,2.6457834585,0.5897877007665371
5,5,True,0.65,0.114589,3.3506265339181924,0.8347546655263431
2,2,True,0.7,0.14427845,3.5855743190840963,0.9742640593153822
1,1,True,0.55,0.100256056,2.880731243665904,0.7674048189045355
7,7,False,0.75,0.14443934,3.82052210425,0.9750200639563288
3,3,False,0.45,0.20704027,2.410835673334096,1.2691789700389275
0,0,True,0.5,0.08842121,2.6457834585,0.7117934200023873
0,0,True,0.5,0.13921288,2.6457834585,0.9504611513162551
3,3,True,0.55,0.102098726,2.880731243665904,0.7760634422163007
7,7,True,0.65,0.064346306,3.3506265339181924,0.5986665365999082
7,7,False,0.5,0.06276664,2.6457834585,0.5912437641645629
1,1,False,0.5,0.075974055,2.6457834585,0.6533047992142101
0,0,False,0.5,0.15592517,2.6457834585,1.0289914572365217
3,3,True,0.5,0.10610396,2.6457834585,0.7948838406069445
5,5,True,0.75,0.12797791,3.82052210425,0.8976685427105398
0,0,True,0.4,0.16431686,2.175888028207952,1.0684236426196407
0,0,False,0.45,0.13908428,2.410835673334096,0.9498568797545834
3,3,True,0.65,0.14617553,3.3506265339181924,0.9831783602178131
1,1,False,0.5,0.15880434,2.6457834585,1.0425205583492763
0,0,True,0.45,0.066471785,2.410835673334096,0.6086540672081933
7,7,False,0.5,0.6100508,2.6457834585,3.162907157599047
6,6,False,0.4,0.111338034,2.175888028207952,0.8194785334055367
4,4,True,0.55,0.31923223,2.880731243665904,1.7963638956696268
0,0,True,0.4,0.04973271,2.175888028207952,0.5299979180591649
7,7,False,0.65,0.10144464,3.3506265339181924,0.772989919597578
1,1,False,0.5,0.2442676,2.6457834585,1.4441085151350204
7,7,True,0.55,0.073941305,2.880731243665904,0.6437530023171976
0,0,False,0.4,0.10579322,2.175888028207952,0.7934237160558971
4,4,True,0.6,0.06546755,3.1156790288318073,0.6039352174566595
7,7,True,0.6,0.08056301,3.1156790288318073,0.6748680863517094
5,5,True,0.7,0.10694333,3.5855743190840963,0.7988280254195961
5,5,True,0.6,0.15124641,3.1156790288318073,1.0070061952941076
1,1,True,0.55,0.09285892,2.880731243665904,0.7326460053610955
7,7,False,0.55,0.07718697,2.880731243665904,0.6590042423707765
0,0,True,0.45,0.12431686,2.410835673334096,0.8804654635008337
7,7,False,0.65,0.28493696,3.3506265339181924,1.6352120222591662
2,2,True,0.8,0.118730575,4.055469889415903,0.8542157458160942
3,3,False,0.45,0.06705658,2.410835673334096,0.6114019973863861
7,7,True,0.5,0.0887973,2.6457834585,0.713560651745728
5,5,False,0.7,0.078354284,3.5855743190840963,0.6644893896855704
0,0,True,0.35,0.097066894,1.9409402430420482,0.7524190942347178
4,4,True,0.55,0.12721358,2.880731243665904,0.8940770130219159
1,1,True,0.55,0.09294674,2.880731243665904,0.7330586675220123
0,0,True,0.45,0.3310744,2.410835673334096,1.8520096743327
4,4,True,0.55,0.12966968,2.880731243665904,0.9056181097106866
1,1,True,0.6,0.10716169,3.1156790288318073,0.7998540967364832
5,5,False,0.65,0.11491499,3.3506265339181924,0.8362864904341868
5,5,False,0.75,0.14964014,3.82052210425,0.9994584023635869
2,2,True,0.6,0.19361785,3.1156790288318073,1.2061076531552617
0,0,False,0.55,0.099787675,2.880731243665904,0.7652039190363727
6,6,False,0.45,0.039382357,2.410835673334096,0.4813620746208213
6,6,True,0.5,0.112073325,2.6457834585,0.8229336293585965
6,6,True,0.5,0.08858606,2.6457834585,0.7125680499313298
5,5,True,0.65,0.1860317,3.3506265339181924,1.1704606724479718
4,4,False,0.6,0.119015545,3.1156790288318073,0.8555548059951681
4,4,True,0.5,0.09702639,2.6457834585,0.752228780201737
2,2,True,0.6,0.12578969,3.1156790288318073,0.8873861933988457
5,5,True,0.75,0.07652216,3.82052210425,0.6558803054386815
1,1,True,0.5,0.044140544,2.6457834585,0.50372057753189
2,2,True,0.5,0.771386,2.6457834585,3.921014075413227
7,7,True,0.7,0.06054781,3.5855743190840963,0.5808175765150283
3,3,True,0.55,0.13749017,2.880731243665904,0.9423662230458846
5,5,True,0.65,0.1239907,3.3506265339181924,0.8789328333643737
3,3,False,0.55,0.1604314,2.880731243665904,1.050166029011956
4,4,True,0.6,0.10925953,3.1156790288318073,0.8097117404679548
4,4,True,0.6,0.1736611,3.1156790288318073,1.1123317787916704
2,2,True,0.65,0.09733493,3.3506265339181924,0.753678576820531
2,2,False,0.65,0.022448106,3.3506265339181924,0.4017887963352088
1,1,True,0.65,0.067156464,3.3506265339181924,0.611871340639907
7,7,True,0.7,0.080612764,3.5855743190840963,0.6751018827299737
7,7,True,0.55,0.022867799,2.880731243665904,0.4037609149989895
1,1,True,0.45,0.0785991,2.410835673334096,0.6656397812988363
3,3,True,0.5,0.15238824,2.6457834585,1.0123716086146421
6,6,True,0.4,0.10691015,2.175888028207952,0.7986720911475401
6,6,True,0.6,0.033886094,3.1156790288318073,0.4555353820391918
0,0,False,0.45,0.25397924,2.410835673334096,1.4897430614605351
1,1,True,0.45,0.19982938,2.410835673334096,1.2352953699815958
2,2,True,0.65,0.09323314,3.3506265339181924,0.7344044496095359
4,4,False,0.65,0.24626927,3.3506265339181924,1.4535142855729524
7,7,True,0.65,0.110505104,3.3506265339181924,0.8155646321908484
3,3,True,0.7,0.1047006,3.5855743190840963,0.7882895433880185
2,2,False,0.55,0.083173245,2.880731243665904,0.6871334686759298
5,5,True,0.7,0.08590994,3.5855743190840963,0.6999930747090872
7,7,False,0.6,0.13624984,3.1156790288318073,0.9365379783206398
4,4,True,0.7,0.06537596,3.5855743190840963,0.6035048402661827
6,6,True,0.45,0.105624184,2.410835673334096,0.7926294105407635
6,6,True,0.55,0.11072018,2.880731243665904,0.8165752641242652
1,1,True,0.5,0.09936712,2.6457834585,0.7632277479720554
2,2,True,0.75,0.078104466,3.82052210425,0.6633155064026707
4,4,True,0.7,0.10254763,3.5855743190840963,0.7781728261017167
0,0,False,0.55,0.17581527,2.880731243665904,1.1224541326782869
5,5,True,0.65,0.21705627,3.3506265339181924,1.3162437424268647
6,6,False,0.6,0.273438,3.1156790288318073,1.5811789414649717
6,6,False,0.55,0.0902589,2.880731243665904,0.7204286216643984
2,2,False,0.7,0.47965863,3.5855743190840963,2.550200301021889
5,5,True,0.65,0.28442425,3.3506265339181924,1.6328027782390042
0,0,True,0.45,0.07150788,2.410835673334096,0.6323184408753659
4,4,True,0.6,0.24005795,3.1156790288318073,1.4243275490249339
6,6,False,0.55,0.06496502,2.880731243665904,0.6015738320242614
0,0,True,0.45,0.088678196,2.410835673334096,0.7130009828474151
7,7,True,0.55,0.22114357,2.880731243665904,1.335449775304867
2,2,True,0.6,0.0590643,3.1156790288318073,0.573846624858313
4,4,False,0.6,0.14991286,3.1156790288318073,1.0007399062015607
4,4,False,0.55,0.09629737,2.880731243665904,0.7488031276080842
6,6,True,0.55,0.12670645,2.880731243665904,0.8916940264566354
6,6,False,0.45,0.34693792,2.410835673334096,1.9265517179260538
2,2,False,0.65,0.060194373,3.3506265339181924,0.5791567924937769
6,6,True,0.6,0.16531402,3.1156790288318073,1.0731092329283247
7,7,False,0.6,0.15782535,3.1156790288318073,1.0379203222739268
0,0,True,0.4,0.09946094,2.175888028207952,0.7636685931345449
0,0,False,0.4,0.20000902,2.175888028207952,1.2361394596311848
5,5,True,0.7,0.13481185,3.5855743190840963,0.9297809198913887
1,1,False,0.55,0.17718719,2.880731243665904,1.1289007229610197
1,1,True,0.65,0.09790857,3.3506265339181924,0.7563740971187805
1,1,True,0.5,0.068076655,2.6457834585,0.616195278270024
2,2,True,0.65,0.21405193,3.3506265339181924,1.3021264743247658
5,5,True,0.7,0.11755969,3.5855743190840963,0.8487137937301761
7,7,True,0.55,0.0570736,2.880731243665904,0.5644924240617682
5,5,True,0.6,0.1657485,3.1156790288318073,1.0751508725801466
3,3,True,0.5,0.10111104,2.6457834585,0.7714223495411558
1,1,True,0.55,0.14638993,2.880731243665904,0.9841858062467044
5,5,True,0.75,0.19361185,3.82052210425,1.2060794351437492
7,7,False,0.6,0.094798796,3.1156790288318073,0.7417614033579785
3,3,True,0.5,0.11227866,2.6457834585,0.82389850330064
2,2,True,0.55,0.15173112,2.880731243665904,1.0092838019404642
6,6,True,0.5,0.03643549,2.6457834585,0.467514873194663
1,1,True,0.45,0.18713012,2.410835673334096,1.1756221178589874
6,6,False,0.55,0.2022927,2.880731243665904,1.2468703562921335
2,2,False,0.7,0.17568247,3.5855743190840963,1.1218301155105443
1,1,True,0.5,0.062093828,2.6457834585,0.5880822440620475
4,4,False,0.55,0.23840253,2.880731243665904,1.4165488305312157
7,7,True,0.6,0.05413111,3.1156790288318073,0.550665790975267
7,7,True,0.5,0.10703304,2.6457834585,0.7992495450952929
1,1,False,0.55,0.23497023,2.880731243665904,1.4004205914845964
6,6,False,0.7,0.107087195,3.5855743190840963,0.7995040323480038
4,4,True,0.65,0.13812973,3.3506265339181924,0.9453714762819155
0,0,True,0.45,0.06953449,2.410835673334096,0.6230455681690741
5,5,False,0.55,0.3353046,2.880731243665904,1.8718871978568705
4,4,True,0.55,0.106696345,2.880731243665904,0.7976674459138362
0,0,True,0.45,0.060467828,2.410835673334096,0.5804417448108252
1,1,False,0.5,0.14852442,2.6457834585,0.9942156638722585
7,7,False,0.6,0.121890604,3.1156790288318073,0.8690645816211299
2,2,True,0.75,0.15780656,3.82052210425,1.0378320272056456
4,4,False,0.65,0.27369818,3.3506265339181924,1.582401488564252
7,7,False,0.5,0.26757127,2.6457834585,1.5536114146346423
5,5,True,0.75,0.20020968,3.82052210425,1.2370823473310075
3,3,True,0.55,0.19235279,2.880731243665904,1.2001631754297417
4,4,True,0.65,0.15525876,3.3506265339181924,1.0258600281773005
7,7,True,0.5,0.10958541,2.6457834585,0.8112430402267008
7,7,False,0.5,0.10643973,2.6457834585,0.7964616335658006
0,0,False,0.55,0.16272156,2.880731243665904,1.0609273843205673
7,7,False,0.45,0.20240399,2.410835673334096,1.2473933347734922
3,3,True,0.55,0.112454474,2.880731243665904,0.8247246328510899
0,0,True,0.5,0.27070573,2.6457834585,1.5683400963261407
0,0,False,0.55,0.21717116,2.880731243665904,1.316783595699227
2,2,False,0.6,0.12726739,3.1156790288318073,0.8943298548074543
2,2,True,0.6,0.19477443,3.1156790288318073,1.2115423861566832
1,1,True,0.5,0.08294729,2.6457834585,0.6860717222303437
0,0,False,0.3,0.2842827,1.7059925979159036,1.632137729421767
2,2,True,0.65,0.15252922,3.3506265339181924,1.0130340666963311
7,7,True,0.6,0.0848148,3.1156790288318073,0.694847068681542
7,7,True,0.55,0.16598773,2.880731243665904,1.076274971728591
0,0,True,0.55,0.08210867,2.880731243665904,0.6821310734216162
7,7,True,0.5,0.12874234,2.6457834585,0.9012605625383213
1,1,True,0.55,0.05302864,2.880731243665904,0.5454853351669174
2,2,True,0.85,0.20692115,4.290417674581807,1.2686192311207347
1,1,False,0.55,0.110438555,2.880731243665904,0.8152519234081803
6,6,True,0.55,0.08392951,2.880731243665904,0.6906871176096447
5,5,True,0.65,0.16003108,3.3506265339181924,1.0482849449442493
3,3,True,0.5,0.37251458,2.6457834585,2.0467352398130116
1,1,False,0.55,0.34313592,2.880731243665904,1.9086862856644784
6,6,True,0.55,0.074714705,2.880731243665904,0.647387174112549
0,0,True,0.4,0.07732889,2.175888028207952,0.6596711117048855
6,6,False,0.55,0.10032047,2.880731243665904,0.7677075148444088
3,3,True,0.55,0.05370497,2.880731243665904,0.5486633799610382
6,6,True,0.5,0.07410427,2.6457834585,0.6445187747313601
6,6,True,0.45,0.13691325,2.410835673334096,0.9396553333840446
5,5,True,0.6,0.19096102,3.1156790288318073,1.19362331866727
1,1,True,0.65,0.12415239,3.3506265339181924,0.8796926190788231
6,6,True,0.4,0.088921435,2.175888028207952,0.7141439523534343
6,6,True,0.65,0.108633526,3.3506265339181924,0.8067701703124963
5,5,False,0.65,0.08487566,3.3506265339181924,0.6951330298701709
1,1,True,0.65,0.06594829,3.3506265339181924,0.6061941988150199
4,4,True,0.65,0.12716942,3.3506265339181924,0.893869474098533
6,6,True,0.45,0.13936977,2.410835673334096,0.9511983906294463
3,3,True,0.55,0.1285414,2.880731243665904,0.9003163444607847
1,1,True,0.55,0.08749297,2.880731243665904,0.7074316716372411
1,1,True,0.6,0.056947347,3.1156790288318073,0.5638991631261769
3,3,True,0.65,0.10598064,3.3506265339181924,0.7943043910926209
5,5,True,0.65,0.1342096,3.3506265339181924,0.9269509964340861
3,3,False,0.6,0.28696585,3.1156790288318073,1.6447456489974008
6,6,True,0.6,0.1531119,3.1156790288318073,1.0157720540516089
1,1,True,0.6,0.16160767,3.1156790288318073,1.05569325827444
1,1,True,0.65,0.12335293,3.3506265339181924,0.8759359825139048
0,0,True,0.5,0.10530651,2.6457834585,0.7911366917357233
1,1,True,0.55,0.09002175,2.880731243665904,0.7193142902891697
7,7,True,0.55,0.12965672,2.880731243665904,0.9055571924153616
4,4,False,0.7,0.08438643,3.5855743190840963,0.6928341721903305
2,2,True,0.8,0.07859178,4.055469889415903,0.6656053665279718
4,4,True,0.65,0.11244878,3.3506265339181924,0.8246978852570507
7,7,True,0.6,0.22070743,3.1156790288318073,1.3334003634464004
0,0,True,0.3,0.07350481,1.7059925979159036,0.6417019449915584
7,7,True,0.55,0.08923586,2.880731243665904,0.7156214068247035
3,3,True,0.6,0.21965176,3.1156790288318073,1.328439805070198
4,4,False,0.6,0.37388533,3.1156790288318073,2.053176368545129
6,6,True,0.45,0.073251225,2.410835673334096,0.6405103466790986
6,6,False,0.5,0.15247253,2.6457834585,1.012767641054134
6,6,True,0.5,0.09207684,2.6457834585,0.7289710469858284
6,6,True,0.6,0.082641475,3.1156790288318073,0.684634704239592
0,0,True,0.45,0.06087493,2.410835673334096,0.582354705428758
0,0,True,0.4,0.059624035,2.175888028207952,0.5764767991038474
5,5,False,0.55,0.10394381,2.880731243665904,0.7847334087485749
1,1,True,0.5,0.086142235,2.6457834585,0.7010846146134788
0,0,True,0.45,0.082750075,2.410835673334096,0.685145009122728
6,6,True,0.55,0.12624262,2.880731243665904,0.8895145176617161
3,3,True,0.5,0.10374551,2.6457834585,0.7838016191996819
4,4,True,0.55,0.19527052,2.880731243665904,1.2138734879911182
1,1,True,0.55,0.123956464,2.880731243665904,0.8787719626907999
2,2,True,0.65,0.07602109,3.3506265339181924,0.6535258169644322
5,5,True,0.85,0.15459524,4.290417674581807,1.0227421829747378
2,2,True,0.65,0.14874536,3.3506265339181924,0.9952538486283309
3,3,False,0.4,0.057111915,2.175888028207952,0.5646724626774053
3,3,True,0.5,0.0852152,2.6457834585,0.696728537858587
1,1,True,0.45,0.12332363,2.410835673334096,0.8757982884205064
2,2,True,0.6,0.12398796,3.1156790288318073,0.8789199497065118
4,4,True,0.65,0.029445123,3.3506265339181924,0.43466746232683284
5,5,True,0.6,0.15754193,3.1156790288318073,1.0365885441623401
7,7,True,0.65,0.095654994,3.3506265339181924,0.745784640614793
5,5,True,0.6,0.13852397,3.1156790288318073,0.9472239922387112
7,7,True,0.55,0.13227391,2.880731243665904,0.9178552740233944
3,3,True,0.45,0.065321155,2.410835673334096,0.6032473071487054
1,1,True,0.55,0.10344119,2.880731243665904,0.7823716382068385
2,2,True,0.8,0.10704481,4.055469889415903,0.7993048608002431
1,1,False,0.45,0.19102527,2.410835673334096,1.1939252443884667
0,0,False,0.35,0.1112685,1.9409402430420482,0.819151785636992
4,4,True,0.55,0.24284156,2.880731243665904,1.4374076126492759
2,2,True,0.65,0.09111161,3.3506265339181924,0.724435474269367
7,7,False,0.7,0.112602815,3.5855743190840963,0.8254216807533427
5,5,True,0.65,0.069113225,3.3506265339181924,0.6210660711604716
1,1,True,0.65,0.0776518,3.3506265339181924,0.6611884424976346
6,6,True,0.45,0.26011643,2.410835673334096,1.5185814491071266
2,2,False,0.65,0.08869828,3.3506265339181924,0.7130953696452289
3,3,True,0.5,0.071755975,2.6457834585,0.6334842368621623
5,5,True,0.7,0.12598665,3.5855743190840963,0.8883117161685069
2,2,False,0.6,0.14325686,3.1156790288318073,0.9694636364040167
2,2,False,0.65,0.029364802,3.3506265339181924,0.434290037670367
6,6,False,0.5,0.14907081,2.6457834585,0.9967831528205059
1,1,True,0.65,0.047412515,3.3506265339181924,0.5190954201780809
2,2,False,0.55,0.15292403,2.880731243665904,1.0148892434085548
5,5,False,0.75,0.07760746,3.82052210425,0.6609800983456353
2,2,False,0.9,0.6322339,4.525365179668192,3.267144632166323
2,2,True,0.6,0.051795952,3.1156790288318073,0.5396929931349805
0,0,True,0.4,0.08062516,2.175888028207952,0.6751601392698707
5,5,True,0.65,0.15547143,3.3506265339181924,1.0268593519001485
1,1,True,0.45,0.13933739,2.410835673334096,0.9510462374308933
4,4,True,0.55,0.14405678,2.880731243665904,0.9732224435852052
0,0,True,0.5,0.26553068,2.6457834585,1.5440227522709762
7,7,True,0.5,0.10585298,2.6457834585,0.7937044957734294
4,4,True,0.75,0.098627396,3.82052210425,0.7597518211047896
7,7,True,0.55,0.12604746,2.880731243665904,0.8885974672974967
7,7,True,0.5,0.1219544,2.6457834585,0.8693643367260565
2,2,True,0.7,0.1264487,3.5855743190840963,0.8904828925977438
4,4,True,0.6,0.1799873,3.1156790288318073,1.142058298592172
5,5,True,0.75,0.06191698,3.82052210425,0.5872512481299595
6,6,True,0.6,0.2614082,3.1156790288318073,1.5246514724769198
6,6,False,0.55,0.19052215,2.880731243665904,1.1915610931708212
4,4,True,0.6,0.09384454,3.1156790288318073,0.7372774002829042
7,7,True,0.6,0.07015443,3.1156790288318073,0.6259586402335011
4,4,False,0.6,0.042375844,3.1156790288318073,0.49542833324057056
0,0,False,0.45,0.11859948,2.410835673334096,0.8535997459245754
1,1,True,0.45,0.13924563,2.410835673334096,0.9506150550118002
7,7,True,0.55,0.09091976,2.880731243665904,0.7235340033283773
7,7,True,0.5,0.10100661,2.6457834585,0.7709316502243314
4,4,False,0.65,0.11311546,3.3506265339181924,0.8278305746741063
7,7,True,0.6,0.5083954,3.1156790288318073,2.685232938793401
3,3,False,0.6,0.09559675,3.1156790288318073,0.7455109679150487
5,5,True,0.55,0.2631436,2.880731243665904,1.5328059876649012
5,5,True,0.65,0.10085383,3.3506265339181924,0.7702137363979329
2,2,False,0.6,0.052253067,3.1156790288318073,0.5418409579741021
5,5,True,0.5,0.10514911,2.6457834585,0.7903970717466228
1,1,True,0.6,0.077541545,3.1156790288318073,0.6606703654078538
2,2,True,0.55,0.12558234,2.880731243665904,0.886411866773045
0,0,True,0.45,0.07557499,2.410835673334096,0.6514295968163969
6,6,True,0.5,0.06453144,2.6457834585,0.5995364635851004
6,6,True,0.5,0.08410424,2.6457834585,0.6915081707188175
7,7,True,0.7,0.12577927,3.5855743190840963,0.8873372495029467
6,6,True,0.45,0.16026664,2.410835673334096,1.0493918192022917
1,1,True,0.55,0.028724812,2.880731243665904,0.4312827538578252
1,1,True,0.6,0.10611497,3.1156790288318073,0.7949355852980309
2,2,True,0.65,0.24615793,3.3506265339181924,1.4529910970319546
7,7,True,0.65,0.07774704,3.3506265339181924,0.661635974558634
2,2,True,0.6,0.08652906,3.1156790288318073,0.7029022956801317
2,2,True,0.6,0.055909146,3.1156790288318073,0.5590207030589036
6,6,False,0.45,0.10526597,2.410835673334096,0.7909461676431035
0,0,True,0.4,0.109472275,2.175888028207952,0.8107114142902012
4,4,True,0.6,0.061564393,3.1156790288318073,0.5855944552418502
0,0,False,0.4,0.13102981,2.175888028207952,0.9120093142685896
0,0,False,0.5,0.42578223,2.6457834585,2.2970375443550277
1,1,True,0.55,0.07000769,2.880731243665904,0.6252691194683144
3,3,False,0.55,0.09109448,2.880731243665904,0.7243549864176704
1,1,True,0.5,0.079541124,2.6457834585,0.6700662980526901
4,4,False,0.55,0.13924268,2.880731243665904,0.9506011910756228
1,1,True,0.55,0.09142217,2.880731243665904,0.725894793591798
0,0,False,0.5,0.055899978,2.6457834585,0.5589776233279282
5,5,True,0.7,0.052461315,3.5855743190840963,0.5428195032976539
7,7,True,0.75,0.18022382,3.82052210425,1.1431697241423937
4,4,True,0.6,0.13299789,3.1156790288318073,0.9212571898778343
7,7,False,0.5,0.088369176,2.6457834585,0.7115489105825312
5,5,True,0.65,0.06963488,3.3506265339181924,0.6235172920985042
3,3,True,0.6,0.09105227,3.1156790288318073,0.7241566551084659
1,1,True,0.55,0.06728322,2.880731243665904,0.6124669647464377
2,2,False,0.55,0.13575897,2.880731243665904,0.9342313834440943
5,5,True,0.65,0.13418674,3.3506265339181924,0.9268435859386511
7,7,True,0.55,0.076399416,2.880731243665904,0.6553035516897255
0,0,False,0.45,0.08799454,2.410835673334096,0.7097885057774598
4,4,True,0.6,0.099117935,3.1156790288318073,0.7620568405340422
2,2,True,0.55,0.15488614,2.880731243665904,1.024109111065926
1,1,True,0.6,0.13855793,3.1156790288318073,0.9473835675445107
6,6,True,0.45,0.12366389,2.410835673334096,0.8773971573631474
4,4,False,0.65,0.16445307,3.3506265339181924,1.0690636943398308
3,3,True,0.55,0.26979926,2.880731243665904,1.5640806470052124
0,0,True,0.5,0.09912371,2.6457834585,0.7620839732374196
7,7,False,0.6,0.06637827,3.1156790288318073,0.6082146574532373
6,6,True,0.65,0.21160683,3.3506265339181924,1.2906370523072017
7,7,False,0.5,0.1186925,2.6457834585,0.8540368450235019
2,2,True,0.65,0.29179636,3.3506265339181924,1.667443993394515
4,4,False,0.6,0.265201,3.1156790288318073,1.5424736324528507
1,1,True,0.6,0.10980878,3.1156790288318073,0.8122926382231618
7,7,False,0.55,0.08797996,2.880731243665904,0.709719991325189
6,6,True,0.75,0.2512926,3.82052210425,1.477118617193296
7,7,True,0.45,0.13513151,2.410835673334096,0.9312829863503667
7,7,True,0.65,0.12569614,3.3506265339181924,0.8869466085941905
4,4,True,0.65,0.1755916,3.3506265339181924,1.1214031342842323
4,4,False,0.7,0.11879917,3.5855743190840963,0.8545380823322187
6,6,True,0.5,0.09253123,2.6457834585,0.7311061981869679
0,0,True,0.4,0.21984228,2.175888028207952,1.3293350792518357
0,0,True,0.55,0.07119031,2.880731243665904,0.6308262122094835
4,4,False,0.5,0.12266466,2.6457834585,0.8727018342911873
0,0,False,0.5,0.2259104,2.6457834585,1.3578488547362126
0,0,True,0.45,0.13819376,2.410835673334096,0.945672351704917
6,6,False,0.5,0.18022287,2.6457834585,1.143165242870094
1,1,True,0.5,0.055089522,2.6457834585,0.555169329596773
7,7,False,0.6,0.062424265,3.1156790288318073,0.5896349523990068
5,5,True,0.65,0.12915559,3.3506265339181924,0.9032024238615937
1,1,True,0.6,0.12623861,3.1156790288318073,0.8894956823140812
4,4,True,0.65,0.13376173,3.3506265339181924,0.9248464789303082
0,0,False,0.4,0.26670888,2.175888028207952,1.549559084117819
0,0,False,0.45,0.12625784,2.410835673334096,0.8895860079588733
2,2,False,0.6,0.10940882,3.1156790288318073,0.8104132346325675
5,5,True,0.6,0.05772856,3.1156790288318073,0.5675700428434525
0,0,False,0.45,0.16396576,2.410835673334096,1.0667738342145299
4,4,True,0.5,0.09134022,2.6457834585,0.7255097192634766
4,4,True,0.6,0.12974887,3.1156790288318073,0.9059901953513265
1,1,False,0.5,0.5172332,2.6457834585,2.726761449354375
0,0,False,0.4,0.15210125,2.175888028207952,1.0110230257319313
3,3,True,0.6,0.14755936,3.1156790288318073,0.9896808963844134
2,2,True,0.7,0.24499768,3.5855743190840963,1.4475391391401309
2,2,True,0.7,0.09283231,3.5855743190840963,0.73252098486592
5,5,False,0.6,0.07034462,3.1156790288318073,0.626852338967846
6,6,True,0.5,0.0756117,2.6457834585,0.6516021257999379
6,6,True,0.5,0.12866372,2.6457834585,0.9008911376531094
6,6,True,0.5,0.5813423,2.6457834585,3.028007137479656
1,1,True,0.45,0.08694778,2.410835673334096,0.7048698192893081
1,1,False,0.55,0.21697277,2.880731243665904,1.3158513510211163
3,3,True,0.6,0.11955453,3.1156790288318073,0.8580874600532729
3,3,True,0.5,0.19277264,2.6457834585,1.202136055559714
7,7,True,0.75,0.07296341,3.82052210425,0.6391579127030049
0,0,False,0.45,0.080227435,2.410835673334096,0.6732912386612291
0,0,True,0.45,0.07195811,2.410835673334096,0.6344340565300737
4,4,False,0.7,0.08893707,3.5855743190840963,0.7142174032072227
6,6,True,0.5,0.1270273,2.6457834585,0.8932016945059881
2,2,True,0.8,0.24423756,4.055469889415903,1.4439673550575778
6,6,True,0.5,0.08911499,2.6457834585,0.7150534405706479
4,4,True,0.6,0.21136124,3.1156790288318073,1.2894830546701321
5,5,True,0.7,0.24497329,3.5855743190840963,1.4474245165970883
2,2,False,0.65,0.09270585,3.3506265339181924,0.731926761156983
7,7,True,0.6,0.15099664,3.1156790288318073,1.0058325220708468
5,5,False,1.0,0.16315189,4.99526075,1.0629494884259572
6,6,False,0.55,0.19929054,2.880731243665904,1.2327633811123482
4,4,False,0.6,0.121538505,3.1156790288318073,0.8674100818840802
0,0,True,0.45,0.0978632,2.410835673334096,0.756160886585143
6,6,False,0.6,0.07610153,3.1156790288318073,0.6539037842749656
2,2,True,0.6,0.10102399,3.1156790288318073,0.7710132934040428
1,1,True,0.65,0.047333524,3.3506265339181924,0.5187242447958769
2,2,False,0.65,0.17113659,3.3506265339181924,1.1004692208352713
2,2,True,0.75,0.044094,3.82052210425,0.5035018704376976
7,7,True,0.55,0.10099186,2.880731243665904,0.7708623305434443
1,1,True,0.5,0.19915518,2.6457834585,1.2321273205252998
6,6,True,0.5,0.12920108,2.6457834585,0.9034161945542685
4,4,False,0.6,0.15398298,3.1156790288318073,1.0198652061582878
0,0,False,0.4,0.09971554,2.175888028207952,0.7648649527988232
6,6,False,0.55,0.12088319,2.880731243665904,0.8643307826252836
6,6,True,0.5,0.09613388,2.6457834585,0.7480349044981328
6,6,False,0.55,0.280512,2.880731243665904,1.6144193389075274
5,5,True,0.6,0.099518366,3.1156790288318073,0.7639384497508466
6,6,False,0.55,0.13652895,2.880731243665904,0.937849520686998
4,4,False,0.7,0.110472135,3.5855743190840963,0.8154097132070478
3,3,True,0.5,0.080515124,2.6457834585,0.6746430774683454
1,1,False,0.55,0.3949042,2.880731243665904,2.151943049872946
1,1,True,0.55,0.13761464,2.880731243665904,0.9429510991008838
6,6,False,0.55,0.10533461,2.880731243665904,0.7912687142188672
2,2,False,0.55,0.12720118,2.880731243665904,0.894018756482019
7,7,True,0.55,0.08644016,2.880731243665904,0.7024845570779379
2,2,False,0.6,0.061331578,3.1156790288318073,0.5845004646416696
2,2,False,0.7,0.1341451,3.5855743190840963,0.9266478803749347
1,1,True,0.55,0.06038807,2.880731243665904,0.5800669634048174
1,1,True,0.65,0.098958865,3.3506265339181924,0.761309378318417
6,6,True,0.45,0.16390666,2.410835673334096,1.0664961353717037
5,5,True,0.6,0.65761304,3.1156790288318073,3.386399970528191
7,7,True,0.55,0.13382545,2.880731243665904,0.9251458839358364
4,4,True,0.6,0.11513151,3.1156790288318073,0.837303914295933
5,5,True,0.75,0.09980147,3.82052210425,0.7652687574449599
3,3,True,0.45,0.10515255,2.410835673334096,0.79041321132889
7,7,False,0.65,0.14332466,3.3506265339181924,0.9697822268565782
0,0,True,0.45,0.034918476,2.410835673334096,0.46038649934344844
2,2,False,0.6,0.08315275,3.1156790288318073,0.6870371563314247
0,0,False,0.45,0.105707735,2.410835673334096,0.7930220120061509
6,6,True,0.55,0.1577327,2.880731243665904,1.0374849386620526
2,2,True,0.85,0.091127075,4.290417674581807,0.7245081549044787
3,3,True,0.55,0.17688237,2.880731243665904,1.127468396302207
2,2,True,0.6,0.05916029,3.1156790288318073,0.5742976754182664
3,3,True,0.55,0.084880546,2.880731243665904,0.6951559963907072
3,3,True,0.55,0.12829389,2.880731243665904,0.8991533142592358
7,7,True,0.55,0.07805223,2.880731243665904,0.6630700517144389
4,4,False,0.55,0.055594087,2.880731243665904,0.5575402552377781
2,2,True,0.75,0.08982659,3.82052210425,0.7183972399249503
5,5,True,0.65,0.13893664,3.3506265339181924,0.9491631227866758
4,4,True,0.55,0.15080833,2.880731243665904,1.004947680851282
7,7,False,0.6,0.09834912,3.1156790288318073,0.7584441998516936
3,3,True,0.6,0.17195694,3.1156790288318073,1.1043240252715065
5,5,True,0.7,0.24246481,3.5855743190840963,1.435637300031229
4,4,False,0.6,0.25478747,3.1156790288318073,1.4935409397345873
1,1,True,0.45,0.03728733,2.410835673334096,0.4715176296366701
2,2,False,0.5,0.122218914,2.6457834585,0.8706072946202644
6,6,True,0.5,0.1284546,2.6457834585,0.8999084786616262
2,2,False,0.65,0.00019612511,3.3506265339181924,0.29722774998898954
0,0,True,0.5,0.048679534,2.6457834585,0.5250490880128094
0,0,True,0.4,0.05668425,2.175888028207952,0.5626628746255089
6,6,True,0.55,0.10807892,2.880731243665904,0.8041641004105431
0,0,True,0.45,0.11507852,2.410835673334096,0.8370548885938374
4,4,True,0.6,0.15053111,3.1156790288318073,1.0036450310096439
1,1,True,0.5,0.09361239,2.6457834585,0.7361865255673696
2,2,True,0.6,0.09197761,3.1156790288318073,0.7285047846070136
4,4,False,0.6,0.15750223,3.1156790288318073,1.0364020112028622
2,2,True,0.5,0.13940743,2.6457834585,0.9513753308654075
5,5,True,0.6,0.3082601,3.1156790288318073,1.7448064377415349
1,1,True,0.55,0.23973985,2.880731243665904,1.4228328346533226
5,5,True,0.65,0.35602626,3.3506265339181924,1.9692574027042729
1,1,True,0.6,0.36302686,3.1156790288318073,2.002152882219506
0,0,False,0.55,0.2053765,2.880731243665904,1.2613610404125863
0,0,False,0.45,0.25179774,2.410835673334096,1.4794922911145787
5,5,True,0.7,0.40048027,3.5855743190840963,2.1781447689301627
7,7,True,0.7,0.10594229,3.5855743190840963,0.7941241599223146
0,0,False,0.35,0.13175054,1.9409402430420482,0.9153959657892584
6,6,True,0.5,0.183248,2.6457834585,1.1573801887043518
4,4,True,0.6,0.2128628,3.1156790288318073,1.2965388179061146
5,5,False,0.6,0.11522868,3.1156790288318073,0.8377605139313514
7,7,True,0.6,0.1647877,3.1156790288318073,1.0706360607580114
0,0,True,0.45,0.11335898,2.410835673334096,0.8289748745578396
1,1,True,0.55,0.08370834,2.880731243665904,0.6896478475454371
2,2,False,0.55,0.06124816,2.880731243665904,0.5841084933551994
4,4,False,0.6,0.13998331,3.1156790288318073,0.9540813891555493
3,3,False,0.5,0.23791237,2.6457834585,1.414245596608895
2,2,True,0.7,0.13509217,3.5855743190840963,0.9310981338680013
5,3,False,0.45,0.11210237,2.410835673334096,0.8230700981041003
4,4,True,0.6,0.15385236,3.1156790288318073,1.019251411892979
2,2,True,0.75,0.05124271,3.82052210425,0.5370933300520183
7,4,False,1.0,0.10159798,4.99526075,0.7737104591694648
7,7,True,0.6,0.10032016,3.1156790288318073,0.7677060444269354
4,4,True,0.55,0.0515899,2.880731243665904,0.5387247582387122
2,2,True,0.7,0.1252614,3.5855743190840963,0.8849037786044142
4,4,True,0.6,0.1184094,3.1156790288318073,0.8527065723393282
7,7,True,0.65,0.102776036,3.3506265339181924,0.7792460908175107
1,1,False,0.5,0.1105799,2.6457834585,0.8159160969769215
5,5,True,0.65,0.008424356,3.3506265339181924,0.3358918315831437
5,5,False,0.6,0.15743658,3.1156790288318073,1.036093503612975
4,4,False,0.5,0.052078083,2.6457834585,0.5410187145269747
7,7,False,0.65,0.06516769,3.3506265339181924,0.6025261724078415
4,4,True,0.65,0.05418644,3.3506265339181924,0.5509257922935031
5,5,True,0.6,0.21917804,3.1156790288318073,1.3262138030751687
5,5,False,0.6,0.18761288,3.1156790288318073,1.1778905519011051
7,7,True,0.55,0.0747242,2.880731243665904,0.6474317767759075
2,2,False,0.65,0.102899544,3.3506265339181924,0.7798264505902703
5,5,True,0.65,0.11521069,3.3506265339181924,0.8376759649266331
2,2,True,0.65,0.18586522,3.3506265339181924,1.169678410352144
5,5,True,0.7,0.115424655,3.5855743190840963,0.8386813803790135
1,1,True,0.55,0.055502586,2.880731243665904,0.5571102981665794
5,5,True,0.6,0.104139775,3.1156790288318073,0.7856542401862971
7,7,True,0.6,0.10826925,3.1156790288318073,0.805058464333745
3,3,False,0.5,0.078739546,2.6457834585,0.6662997186648566
6,6,False,0.4,0.14960532,2.175888028207952,0.9992947659047656
3,3,True,0.45,0.21611534,2.410835673334096,1.3118223371242277
1,1,True,0.55,0.10002535,2.880731243665904,0.7663207361173302
0,0,True,0.45,0.057967752,2.410835673334096,0.5686940019521376
3,3,True,0.45,0.06287265,2.410835673334096,0.5917418855886338
5,5,False,0.6,0.08042833,3.1156790288318073,0.6742352466791268
7,7,True,0.5,0.072886586,2.6457834585,0.6387969252132948
0,0,False,0.4,0.15086405,2.175888028207952,1.0052094851814202
1,1,True,0.55,0.104861446,2.880731243665904,0.7890453379693261
6,6,False,0.65,0.08104139,3.3506265339181924,0.67711596955914
2,2,True,0.6,0.054423586,3.1156790288318073,0.5520401236687318
7,7,True,0.6,0.25970915,3.1156790288318073,1.5166676657556075
7,7,False,0.55,0.13153566,2.880731243665904,0.9143862791242172
6,6,False,0.45,0.13683619,2.410835673334096,0.9392931905663197
7,7,True,0.55,0.23165973,2.880731243665904,1.3848646949345131
1,1,True,0.6,0.03601833,3.1156790288318073,0.46555466666291356
7,7,False,0.7,0.07213516,3.5855743190840963,0.6352659977305375
7,7,False,0.75,0.19639361,3.82052210425,1.2191508163030105
3,3,True,0.45,0.09701183,2.410835673334096,0.752160335769346
5,5,True,0.65,0.067225605,3.3506265339181924,0.61219623288164
3,3,True,0.5,0.15897176,2.6457834585,1.0433072316975243
3,3,True,0.55,0.07295341,2.880731243665904,0.6391109293637371
1,1,True,0.55,0.10481365,2.880731243665904,0.78882074920524
7,7,True,0.55,0.11273246,2.880731243665904,0.826030888716532
0,0,True,0.45,0.06558849,2.410835673334096,0.6045034988001736
1,1,True,0.55,0.18027326,2.880731243665904,1.1434020501031847
7,7,True,0.75,0.08165318,3.82052210425,0.67999074074938
7,7,True,0.6,0.15369391,3.1156790288318073,1.0185068905123007
4,4,True,0.55,0.116412,2.880731243665904,0.8433208625969257
7,7,True,0.55,0.11624084,2.880731243665904,0.8425165792489372
6,6,True,0.5,0.07302703,2.6457834585,0.6394568625793151
2,2,True,0.55,0.2498939,2.880731243665904,1.470546271206651
4,4,False,0.6,0.12098713,3.1156790288318073,0.8648192062960183
5,5,True,0.65,0.14165291,3.3506265339181924,0.9619267665747265
1,1,True,0.45,0.031873595,2.410835673334096,0.4460787421586696
7,7,True,0.65,0.14359961,3.3506265339181924,0.9710742336765046
4,4,False,0.75,0.108981855,3.82052210425,0.808406955019986
0,0,False,0.4,0.16065156,2.175888028207952,1.051200572734285
1,1,True,0.6,0.12522142,3.1156790288318073,0.8847159152672224
6,6,False,0.45,0.15908283,2.410835673334096,1.043829159880688
6,6,False,0.5,0.0690685,2.6457834585,0.6208559064916006
4,4,False,0.7,0.222955,3.5855743190840963,1.3439616019388754
2,2,True,0.6,0.09863483,3.1156790288318073,0.7597867610247518
6,6,True,0.45,0.18129925,2.410835673334096,1.148223128879057
4,4,True,0.6,0.16307627,3.1156790288318073,1.0625941375365617
7,7,True,0.65,0.05810928,3.3506265339181924,0.569359033264405
7,7,True,0.6,0.13378975,3.1156790288318073,0.9249781163041139
6,6,True,0.5,0.11903947,2.6457834585,0.8556672229120006
7,7,False,0.7,0.18644758,3.5855743190840963,1.1724148572700686
3,3,True,0.6,0.21552262,3.1156790288318073,1.3090371563700431
7,7,False,0.6,0.098811395,3.1156790288318073,0.7606164265791258
7,7,True,0.6,0.083971016,3.1156790288318073,0.690882157984504
6,6,True,0.5,0.31066585,2.6457834585,1.756110867236974
5,5,True,0.65,0.15658495,3.3506265339181924,1.0320917274492836
3,3,False,0.55,0.19718851,2.880731243665904,1.2228860267847455
5,5,True,0.65,0.14252426,3.3506265339181924,0.9660211790392398
4,4,True,0.65,0.17958105,3.3506265339181924,1.140149346612351
7,7,True,0.55,0.105072185,2.880731243665904,0.7900355941177548
5,5,True,0.65,0.10891619,3.3506265339181924,0.8080984124201592
4,4,True,0.65,0.0717602,3.3506265339181924,0.6335040874980526
1,1,True,0.55,0.074740276,2.880731243665904,0.6475073282260864
4,4,True,0.55,0.12427586,2.880731243665904,0.8802728038018836
0,0,False,0.35,0.0593397,1.9409402430420482,0.57514071476966
4,4,True,0.6,0.096250124,3.1156790288318073,0.7485811295795466
0,0,True,0.45,0.0399693,2.410835673334096,0.48412008766168857
0,0,False,0.4,0.05445244,2.175888028207952,0.5521757171657395
4,4,True,0.65,0.12968272,3.3506265339181924,0.9056793771054099
5,5,True,0.65,0.2667877,3.3506265339181924,1.5499294892813467
6,6,True,0.6,0.20265897,3.1156790288318073,1.2485914449347626
4,4,False,0.65,0.101026975,3.3506265339181924,0.7710273323899194
1,1,True,0.6,0.09894274,3.1156790288318073,0.7612336168085991
3,3,True,0.5,0.09181994,2.6457834585,0.7277639042600788
1,1,True,0.6,0.162098,3.1156790288318073,1.057997332435317
5,5,False,0.7,0.24205902,3.5855743190840963,1.4337305186676783
0,0,True,0.5,0.08443809,2.6457834585,0.6930769311131943
5,5,True,0.6,0.109244965,3.1156790288318073,0.8096432960355638
4,4,False,0.7,0.1783095,3.5855743190840963,1.1341744102391687
4,4,False,0.6,0.119475976,3.1156790288318073,0.8577183502575194
7,7,False,0.5,0.1903522,2.6457834585,1.1907625164430269
6,6,True,0.5,0.10233441,2.6457834585,0.7771709116433204
0,0,True,0.45,0.08948476,2.410835673334096,0.7167909838850027
2,2,False,0.7,0.07435147,3.5855743190840963,0.6456803345154355
6,6,True,0.45,0.12099144,2.410835673334096,0.864839442041247
6,6,False,0.55,0.10750512,2.880731243665904,0.8014678449035569
5,5,False,0.65,0.4902764,3.3506265339181924,2.600092686211099
4,4,False,0.5,0.44093668,2.6457834585,2.368247621953746
3,3,False,0.5,0.08777714,2.6457834585,0.7087669507428122
3,3,True,0.45,0.12321684,2.410835673334096,0.8752964909527522
6,6,True,0.6,0.21441615,3.1156790288318073,1.3038379002239984
2,2,True,0.8,0.09005057,4.055469889415903,0.7194497087364783
7,7,True,0.6,0.25058013,3.1156790288318073,1.4737708267058518
6,6,False,0.45,0.14113325,2.410835673334096,0.9594848932906318
3,3,True,0.5,0.08753239,2.6457834585,0.7076169092289447
3,3,True,0.55,0.099782884,2.880731243665904,0.7651814076450544
3,3,True,0.55,0.070602424,2.880731243665904,0.6280637529062564
1,1,True,0.45,0.14931644,2.410835673334096,0.9979373605172145
6,6,False,0.65,0.11538254,3.3506265339181924,0.8384834691890871
0,0,True,0.45,0.08105105,2.410835673334096,0.6771613774511149
2,2,True,0.7,0.09002055,3.5855743190840963,0.7193086536888551
2,2,False,0.55,0.15157223,2.880731243665904,1.008537179963395
2,2,False,0.7,0.13884805,3.5855743190840963,0.9487468546019553
5,5,False,0.65,0.3807086,3.3506265339181924,2.0852386114921244
0,0,True,0.35,0.107195035,1.9409402430420482,0.8000107662172758
7,7,True,0.8,0.0723736,4.055469889415903,0.6363864208352985
6,6,True,0.4,0.09080542,2.175888028207952,0.7229967057816231
4,4,True,0.6,0.16752216,3.1156790288318073,1.0834851988191563
5,5,True,0.7,0.13265778,3.5855743190840963,0.9196590561439301
5,5,True,0.6,0.16007511,3.1156790288318073,1.0484918536887151
3,3,True,0.55,0.16191815,2.880731243665904,1.057152192487533
2,2,True,0.65,0.074367106,3.3506265339181924,0.6457538203791637
2,2,True,0.65,0.09291165,3.3506265339181924,0.7328938057152966
0,0,True,0.4,0.20838685,2.175888028207952,1.2755065265261978
6,6,True,0.5,0.37049815,2.6457834585,2.037260149694193
2,2,False,0.7,0.043951035,3.5855743190840963,0.5028300822070408
6,6,False,0.5,0.07237854,2.6457834585,0.6364096324254138
4,4,True,0.65,0.20391893,3.3506265339181924,1.2545119758614307
7,7,True,0.55,0.110934734,2.880731243665904,0.8175834453618932
6,6,False,0.5,0.1223219,2.6457834585,0.8710912370186994
3,3,False,0.75,0.06894625,3.82052210425,0.6202814633986743
4,4,False,0.55,0.07390475,2.880731243665904,0.6435812435523331
5,5,True,0.6,0.10651791,3.1156790288318073,0.7968289928645619
1,1,True,0.55,0.42047969,2.880731243665904,2.272121110209288
6,6,True,0.55,0.070092835,2.880731243665904,0.625669213060828
1,1,True,0.7,0.07461782,3.5855743190840963,0.6469319048548445
0,0,False,0.4,0.22114123,2.175888028207952,1.3354387821837568
6,6,True,0.55,0.052693557,2.880731243665904,0.5439107981324667
0,0,False,0.45,0.14465836,2.410835673334096,0.976049216147922
3,3,True,0.55,0.22178471,2.880731243665904,1.3384624506481446
3,3,True,0.45,0.14594366,2.410835673334096,0.9820887808700527
7,7,False,0.55,0.17874017,2.880731243665904,1.1361981248017914
4,4,True,0.7,0.1993159,3.5855743190840963,1.23288255494757
4,4,True,0.6,0.06476462,3.1156790288318073,0.6006321696723331
2,2,False,0.4,0.11821794,2.175888028207952,0.8518068869052704
3,3,True,0.5,0.23328224,2.6457834585,1.3924888095338894
0,0,False,0.5,0.09676519,2.6457834585,0.7510014017307587
1,1,True,0.5,0.10024301,2.6457834585,0.7673435164998722
6,6,True,0.45,0.076334,2.410835673334096,0.6549961644179134
7,7,True,0.5,0.16404451,2.6457834585,1.067143889278659
7,7,True,0.5,0.10244625,2.6457834585,0.7776964458502875
5,5,True,0.6,0.10182314,3.1156790288318073,0.7747684945614276
1,1,True,0.5,0.21163754,2.6457834585,1.2907813632792302
0,0,True,0.45,0.07054058,2.410835673334096,0.6277731353956286
4,4,True,0.65,0.15280594,3.3506265339181924,1.0143343358620602
7,7,True,0.6,0.121967554,3.1156790288318073,0.8694261642798173
3,3,True,0.55,0.114000954,2.880731243665904,0.8319914710143793
3,3,False,0.5,0.15744147,2.6457834585,1.0361164701335115
1,1,False,0.55,0.17586471,2.880731243665904,1.1226864586390781
0,0,False,0.5,0.07054775,2.6457834585,0.6278068499676963
6,6,False,0.4,0.11911298,2.175888028207952,0.8560126659884209
6,6,False,0.65,0.23978963,3.3506265339181924,1.4230667710713463
5,5,True,0.65,0.21084006,3.3506265339181924,1.2870340393583097
6,6,True,0.5,0.29290155,2.6457834585,1.672637227830907
1,1,False,0.6,0.16005352,3.1156790288318073,1.0483903948830533
3,3,False,0.45,0.095760465,2.410835673334096,0.7462802413231953
6,6,False,0.5,0.25134218,2.6457834585,1.477351643352884
2,2,True,0.65,0.11128998,3.3506265339181924,0.8192527192935563
6,6,False,0.55,0.10561749,2.880731243665904,0.7925979716147855
7,7,True,0.65,0.0668841,3.3506265339181924,0.6105915172790455
1,1,True,0.5,0.0860366,2.6457834585,0.7005882436863999
2,2,False,0.55,0.11551547,2.880731243665904,0.8391081165357468
4,4,True,0.55,0.096081115,2.880731243665904,0.7477869641041723
7,7,True,0.5,0.12967597,2.6457834585,0.9056476580999131
1,1,True,0.65,0.087400235,3.3506265339181924,0.7069959029160287
2,2,True,0.75,0.13503213,3.82052210425,0.9308160237727551
2,2,False,0.5,0.6743146,2.6457834585,3.464879932154965
3,3,False,0.45,0.04790257,2.410835673334096,0.5213981639612437
4,4,False,0.65,0.12915744,3.3506265339181924,0.9032111063266745
2,2,True,0.6,0.19236498,3.1156790288318073,1.200220451691323
2,2,True,0.7,0.083012976,3.5855743190840963,0.6863803698599902
2,2,True,0.65,0.14764544,3.3506265339181924,0.990085401229347
0,0,False,0.45,0.07651774,2.410835673334096,0.6558595445443551
1,1,False,0.65,0.20294844,3.3506265339181924,1.249951651117501
2,2,False,0.65,0.12196006,3.3506265339181924,0.8693909442803364
1,1,False,0.5,0.0958437,2.6457834585,0.7466713723711094
6,6,True,0.5,0.11868707,2.6457834585,0.8540113227773571
6,6,False,0.65,0.077137,3.3506265339181924,0.6587694307042566
7,7,False,0.6,0.23726301,3.1156790288318073,1.4111942702920321
3,3,True,0.45,0.2426026,2.410835673334096,1.4362847738586655
3,3,False,0.6,0.19782779,3.1156790288318073,1.2258899496430624
3,3,True,0.6,0.2051905,3.1156790288318073,1.2604869822544928
3,3,False,0.5,0.18803647,2.6457834585,1.179881007020878
2,2,True,0.55,0.16416992,2.880731243665904,1.0677331765860782
0,0,True,0.4,0.06287095,2.175888028207952,0.5917339033223499
0,0,False,0.4,0.1523842,2.175888028207952,1.0123526332272479
5,5,True,0.75,0.15291667,3.82052210425,1.014854653587991
1,1,True,0.65,0.0659738,3.3506265339181924,0.6063140728490386
1,1,True,0.65,0.08391284,3.3506265339181924,0.6906088003742183
1,1,True,0.6,0.10807009,3.1156790288318073,0.8041226136318304
6,6,True,0.5,0.068005934,2.6457834585,0.6158629639210443
1,1,False,0.55,0.23034237,2.880731243665904,1.3786745174511825
4,4,False,0.6,0.15792884,3.1156790288318073,1.0384066103383311
4,4,True,0.7,0.21651468,3.5855743190840963,1.3136987998798753
2,2,True,0.6,0.5224166,3.1156790288318073,2.7511180045421626
1,1,True,0.6,0.073579445,3.1156790288318073,0.642052639558955
7,7,True,0.55,0.07117655,2.880731243665904,0.6307615488505955
7,7,False,0.45,0.088814534,2.410835673334096,0.7136416297365824
0,0,False,0.4,0.5593529,2.175888028207952,2.9246799213482704
2,2,True,0.6,0.067794725,3.1156790288318073,0.6148705021464054
2,2,True,0.35,0.077055946,1.9409402430420482,0.6583885575687164
3,3,False,0.5,0.09435394,2.6457834585,0.7396710298698967
0,0,True,0.4,0.105740786,2.175888028207952,0.7931773160992897
1,1,True,0.6,0.06478556,3.1156790288318073,0.6007305826132288
1,1,True,0.5,0.07867264,2.6457834585,0.6659853294050762
2,2,False,0.6,0.15009144,3.1156790288318073,1.001579024439692
0,0,True,0.35,0.1241707,1.9409402430420482,0.8797786385010147
6,6,False,0.65,0.4061835,3.3506265339181924,2.2049440376406007
1,1,True,0.55,0.16074008,2.880731243665904,1.051616490819607
3,3,True,0.6,0.08343024,3.1156790288318073,0.6883410665308973
5,5,True,0.65,0.07993875,3.3506265339181924,0.671934708522174
2,2,True,0.65,0.052540347,3.3506265339181924,0.5431908712345273
2,2,True,0.6,0.05972146,3.1156790288318073,0.5769345890772204
0,0,True,0.4,0.11275362,2.175888028207952,0.8261303169456831
5,5,False,0.65,0.14223903,3.3506265339181924,0.9646809285222111
6,6,True,0.45,0.110318065,2.410835673334096,0.8146857426610566
0,0,True,0.35,0.07837036,1.9409402430420482,0.6645649411357493
4,4,True,0.6,0.09905625,3.1156790288318073,0.7617669932420909
2,2,True,0.55,0.11150843,2.880731243665904,0.8202792107297214
6,6,True,0.55,0.10098051,2.880731243665904,0.7708090104050651
4,4,False,0.7,0.11558014,3.5855743190840963,0.8394120028135748
7,7,True,0.55,0.25396413,2.880731243665904,1.4896720613025358
5,5,False,0.75,0.101589546,3.82052210425,0.7736708279175637
1,1,True,0.5,0.14278735,2.6457834585,0.9672574500349378
0,0,False,0.5,0.08979976,2.6457834585,0.7182711691315795
6,6,True,0.45,0.08866698,2.410835673334096,0.7129482928879529
3,3,True,0.5,0.07692656,2.6457834585,0.6577805749534216
1,1,True,0.55,0.0543924,2.880731243665904,0.5518935895655235
7,7,True,0.55,0.11119933,2.880731243665904,0.8188267533554995
0,0,False,0.4,0.1167537,2.175888028207952,0.8449264884579561
1,1,True,0.65,0.14910369,3.3506265339181924,0.9969376166750885
0,0,True,0.4,0.093832895,2.175888028207952,0.7372226797469312
5,5,True,0.65,0.15094331,3.3506265339181924,1.0055819209214585
1,1,False,0.6,0.07592077,3.1156790288318073,0.6530544081244607
3,3,True,0.55,0.11884133,2.880731243665904,0.8547361685718443
5,5,True,0.6,0.25816613,3.1156790288318073,1.5094171072143447
0,0,True,0.4,0.078828275,2.175888028207952,0.6667166520384341
0,0,True,0.4,0.04074816,2.175888028207952,0.487779921742944
3,3,False,0.45,0.09257396,2.410835673334096,0.7313070152019012
3,3,True,0.6,0.06092136,3.1156790288318073,0.582572869868883
3,3,False,0.5,0.2556688,2.6457834585,1.497682195498609
5,5,False,0.6,0.10872592,3.1156790288318073,0.8072043285764761
1,1,True,0.45,0.12113459,2.410835673334096,0.8655120880154299
5,5,False,0.75,0.08690173,3.82052210425,0.704653457861085
3,3,False,0.55,0.06910334,2.880731243665904,0.6210196129703014
2,2,True,0.6,0.06894239,3.1156790288318073,0.6202633282498362
6,6,False,0.5,0.11102303,2.6457834585,0.8179983481589599
5,5,True,0.8,0.11565579,4.055469889415903,0.8397674587327898
3,3,True,0.45,0.36476892,2.410835673334096,2.010338766313586
5,5,True,0.65,0.15903018,3.3506265339181924,1.0435817796457647
0,0,True,0.4,0.22795756,2.175888028207952,1.3674683958668195
4,4,True,0.55,0.091696545,2.880731243665904,0.7271840696364167
4,4,True,0.65,0.18042803,3.3506265339181924,1.1441292765735813
6,6,False,0.55,0.08059771,2.880731243665904,0.6750311626514931
3,3,False,0.55,0.21952188,2.880731243665904,1.3278295117988734
5,5,False,0.6,0.11688708,3.1156790288318073,0.8455532364010063
1,1,True,0.55,0.077324815,2.880731243665904,0.659651961267792
6,6,False,0.5,0.0993494,2.6457834585,0.7631444943351113
5,5,False,0.7,0.26284412,3.5855743190840963,1.531398728123015
0,0,False,0.45,0.16320689,2.410835673334096,1.0632079318018703
6,6,True,0.55,0.3365668,2.880731243665904,1.877818301785371
3,3,True,0.7,0.13747005,3.5855743190840963,0.9422716962083114
6,6,False,0.5,0.08377785,2.6457834585,0.6899744902841622
5,5,True,0.7,0.075943284,3.5855743190840963,0.6531602081626631
0,0,False,0.45,0.3507354,2.410835673334096,1.9443958641442056
0,0,False,0.45,0.17704302,2.410835673334096,1.1282232806250785
4,4,True,0.55,0.17046726,2.880731243665904,1.097324067879632
4,4,True,0.6,0.36745057,3.1156790288318073,2.0229396839012512
7,7,False,0.55,0.1460748,2.880731243665904,0.9827050258311503
7,7,False,0.65,0.03691839,3.3506265339181924,0.4697840074355776
5,5,True,0.6,0.13582015,3.1156790288318073,0.9345188850700762
5,5,True,0.6,0.08929326,3.1156790288318073,0.7158911234012457
6,6,True,0.6,0.19410887,3.1156790288318073,1.2084149482306041
0,0,False,0.4,0.27917507,2.175888028207952,1.6081371553022923
1,1,True,0.6,0.06506284,3.1156790288318073,0.6020335125343859
4,4,False,0.55,0.23079626,2.880731243665904,1.3808073229863527
5,5,False,0.6,0.20793283,3.1156790288318073,1.2733730908121106
2,2,True,0.7,0.08180034,3.5855743190840963,0.6806822570811377
7,7,True,0.6,0.09795409,3.1156790288318073,0.7565879728412748
1,1,False,0.55,0.14354248,2.880731243665904,0.9708057774577967
6,6,True,0.65,0.15269026,3.3506265339181924,1.0137907715360746
6,6,False,0.5,0.31515348,2.6457834585,1.777198054202563
5,5,False,0.6,0.07902104,3.1156790288318073,0.6676224292020244
2,2,True,0.55,0.07566278,2.880731243665904,0.6518421189375543
0,0,True,0.45,0.106128305,2.410835673334096,0.7949982530903479
4,4,False,0.65,0.14949517,3.3506265339181924,0.9987771789541426
1,1,True,0.55,0.08099935,2.880731243665904,0.6769184434785518
2,2,False,0.75,0.10814095,3.82052210425,0.804455593169667
2,2,False,0.7,0.18337959,3.5855743190840963,1.15799853426184
7,7,False,0.55,0.036412895,2.880731243665904,0.46740870555209235
4,4,True,0.65,0.1419692,3.3506265339181924,0.963413008540896
4,4,True,0.6,0.075982735,3.1156790288318073,0.6533455857941259
3,3,True,0.55,0.13940156,2.880731243665904,0.951347743032812
2,2,True,0.6,0.06732408,3.1156790288318073,0.6126589592565308
4,4,True,0.65,0.19973859,3.3506265339181924,1.234868738854682
0,0,False,0.5,0.116424404,2.6457834585,0.8433791541467626
2,2,True,0.7,0.06664403,3.5855743190840963,0.609463426997459
2,2,True,0.55,0.12319003,2.880731243665904,0.8751705251892009
4,4,False,0.65,0.051075768,3.3506265339181924,0.5363088798349502
0,0,True,0.5,0.11589791,2.6457834585,0.8409051767478328
7,7,True,0.55,0.086798854,2.880731243665904,0.7041700406117477
5,5,True,0.6,0.13160153,3.1156790288318073,0.9146957669924198
3,3,True,0.65,0.34213766,3.3506265339181924,1.9039955138846978
3,3,True,0.6,0.15365231,3.1156790288318073,1.0183113950082234
3,3,True,0.5,0.0770463,2.6457834585,0.658343219696621
7,7,True,0.65,0.060862083,3.3506265339181924,0.5822943307875006
3,3,True,0.6,0.1757617,3.1156790288318073,1.1222024112108235
0,0,True,0.55,0.09810768,2.880731243665904,0.757309702751116
6,6,True,0.45,0.44617787,2.410835673334096,2.3928757142349477
1,1,True,0.6,0.12895623,3.1156790288318073,0.9022656278913034
3,3,True,0.55,0.113263324,2.880731243665904,0.8285253819402091
2,2,False,0.7,0.082076415,3.5855743190840963,0.6819795153920405
6,6,True,0.55,0.11599178,2.880731243665904,0.8413462669799013
5,5,True,0.65,0.08711822,3.3506265339181924,0.7056707416830719
4,4,False,0.6,0.11581923,3.1156790288318073,0.8405354717831022
3,3,True,0.55,0.09790076,2.880731243665904,0.756337406701826
7,7,True,0.6,0.08154992,3.1156790288318073,0.6795055379931108
3,3,True,0.55,0.10005044,2.880731243665904,0.7664386495947177
0,0,True,0.4,0.043002818,2.175888028207952,0.49837445468820846
4,4,True,0.6,0.14120032,3.1156790288318073,0.9598000527690889
3,3,True,0.5,0.1892469,2.6457834585,1.1855687218475972
2,2,False,0.55,0.05621487,2.880731243665904,0.5604572834254073
5,5,True,0.65,0.44285005,3.3506265339181924,2.3772384545846714
7,7,True,0.7,0.114071056,3.5855743190840963,0.832320879538352
0,0,True,0.45,0.31752938,2.410835673334096,1.788362303898875
6,6,True,0.5,0.08667251,2.6457834585,0.7035763420519083
1,1,False,0.55,0.24970701,2.880731243665904,1.469668081875656
3,3,False,0.55,0.09798875,2.880731243665904,0.7567508390814194
5,5,True,0.55,0.15541643,2.880731243665904,1.0266009085242354
3,3,True,0.55,0.18889366,2.880731243665904,1.1839089005996917
4,4,False,0.6,0.077498674,3.1156790288318073,0.6604689182140033
1,1,True,0.55,0.11054812,2.880731243665904,0.8157667795834956
3,3,False,0.45,0.16890922,2.410835673334096,1.090002929299648
2,2,True,0.65,0.06604584,3.3506265339181924,0.6066525839573702
3,3,True,0.5,0.07281299,2.6457834585,0.6384510970275363
7,7,False,0.6,0.26995614,3.1156790288318073,1.564817816298524
7,7,False,0.55,0.1193911,2.880731243665904,0.8573195170228403
1,1,True,0.65,0.071545295,3.3506265339181924,0.6324942607932521
6,6,True,0.55,0.0741208,2.880731243665904,0.6445964267779294
0,0,False,0.45,0.4762356,2.410835673334096,2.534115614340433
3,3,True,0.5,0.05124646,2.6457834585,0.5371109575567287
7,7,True,0.55,0.10401566,2.880731243665904,0.7850710446084104
4,4,False,0.55,0.14881869,2.880731243665904,0.9955984164562551
1,1,True,0.55,0.10914989,2.880731243665904,0.809196534193241
2,2,True,0.65,0.07599625,3.3506265339181924,0.6534090938249992
6,6,True,0.45,0.07707397,2.410835673334096,0.658473246613194
7,7,False,0.65,0.13347839,3.3506265339181924,0.9235150509181198
6,6,True,0.6,0.23989935,3.1156790288318073,1.4235823274454587
5,5,True,0.6,0.1541635,3.1156790288318073,1.020713426980778
3,3,False,0.45,0.20983131,2.410835673334096,1.2822939735832317
6,6,False,0.55,0.20026904,2.880731243665904,1.237361306531668
4,4,True,0.65,0.29765555,3.3506265339181924,1.6949760901657245
3,3,True,0.55,0.19485615,2.880731243665904,1.2119263751768696
5,5,True,0.7,0.13906567,3.5855743190840963,0.9497694249248583
4,4,False,0.55,0.229868,2.880731243665904,1.376445434581447
6,6,False,0.5,0.14674929,2.6457834585,0.9858744056651602
6,6,True,0.4,0.1345704,2.175888028207952,0.9286463877808713
6,6,True,0.5,0.16264275,2.6457834585,1.0605570491769194
2,2,True,0.7,0.090463765,3.5855743190840963,0.7213912899802318
0,0,False,0.4,0.051263183,2.175888028207952,0.5371895373667039
2,2,True,0.55,0.13098925,2.880731243665904,0.9118187201560901
4,4,True,0.65,0.1633037,3.3506265339181924,1.0636628509601764
1,1,True,0.65,0.10686707,3.3506265339181924,0.7984696636753741
4,4,False,0.65,0.60158664,3.3506265339181924,3.123134465541025
3,3,True,0.45,0.05797458,2.410835673334096,0.5687260885620027
4,4,True,0.65,0.23619725,3.3506265339181924,1.4061863084572837
5,5,True,0.6,0.1995459,3.1156790288318073,1.2339633117904902
2,2,True,0.4,0.09426593,2.175888028207952,0.7392574924604838
5,5,True,0.7,0.2344834,3.5855743190840963,1.398133042015325
0,0,False,0.4,0.044949688,2.175888028207952,0.507522709513633
6,6,True,0.45,0.14087419,2.410835673334096,0.958267597682328
6,6,False,0.55,0.1695022,2.880731243665904,1.0927893003917872
7,7,False,0.55,0.11230128,2.880731243665904,0.824004793478
4,4,True,0.75,0.06455191,3.82052210425,0.599632670899786
4,4,True,0.6,0.07157272,3.1156790288318073,0.6326231323818102
6,6,True,0.55,0.10178495,2.880731243665904,0.7745890336097978
6,6,True,0.6,0.15021141,3.1156790288318073,1.0021427544910266
1,1,True,0.5,0.051029623,2.6457834585,0.5360920457725392
5,5,True,0.6,0.23918828,3.1156790288318073,1.420241048806825
6,6,True,0.45,0.07560397,2.410835673334096,0.651565785482382
0,0,True,0.45,0.06357506,2.410835673334096,0.5950424826771712
2,2,True,0.65,0.080314815,3.3506265339181924,0.6737018352356952
5,5,True,0.7,0.27905262,3.5855743190840963,1.6075617319310505
0,0,True,0.5,0.24416365,2.6457834585,1.443620056454346
0,0,True,0.45,0.07397684,2.410835673334096,0.6439199647203038
3,3,True,0.45,0.10994339,2.410835673334096,0.8129251628062859
1,1,True,0.6,0.07269876,3.1156790288318073,0.63791432462988
0,0,True,0.45,0.10175046,2.410835673334096,0.7744269725982695
1,1,True,0.55,0.089862615,2.880731243665904,0.718566512984086
5,5,True,0.7,0.06229368,3.5855743190840963,0.5890213331833973
4,4,True,0.75,0.07779035,3.82052210425,0.661839487338935
6,6,True,0.5,0.22867578,2.6457834585,1.3708432840477014
4,4,False,0.65,0.10692968,3.3506265339181924,0.7987638872098056
6,6,False,0.5,0.08595686,2.6457834585,0.7002135323002718
0,0,True,0.45,0.09422777,2.410835673334096,0.7390781715486134
2,2,True,0.6,0.17027612,3.1156790288318073,1.0964259228829274
2,2,False,0.9,0.09921771,4.525365179668192,0.7625256936484053
3,3,False,0.5,0.077096686,2.6457834585,0.6585799919197721
1,1,False,0.65,0.010992286,3.3506265339181924,0.34795841871645666
3,3,True,0.55,0.16651528,2.880731243665904,1.0787538855290386
1,1,False,0.55,0.09694653,2.880731243665904,0.7518535086565714
4,4,True,0.7,0.095911294,3.5855743190840963,0.7469889825453553
3,3,True,0.5,0.19685765,2.6457834585,1.2213313053762451
5,5,True,0.7,0.07091658,3.5855743190840963,0.6295399470196912
0,0,True,0.55,0.08394462,2.880731243665904,0.6907581177676441
5,5,True,0.7,0.10874556,3.5855743190840963,0.8072966147778994
5,5,True,0.55,0.18615396,2.880731243665904,1.171035185560778
7,7,False,0.5,0.0023467897,2.6457834585,0.3073336252029254
7,7,True,0.6,0.16572356,3.1156790288318073,1.075033659301556
7,7,False,0.55,0.077842474,2.880731243665904,0.6620844168780692
1,1,True,0.5,0.08653043,2.6457834585,0.7029087375090627
0,0,True,0.5,0.054396894,2.6457834585,0.5519147005592481
6,6,False,0.45,0.16922791,2.410835673334096,1.0915004444664465
2,2,False,0.6,0.36698404,3.1156790288318073,2.020747501508109
4,4,True,0.75,0.14225976,3.82052210425,0.9647783261748514
3,3,False,0.55,0.13887697,2.880731243665904,0.9488827631884217
3,3,False,0.5,0.0022603166,2.6457834585,0.30692729218269565
5,5,True,0.6,0.0693221,3.1156790288318073,0.6220475748239401
6,6,True,0.55,0.14456926,2.880731243665904,0.9756305672872922
0,0,False,0.5,0.124915615,2.6457834585,0.8832789672963504
6,6,False,0.5,0.24543415,2.6457834585,1.4495900914359505
6,6,True,0.5,0.2005887,2.6457834585,1.2388633729906458
4,4,True,0.65,0.19712038,3.3506265339181924,1.222565895894831
6,6,True,0.7,0.13722846,3.5855743190840963,0.9411364638989971
1,1,True,0.5,0.051837984,2.6457834585,0.5398905017105987
1,1,True,0.55,0.09131981,2.880731243665904,0.7254137920283097
5,5,True,0.65,0.13962524,3.3506265339181924,0.9523988114467463
5,5,True,0.55,0.11380227,2.880731243665904,0.8310578609486147
4,4,True,0.6,0.08704265,3.1156790288318073,0.7053156358632553
5,5,True,0.65,0.18709464,3.3506265339181924,1.1754554005254603
2,2,True,0.45,0.13752605,2.410835673334096,0.9425348309161633
2,1,True,0.35,0.15946832,1.9409402430420482,1.0456405741681092
6,6,False,0.6,0.18867579,3.1156790288318073,1.182885139938834
1,1,True,0.55,0.08799192,2.880731243665904,0.7097762172885752
1,1,True,0.65,0.120763145,3.3506265339181924,0.8637667024745505
6,6,True,0.5,0.18976177,2.6457834585,1.1879881187503134
2,2,True,0.65,0.15314546,3.3506265339181924,1.015929738820657
7,7,True,0.55,0.088998936,2.880731243665904,0.7145081257476701
4,4,True,0.65,0.14788043,3.3506265339181924,0.9911896147319613
5,5,True,0.7,0.13063943,3.5855743190840963,0.9101749334606319
2,2,True,0.6,0.07580505,3.1156790288318073,0.6525106687487757
3,3,False,0.45,0.55596244,2.410835673334096,2.908748438163563
7,7,True,0.6,0.13180284,3.1156790288318073,0.9156417355669487
1,1,True,0.45,0.057253744,2.410835673334096,0.5653389118922363
1,1,True,0.5,0.046474796,2.6457834585,0.5146891216644859
7,7,False,0.35,0.15769155,1.9409402430420482,1.0372916137742454
2,2,True,0.65,0.068243235,3.3506265339181924,0.6169780305050097
1,1,True,0.55,0.0738192,2.880731243665904,0.6431792244131282
3,3,True,0.5,0.022384545,2.6457834585,0.4014901265384173
5,5,True,0.65,0.14998233,3.3506265339181924,1.0010663388806469
4,4,True,0.6,0.13886616,3.1156790288318073,0.9488319287557712
0,0,True,0.45,0.101264335,2.410835673334096,0.7721426790534034
0,0,False,0.35,0.103900395,1.9409402430420482,0.7845294058291159
2,2,True,0.55,0.15266763,2.880731243665904,1.0136844113388348
7,7,False,0.55,0.114875846,2.880731243665904,0.8361025482102573
3,3,True,0.45,0.228956,2.410835673334096,1.3721600078851564
3,3,True,0.5,0.14259592,2.6457834585,0.9663579046406394
0,0,False,0.4,0.24658911,2.175888028207952,1.4550171922704864
2,2,True,0.75,0.11681641,3.82052210425,0.8452211671216057
4,4,True,0.6,0.07003959,3.1156790288318073,0.6254190320307176
5,5,True,0.6,0.0821108,3.1156790288318073,0.6821410862644111
6,6,True,0.4,0.09347699,2.175888028207952,0.7355502899306223
1,1,True,0.45,0.11747117,2.410835673334096,0.848297875644854
7,7,True,0.5,0.13078858,2.6457834585,0.9108757624363877
2,2,False,0.7,0.13683698,3.5855743190840963,0.939296901619943
7,7,True,0.55,0.12501739,2.880731243665904,0.883757203074591
2,2,True,0.65,0.10139446,3.3506265339181924,0.7727541276527428
4,4,True,0.6,0.1479007,3.1156790288318073,0.9912848417683314
2,2,True,0.65,0.53665507,3.3506265339181924,2.8180239601367143
2,2,True,0.65,0.0678704,3.3506265339181924,0.6152260981053799
6,6,True,0.45,0.4020567,2.410835673334096,2.1855523120416764
7,7,False,0.6,0.9456048,3.1156790288318073,4.739660181202066
2,2,True,0.65,0.13531125,3.3506265339181924,0.9321275661391133
7,7,False,0.55,0.17893934,2.880731243665904,1.1371340105136456
3,3,True,0.5,0.15404972,2.6457834585,1.0201788251993917
2,2,True,0.55,0.12191527,2.880731243665904,0.8691804995319465
6,6,False,0.5,0.38721904,2.6457834585,2.1158308570850366
0,0,True,0.45,0.11117302,2.410835673334096,0.8187031332579177
6,6,True,0.45,0.6813224,2.410835673334096,3.497809161252206
5,5,True,0.75,0.11987558,3.82052210425,0.8595960733710013
2,2,True,0.6,0.059464708,3.1156790288318073,0.5757281290452978
5,5,True,0.65,0.21229632,3.3506265339181924,1.2938769421600533
7,7,False,0.6,0.16801503,3.1156790288318073,1.0858011763595794
0,0,True,0.4,0.07941266,2.175888028207952,0.6694626566699355
2,2,True,0.6,0.15531766,3.1156790288318073,1.0261368167616909
7,7,False,0.55,0.059420124,2.880731243665904,0.5755186295652837
3,3,True,0.5,0.110774435,2.6457834585,0.8168302065061941
3,3,False,0.55,0.043706797,2.880731243665904,0.5016824213690826
3,3,False,0.7,0.045958634,3.5855743190840963,0.5122637030521169
6,6,True,0.45,0.0766468,2.410835673334096,0.6564659867222971
7,7,True,0.55,0.3386184,2.880731243665904,1.8874586388202437
0,0,True,0.45,0.133334,2.410835673334096,0.9228365582839833
1,1,False,0.5,0.119157806,2.6457834585,0.8562232857865099
4,4,True,0.6,0.06856716,3.1156790288318073,0.6185001226495772
2,2,True,0.55,0.22227547,2.880731243665904,1.3407684853656525
2,2,True,0.7,0.3660226,3.5855743190840963,2.016229678831148
1,1,True,0.5,0.17881323,2.6457834585,1.1365414322718812
0,0,True,0.45,0.08967902,2.410835673334096,0.7177037980465013
4,4,False,0.55,0.2054555,2.880731243665904,1.2617322157947903
7,7,False,0.6,0.21268097,3.1156790288318073,1.2956843653143326
4,4,True,0.65,0.078918554,3.3506265339181924,0.6671408674794987
7,7,True,0.6,0.068904124,3.1156790288318073,0.620083517198808
7,7,True,0.6,0.093765214,3.1156790288318073,0.7369046494534073
4,4,False,0.7,0.22226146,3.5855743190840963,1.3407026666787498
7,7,False,0.5,0.13196178,2.6457834585,0.9163885676036567
2,2,False,0.65,0.104680166,3.3506265339181924,0.788193511123032
7,7,True,0.6,0.12051361,3.1156790288318073,0.8625941495693646
6,6,True,0.45,0.083094105,2.410835673334096,0.6867615930949289
4,4,False,0.6,0.1292405,3.1156790288318073,0.9036013971360323
3,3,True,0.6,0.08806833,3.1156790288318073,0.7101352442216542
3,3,True,0.6,0.24684559,3.1156790288318073,1.456222374439605
7,7,True,0.45,0.12736863,2.410835673334096,0.8948055698700264
7,7,True,0.7,0.102268696,3.5855743190840963,0.7768621239739146
4,4,True,0.65,0.17662518,3.3506265339181924,1.1262598531788637
1,1,True,0.55,0.20759115,2.880731243665904,1.2717675349709598
5,5,True,0.6,0.20052838,3.1156790288318073,1.2385799325176856
4,4,False,0.65,0.11746764,3.3506265339181924,0.848281280933369
3,3,True,0.55,0.19825304,2.880731243665904,1.22788817696948
2,2,False,0.55,0.28604624,2.880731243665904,1.6404244421425915
6,6,True,0.55,0.117920004,2.880731243665904,0.8504069094308715
3,3,True,0.85,0.058978528,4.290417674581807,0.5734435904308527
2,2,True,0.65,0.1938729,3.3506265339181924,1.2073061134159304
1,1,True,0.55,0.1281598,2.880731243665904,0.8985232753818405
5,5,True,0.6,0.15226239,3.1156790288318073,1.0117802207108324
5,5,True,0.65,0.112466656,3.3506265339181924,0.8247818741027314
3,3,True,0.5,0.19232242,2.6457834585,1.200020474914946
0,0,False,0.45,0.101330124,2.410835673334096,0.7724518168222076
3,3,True,0.6,0.053618416,3.1156790288318073,0.5482566694898945
5,5,True,0.6,0.16955487,3.1156790288318073,1.0930368206664696
7,7,True,0.85,0.0779667,4.290417674581807,0.6626681376050536
4,4,False,0.6,0.07917366,3.1156790288318073,0.6683396078196863
2,2,False,0.7,0.13206625,3.5855743190840963,0.9168794769801202
0,0,False,0.5,0.07013116,2.6457834585,0.6258493041913749
6,6,False,0.6,0.07437734,3.1156790288318073,0.6458019240365065
3,3,False,0.5,0.07285959,2.6457834585,0.6386700842012476
2,2,True,0.7,0.057258915,3.5855743190840963,0.5653632087904865
4,4,True,0.55,0.1458125,2.880731243665904,0.9814724658890754
4,4,False,0.8,0.19567262,4.055469889415903,1.215762904424507
3,3,True,0.6,0.19312112,3.1156790288318073,1.2037735404660004
2,2,True,0.65,0.2471242,3.3506265339181924,1.457531536130054
1,1,True,0.55,0.03997085,2.880731243665904,0.4841273697291757
0,0,False,0.4,0.06498284,2.175888028207952,0.6016575758003633
3,3,False,0.5,0.08984949,2.6457834585,0.7185048254700845
3,3,True,0.55,0.15698951,2.880731243665904,1.0339927671827
6,6,True,0.55,0.04292797,2.880731243665904,0.4980227448325565
3,3,False,0.55,0.18979803,2.880731243665904,1.1881584771175842
4,4,False,0.6,0.058329888,3.1156790288318073,0.5703956600781545
2,2,False,0.6,0.12923443,3.1156790288318073,0.9035728990450009
5,5,True,0.7,0.09794591,3.5855743190840963,0.7565495669372682
4,4,True,0.55,0.1299698,2.880731243665904,0.9070283801073991
4,4,True,0.65,0.10860113,3.3506265339181924,0.8066179470940636
3,3,True,0.55,0.07459804,2.880731243665904,0.6468389534645642
4,4,False,0.6,0.036401883,3.1156790288318073,0.467356960861006
3,3,False,0.45,0.28066108,2.410835673334096,1.6151198177838848
3,3,True,0.65,0.10983047,3.3506265339181924,0.8123945521580416
5,5,True,0.7,0.11149355,3.5855743190840963,0.8202092958798571
4,4,False,0.6,0.06593439,3.1156790288318073,0.6061288702672749
0,0,False,0.35,0.21559358,1.9409402430420482,1.3093705910370976
1,1,True,0.6,0.118948326,3.1156790288318073,0.8552389463179143
4,4,True,0.6,0.19030528,3.1156790288318073,1.1905420238419024
4,4,False,0.6,0.29480946,3.1156790288318073,1.681602433185868
4,4,False,0.6,0.21212973,3.1156790288318073,1.293094119905188
7,7,False,0.7,0.16790022,3.5855743190840963,1.0852616731866154
5,5,False,0.7,0.24447043,3.5855743190840963,1.445061625737277
7,7,False,0.6,0.25579453,3.1156790288318073,1.4982730232433814
0,0,True,0.45,0.1634729,2.410835673334096,1.0644579266939864
2,2,True,0.55,0.0928023,2.880731243665904,0.7323799648282368
1,1,True,0.55,0.23769888,2.880731243665904,1.4132424217926645
0,0,True,0.45,0.06739959,2.410835673334096,0.6130137849968287
2,2,True,0.75,0.37759268,3.82052210425,2.0705970345309526
4,4,True,0.65,0.10534441,3.3506265339181924,0.7913147522897593
3,3,True,0.5,0.15042266,2.6457834585,1.0031354263253047
2,2,False,0.65,0.048801705,3.3506265339181924,0.5256231635013674
1,1,True,0.6,0.08598518,3.1156790288318073,0.7003466400915508
1,2,True,0.4,0.13154487,2.175888028207952,0.9144295514098619
7,7,False,0.6,0.10050115,3.1156790288318073,0.7685565058855754
3,3,False,0.5,0.10283453,2.6457834585,0.7795209538552097
0,0,True,0.5,0.06315451,2.6457834585,0.5930663466227937
7,7,True,0.55,0.09652869,2.880731243665904,0.7498900812103565
7,7,True,0.7,0.13924073,3.5855743190840963,0.9505920184713842
5,5,True,0.65,0.1827279,3.3506265339181924,1.1549362848437463
4,4,True,0.6,0.21614347,3.1156790288318073,1.311954534657071
4,4,False,0.5,0.067728646,2.6457834585,0.6145599989899474
1,1,True,0.55,0.07315556,2.880731243665904,0.6400608190515282
2,2,True,0.65,0.11179491,3.3506265339181924,0.8216253779265834
7,7,True,0.55,0.040896755,2.880731243665904,0.48847815998315136
6,6,True,0.4,0.09575184,2.175888028207952,0.7462396998128584
6,6,False,0.5,0.119382836,2.6457834585,0.8572806909995555
7,7,True,0.55,0.15502645,2.880731243665904,1.0247684182530292
0,0,False,0.45,0.13376567,2.410835673334096,0.9248649641785448
7,7,True,0.55,0.07854663,2.880731243665904,0.6653932062925296
3,3,True,0.55,0.1832472,2.880731243665904,1.1573764076308488
0,0,True,0.4,0.074638225,2.175888028207952,0.6470277970800715
6,6,True,0.55,0.14396131,2.880731243665904,0.9727738262160708
4,4,False,0.6,0.09334362,3.1156790288318073,0.7349236120074518
3,5,True,0.7,0.11228777,3.5855743190840963,0.8239412854471267
3,3,True,0.55,0.057237517,2.880731243665904,0.5652626602432606
5,5,True,0.6,0.1119981,3.1156790288318073,0.8225801690059524
2,2,True,0.65,0.11923913,3.3506265339181924,0.8566054192798844
7,7,True,0.55,0.10748256,2.880731243665904,0.8013618348057157
6,6,False,0.4,0.15592834,2.175888028207952,1.0290063714708944
3,3,True,0.45,0.101575,2.410835673334096,0.7736024885149922
5,5,True,0.7,0.29994482,3.5855743190840963,1.7057332442815547
2,2,True,0.65,0.19059063,3.3506265339181924,1.191882904537848
6,6,False,0.4,0.06703671,2.175888028207952,0.6113086258768277
3,3,True,0.55,0.16867538,2.880731243665904,1.0889041073277692
2,2,True,0.75,0.066136345,3.82052210425,0.6070778496966301
3,3,True,0.5,0.15847416,2.6457834585,1.0409690578552415
0,0,True,0.45,0.13394067,2.410835673334096,0.9256872776455519
4,4,True,0.55,0.21651657,2.880731243665904,1.3137076924045952
0,0,True,0.35,0.08479701,1.9409402430420482,0.6947634649451995
1,1,True,0.7,0.07835225,3.5855743190840963,0.6644798319719936
7,7,False,0.55,0.11771645,2.880731243665904,0.8494504028644502
6,6,False,0.45,0.06410311,2.410835673334096,0.5975237771535279
1,1,True,0.55,0.11459834,2.880731243665904,0.8347985679909049
0,0,True,0.55,0.055146955,2.880731243665904,0.5554392037180446
0,0,True,0.45,0.15452649,2.410835673334096,1.0224191112498766
4,4,False,0.55,0.07027131,2.880731243665904,0.6265078761697414
1,1,True,0.65,0.11365361,3.3506265339181924,0.8303593076189487
0,0,True,0.45,0.16447331,2.410835673334096,1.0691587813364416
6,6,True,0.55,0.09571843,2.880731243665904,0.7460827152426072
4,4,True,0.65,0.09460171,3.3506265339181924,0.7408353204292798
3,3,True,0.5,0.088250905,2.6457834585,0.7109931627974806
4,4,True,0.65,0.076740384,3.3506265339181924,0.6569057465766515
1,1,True,0.7,0.047002945,3.5855743190840963,0.5171708712700605
3,3,True,0.55,0.09975209,2.880731243665904,0.7650367115636878
4,4,False,0.55,0.28219607,2.880731243665904,1.6223327056298777
2,2,False,0.6,0.15652125,3.1156790288318073,1.0317923924636352
3,3,True,0.5,0.1880627,2.6457834585,1.1800042420091215
0,0,True,0.4,0.05855381,2.175888028207952,0.5714478663151337
7,7,True,0.5,0.068084806,2.6457834585,0.616233579144211
1,1,True,0.7,0.17234385,3.5855743190840963,1.1061420914474978
0,0,True,0.4,0.111587055,2.175888028207952,0.8206486706248733
2,2,False,0.65,0.18363938,3.3506265339181924,1.1592192608442482
5,5,True,0.85,0.113324,4.290417674581807,0.8288105028902817
7,7,True,0.55,0.082826145,2.880731243665904,0.685502460608514
2,2,True,0.7,0.06914867,3.5855743190840963,0.6212326134442998
1,1,True,0.65,0.16568355,3.3506265339181924,1.0748456559246047
3,3,False,0.45,0.13291621,2.410835673334096,0.9208734109172871
4,4,True,0.55,0.31956157,2.880731243665904,1.7979114750503995
6,6,False,0.4,0.12698899,2.175888028207952,0.8930216733953209
0,0,False,0.6,0.50505817,3.1156790288318073,2.669551566618924
5,5,True,0.7,0.19351493,3.5855743190840963,1.2056240258462854
0,0,False,0.55,0.09400816,2.880731243665904,0.7380462535717727
4,4,False,0.55,0.15234198,2.880731243665904,1.0121541968882237
5,5,True,0.6,0.19705477,3.1156790288318073,1.2222575983645827
5,5,False,0.6,0.092263654,3.1156790288318073,0.7298488862174248
0,0,False,0.4,0.17609997,2.175888028207952,1.1237919324995267
5,5,True,0.7,0.09165278,3.5855743190840963,0.7269784212497853
2,2,True,0.55,0.23434526,2.880731243665904,1.397483887710776
6,6,True,0.65,0.1020758,3.3506265339181924,0.7759557166314072
1,1,True,0.5,0.09063451,2.6457834585,0.7221936127715892
4,4,True,0.65,0.4565062,3.3506265339181924,2.4414080332811783
6,6,True,0.45,0.11792302,2.410835673334096,0.8504210884565074
3,3,True,0.6,0.11043978,3.1156790288318073,0.8152576650383143
0,0,False,0.35,0.17570727,1.9409402430420482,1.1219466285903383
5,5,True,0.65,0.104318395,3.3506265339181924,0.7864935684840675
2,2,True,0.6,0.13968144,3.1156790288318073,0.9526629264329138
1,1,True,0.75,0.09420149,3.82052210425,0.738954691490791
2,2,True,0.6,0.17398903,3.1156790288318073,1.1138727062838731
5,5,True,0.65,0.121256866,3.3506265339181924,0.8660866711481155
0,0,True,0.3,0.14858824,1.7059925979159036,0.9945155590169443
7,7,False,0.55,0.2255616,2.880731243665904,1.3562098994124527
7,7,True,0.6,0.0811929,3.1156790288318073,0.6778279316957654
4,4,False,0.6,0.13057573,3.1156790288318073,0.9098755984749834
1,1,True,0.65,0.115633786,3.3506265339181924,0.8396640743804366
5,5,True,0.65,0.13764295,3.3506265339181924,0.9430841368722831
3,3,True,0.55,0.15703933,2.880731243665904,1.0342268436404833
7,7,False,0.6,0.36971453,3.1156790288318073,2.033577944261378
1,1,True,0.5,0.059640046,2.6457834585,0.5765520354645677
3,3,False,0.5,0.074358046,2.6457834585,0.645711248292316
6,6,False,0.55,0.01745687,2.880731243665904,0.3783352087633395
6,6,True,0.6,0.35501927,3.1156790288318073,1.9645255992749975
4,4,True,0.6,0.1479788,3.1156790288318073,0.9916518159577544
4,4,True,0.6,0.1273264,3.1156790288318073,0.8946071335310024
5,5,True,0.7,0.2942322,3.5855743190840963,1.6788898630469158
6,6,True,0.45,0.26995888,2.410835673334096,1.564830699956386
7,7,True,0.6,0.10246008,3.1156790288318073,0.7777614242986342
6,6,True,0.6,0.073106855,3.1156790288318073,0.6398319590747816
6,6,True,0.5,0.076723315,2.6457834585,0.6568255388044736
4,4,False,0.65,0.061758842,3.3506265339181924,0.5865081621568147
4,4,False,0.55,0.0062208963,2.880731243665904,0.32553787600386674
4,4,False,0.6,0.056919742,3.1156790288318073,0.5637694512990625
2,2,False,0.65,0.112324715,3.3506265339181924,0.8241148997388029
7,7,True,0.55,0.088483535,2.880731243665904,0.712086278149165
4,4,True,0.65,0.13533005,3.3506265339181924,0.9322159312272743
0,0,False,0.45,0.19314659,2.410835673334096,1.20389320444038
3,3,True,0.55,0.13096094,2.880731243665904,0.9116856823846907
6,6,True,0.45,0.12330936,2.410835673334096,0.8757312443857092
4,4,True,0.5,0.11470914,2.6457834585,0.8353192008062942
5,5,True,0.65,0.14064321,3.3506265339181924,0.9571822195273486
6,6,True,0.5,0.093675524,2.6457834585,0.73648319979759
3,3,True,0.5,0.09408152,2.6457834585,0.7383909614394564
4,4,True,0.75,0.10417256,3.82052210425,0.7858082839216016
0,0,True,0.5,0.07625233,2.6457834585,0.6546123854573662
4,4,False,0.7,0.08632617,3.5855743190840963,0.7019489049983565
2,2,True,0.65,0.07803089,3.3506265339181924,0.6629697832467316
1,1,True,0.65,0.12251314,3.3506265339181924,0.8719898371446221
2,2,True,0.6,0.11338076,3.1156790288318073,0.8290772086119975
2,2,True,0.65,0.10438515,3.3506265339181924,0.7868072575450512
6,6,True,0.55,0.059161343,2.880731243665904,0.574302629324754
1,1,True,0.65,0.061846025,3.3506265339181924,0.5869178309678749
6,6,False,0.55,0.15012877,2.880731243665904,1.0017544242383
5,5,True,0.7,0.18144073,3.5855743190840963,1.1488878976167753
2,2,True,0.65,0.08957217,3.3506265339181924,0.7172017204992283
0,0,True,0.35,0.072706684,1.9409402430420482,0.6379515752058718
6,6,True,0.5,0.13175482,2.6457834585,0.9154160614947277
4,4,False,0.55,0.0524886,2.880731243665904,0.5429477096973551
6,6,False,0.5,0.06462903,2.6457834585,0.5999950587870897
5,5,True,0.7,0.17659709,3.5855743190840963,1.1261278657056597
2,2,True,0.6,0.10048505,3.1156790288318073,0.768480849405577
2,2,True,0.7,0.07015337,3.5855743190840963,0.6259536688220436
2,2,True,0.75,0.075086914,3.82052210425,0.649136165677232
6,6,True,0.55,0.13060054,2.880731243665904,0.9099921815746571
2,2,True,0.8,0.057318114,4.055469889415903,0.5656413802675005
7,7,False,0.5,0.1494505,2.6457834585,0.9985672593548505
5,5,True,0.5,0.40862334,2.6457834585,2.216408672620757
5,5,True,0.55,0.14938997,2.880731243665904,0.9982828386035747
4,4,False,0.55,0.17603381,2.880731243665904,1.1234810442337304
2,2,True,0.75,0.08009017,3.82052210425,0.6726462505395212
6,6,False,0.45,0.075789474,2.410835673334096,0.6524374629645663
6,6,False,0.45,0.15824953,2.410835673334096,1.0399135081690074
1,1,True,0.55,0.06019636,2.880731243665904,0.5791661226427448
6,6,True,0.6,0.1414799,3.1156790288318073,0.9611137657517173
5,5,True,0.65,0.18971083,3.3506265339181924,1.1877487207816744
6,6,False,0.6,0.13445023,3.1156790288318073,0.9280816774512209
2,2,True,0.65,0.08358105,3.3506265339181924,0.6890497377331777
2,2,False,0.6,0.17250232,3.1156790288318073,1.1068867528679354
3,3,True,0.65,0.13616672,3.3506265339181924,0.9361474074317633
6,6,False,0.55,0.16933183,2.880731243665904,1.0919887631073615
7,7,True,0.55,0.13932063,2.880731243665904,0.950967465066249
1,1,True,0.55,0.060140725,2.880731243665904,0.5789047034219451
7,7,True,0.55,0.16731025,2.880731243665904,1.0824894461101722
4,4,True,0.65,0.19083329,3.3506265339181924,1.19302310825862
5,5,False,0.6,0.15029024,3.1156790288318073,1.0025131596545542
1,1,True,0.55,0.13679764,2.880731243665904,0.9391120491375775
0,0,True,0.4,0.091591775,2.175888028207952,0.7266917598623596
7,7,True,0.65,0.07709531,3.3506265339181924,0.6585735150809013
0,0,False,0.45,0.9872357,2.410835673334096,4.935282001142331
4,4,False,0.7,0.15987797,3.5855743190840963,1.0475654906804976
1,1,True,0.6,0.05530625,3.1156790288318073,0.5561877162318649
1,1,True,0.5,0.38097462,2.6457834585,2.0864886063842407
7,7,False,0.7,0.11582918,3.5855743190840963,0.8405822100527911
5,5,False,0.6,0.112079196,3.1156790288318073,0.8229612171911919
6,6,True,0.5,0.07803999,2.6457834585,0.6630125303832786
2,2,False,0.7,0.102289505,3.5855743190840963,0.7769599067358931
7,7,True,0.65,0.1287159,3.3506265339181924,0.9011363472717622
2,2,False,0.6,0.0799401,3.1156790288318073,0.6719410803312251
5,5,True,0.65,0.07315765,3.3506265339181924,0.6400706568446238
0,0,True,0.45,0.07835701,2.410835673334096,0.6645022033235526
0,0,False,0.4,0.17166421,2.175888028207952,1.1029484847351172
6,6,True,0.55,0.14592752,2.880731243665904,0.9820129493403551
6,6,False,0.55,0.2021963,2.880731243665904,1.2464173976904585
7,7,False,0.65,0.051907398,3.3506265339181924,0.540216671815136
6,6,False,0.5,0.14833678,2.6457834585,0.9933339735472794
3,3,True,0.5,0.14363983,2.6457834585,0.9712632173317713
1,1,True,0.55,0.11167375,2.880731243665904,0.8210560462848739
5,5,True,0.6,0.15483417,3.1156790288318073,1.0238648817255886
5,5,True,0.55,0.21399392,2.880731243665904,1.3018538869331564
2,2,False,0.6,0.23141508,3.1156790288318073,1.3837151085498636
4,4,False,0.55,0.12603565,2.880731243665904,0.8885419415329074
1,1,True,0.55,0.116357885,2.880731243665904,0.8430665854038538
0,0,True,0.4,0.13246606,2.175888028207952,0.9187581803719176
4,4,False,0.55,0.07935584,2.880731243665904,0.669195670868701
7,7,True,0.55,0.07702229,2.880731243665904,0.6582304176704504
4,4,False,0.55,0.070232905,2.880731243665904,0.6263273999298562
7,7,True,0.75,0.07697496,3.82052210425,0.6580079995226347
7,7,True,0.65,0.14920346,3.3506265339181924,0.9974064697894516
7,7,True,0.6,0.16913672,3.1156790288318073,1.0910719228027812
0,0,True,0.45,0.08281977,2.410835673334096,0.6854724921000093
1,1,False,0.65,0.28583574,3.3506265339181924,1.6394353413221774
0,0,True,0.35,0.07906803,1.9409402430420482,0.6678432368926075
7,7,True,0.7,0.14452875,3.5855743190840963,0.9754401832344318
2,2,True,0.6,0.101515934,3.1156790288318073,0.7733249297119255
7,7,True,0.75,0.06065741,3.82052210425,0.581332590235073
0,0,False,0.45,0.1784657,2.410835673334096,1.1349083586180146
3,3,True,0.65,0.06713817,3.3506265339181924,0.611785391237595
2,2,True,0.55,0.3177399,2.880731243665904,1.7893515447590485
5,5,True,0.6,0.19337246,3.1156790288318073,1.204954565776628
2,2,False,0.5,0.16835676,2.6457834585,1.087406942260369
4,4,True,0.65,0.08076131,3.3506265339181924,0.6757999109105421
5,5,True,0.65,0.43843427,3.3506265339181924,2.356488903478918
4,4,False,0.65,0.107246526,3.3506265339181924,0.8002527199115234
7,7,True,0.6,0.11054228,3.1156790288318073,0.8157393317906596
3,3,True,0.55,0.07175089,2.880731243665904,0.6334603250732502
0,0,True,0.35,0.06567613,1.9409402430420482,0.6049153207225342
7,7,True,0.7,0.078659765,3.5855743190840963,0.6659248322290292
5,5,True,0.6,0.13955665,3.1156790288318073,0.9520765099405615
0,0,True,0.4,0.18329105,2.175888028207952,1.1575824761367586
4,4,True,0.65,0.16005231,3.3506265339181924,1.048384723272799
2,2,False,0.7,0.2679168,3.5855743190840963,1.5552350356047515
5,5,True,0.65,0.20935853,3.3506265339181924,1.2800723828406224
5,5,True,0.6,0.11534068,3.1156790288318073,0.8382867833470552
6,6,True,0.5,0.107923456,2.6457834585,0.8034335830058015
0,0,True,0.45,0.11930317,2.410835673334096,0.8569063297128259
0,0,False,0.45,0.04844002,2.410835673334096,0.5239236234767111
5,5,False,0.65,0.13064559,3.3506265339181924,0.9102038516709414
1,1,True,0.6,0.144184,3.1156790288318073,0.9738202032980663
0,0,True,0.5,0.14598466,2.6457834585,0.9822814755789426
5,5,True,0.6,0.09866338,3.1156790288318073,0.7599209191142261
5,5,False,0.6,0.1269471,3.1156790288318073,0.8928248475135296
5,5,True,0.7,0.5250656,3.5855743190840963,2.76356557859332
3,3,True,0.55,0.17845769,2.880731243665904,1.1348707579426245
5,5,True,0.7,0.32306153,3.5855743190840963,1.8143576043507832
2,2,True,0.7,0.057882566,3.5855743190840963,0.568293715804955
5,5,True,0.7,0.28817806,3.5855743190840963,1.6504417662096822
5,5,True,0.6,0.24296464,3.1156790288318073,1.4379859768554644
5,5,True,0.65,0.20601283,3.3506265339181924,1.2643510993347258
5,5,True,0.75,0.2132662,3.82052210425,1.298434326069036
7,7,True,0.5,0.074872404,2.6457834585,0.6481281944992432
6,6,True,0.5,0.10185201,2.6457834585,0.7749041230683752
1,1,True,0.6,0.30655882,3.1156790288318073,1.73681212803827
1,1,True,0.55,0.055991646,2.880731243665904,0.5594083681227733
0,0,False,0.4,0.14613113,2.175888028207952,0.9829697009763552
5,5,True,0.6,0.25840896,3.1156790288318073,1.5105581511736728
6,6,True,0.6,0.14193605,3.1156790288318073,0.9632572143085993
4,4,True,0.7,0.1004896,3.5855743190840963,0.7685022404788204
3,3,False,0.6,0.06595373,3.1156790288318073,0.6062197560711045
1,1,False,0.5,0.106341064,2.6457834585,0.795997996932474
7,7,True,0.55,0.13594039,2.880731243665904,0.9350838754792452
7,7,True,0.55,0.06498315,2.880731243665904,0.6016590462178366
3,3,True,0.45,0.078860156,2.410835673334096,0.6668664595710176
0,0,False,0.45,0.1218849,2.410835673334096,0.869037764007211
6,6,True,0.5,0.074529886,2.6457834585,0.6465187175448301
5,5,True,0.75,0.17145284,3.82052210425,1.1019552527418017
3,3,True,0.5,0.15347221,2.6457834585,1.0174651347423644
1,1,True,0.65,0.089675866,3.3506265339181924,0.7176889888419482
7,7,True,0.6,0.16917631,3.1156790288318073,1.0912579656231012
2,2,True,0.55,0.14163914,2.880731243665904,0.9618620682058986
4,4,False,0.6,0.18554509,3.1156790288318073,1.168174103257016
1,1,True,0.65,0.097858846,3.3506265339181924,0.7561404407802754
7,7,True,0.6,0.09161744,3.1156790288318073,0.726812369105115
3,3,True,0.5,0.0017126682,2.6457834585,0.30435391718831223
1,1,False,0.55,0.13188674,2.880731243665904,0.9160359474895688
3,3,True,0.55,0.08346681,2.880731243665904,0.6885129303255814
1,1,True,0.6,0.090769276,3.1156790288318073,0.72282687256345
0,0,True,0.5,0.102145076,2.6457834585,0.7762812390520574
4,4,False,0.6,0.31193903,3.1156790288318073,1.7620935057969216
3,3,False,0.55,0.11534638,2.880731243665904,0.8383135659510343
7,7,True,0.5,0.0627938,2.6457834585,0.5913713753952867
0,0,False,0.55,0.049165633,2.880731243665904,0.5273332415179162
2,2,False,0.6,0.24308889,3.1156790288318073,1.4385698026122684
2,2,True,0.55,0.080057435,2.880731243665904,0.6724924168638559
7,7,True,0.5,0.06420387,2.6457834585,0.5979972515799501
3,3,False,0.6,0.05646116,3.1156790288318073,0.561614589501792
6,6,True,0.5,0.23811352,2.6457834585,1.4151907949647473
2,2,False,0.6,0.12156159,3.1156790288318073,0.8675185426777104
2,2,True,0.6,0.09754574,3.1156790288318073,0.7546691830683583
0,0,True,0.45,0.3749545,2.410835673334096,2.0582002949124454
4,4,True,0.65,0.13322929,3.3506265339181924,0.9223445285894448
7,7,True,0.6,0.08185856,3.1156790288318073,0.6809558247510625
2,2,False,0.65,0.104466364,3.3506265339181924,0.7871888658893282
5,5,True,0.6,0.18022773,3.1156790288318073,1.143188069350871
3,3,True,0.5,0.14858663,2.6457834585,0.9945079968699385
3,3,True,0.45,0.12910235,2.410835673334096,0.9029522428314832
6,6,True,0.4,0.11494988,2.175888028207952,0.8364504419824665
5,5,True,0.6,0.061097864,3.1156790288318073,0.5834022553437381
1,1,True,0.6,0.07595872,3.1156790288318073,0.6532327487580154
5,5,True,0.55,0.13963515,2.880731243665904,0.9524453746667361
3,3,True,0.5,0.071423404,2.6457834585,0.6319214981774381
2,2,True,0.65,0.07115937,3.3506265339181924,0.63068081592932
5,5,True,0.75,0.37852544,3.82052210425,2.074979998919643
6,6,False,0.6,0.07315542,3.1156790288318073,0.6400601538626712
4,4,False,0.7,0.17631853,3.5855743190840963,1.1248189140748497
5,5,True,0.55,0.07162483,2.880731243665904,0.6328679919010647
2,2,True,0.65,0.07798291,3.3506265339181924,0.6627443192341496
5,5,True,0.65,0.08472467,3.3506265339181924,0.6944235534392742
3,3,True,0.5,0.08206114,2.6457834585,0.6819077450153646
4,4,True,0.6,0.16158208,3.1156790288318073,1.0555730341410228
0,0,True,0.4,0.082549565,2.175888028207952,0.684202821621702
4,4,True,0.55,0.18621701,2.880731243665904,1.1713314396717203
4,4,False,0.6,0.048762754,3.1156790288318073,0.5254401315358739
6,6,False,0.4,0.16582361,2.175888028207952,1.0755037727737533
3,3,True,0.65,0.10922702,3.3506265339181924,0.8095589570904846
3,3,True,0.6,0.12595297,3.1156790288318073,0.8881534712404214
3,3,False,0.45,0.12766686,2.410835673334096,0.896206947742019
3,3,True,0.6,0.09338387,3.1156790288318073,0.7351127357024779
1,1,True,0.65,0.06419838,3.3506265339181924,0.5979714492542866
1,1,True,0.6,0.12397759,3.1156790288318073,0.8788712158702519
7,7,False,0.65,0.12246282,3.3506265339181924,0.8717533800109297
2,2,True,0.55,0.1238314,2.880731243665904,0.8781842858406134
6,6,True,0.55,0.3959815,2.880731243665904,2.1570052070945698
3,3,True,0.55,0.09312437,2.880731243665904,0.7338933394977836
5,5,True,0.75,0.1237486,3.82052210425,0.8777952203791501
2,2,True,0.6,0.08114102,3.1156790288318073,0.6775841224747062
1,1,True,0.5,0.09041256,2.6457834585,0.7211506666636982
6,6,True,0.7,0.113664165,3.5855743190840963,0.8304089167037046
7,7,True,0.55,0.048594862,2.880731243665904,0.5246512175514759
5,5,True,0.7,0.30283833,3.5855743190840963,1.7193297045185651
4,4,False,0.6,0.17125829,3.1156790288318073,1.1010410731926494
0,0,False,0.4,0.32861412,2.175888028207952,1.8404489720776178
2,2,True,0.6,0.113985665,3.1156790288318073,0.8319196306178237
0,0,False,0.55,0.12380961,2.880731243665904,0.8780819167765156
4,4,False,0.55,0.10531299,2.880731243665904,0.7911671153734459
4,4,True,0.6,0.17038774,3.1156790288318073,1.096950441801639
0,0,True,0.5,0.09011682,2.6457834585,0.7197610171215527
3,3,True,0.5,0.1174174,2.6457834585,0.8480452089090148
7,7,False,0.6,0.023708474,3.1156790288318073,0.40771120904614344
0,0,False,0.4,0.18973185,2.175888028207952,1.1878475188319082
7,7,True,0.65,0.10091478,3.3506265339181924,0.7705001177058398
6,6,True,0.5,0.079903945,2.6457834585,0.6717711770931724
7,7,True,0.45,0.11059186,2.410835673334096,0.8159722879303677
6,6,True,0.45,0.06404783,2.410835673334096,0.5972640033999008
7,7,True,0.5,0.088892914,2.6457834585,0.7140099343037195
1,1,False,0.55,0.057380546,2.880731243665904,0.565934746058406
2,2,False,0.6,0.15812339,3.1156790288318073,1.0393207898874834
4,4,False,0.75,0.18212701,3.82052210425,1.152112733195495
1,1,True,0.45,0.06740572,2.410835673334096,0.6130425981773187
4,4,False,0.8,0.2201566,4.055469889415903,1.3308120085740072
3,3,True,0.55,0.14559264,2.880731243665904,0.9804393925842199
3,3,True,0.6,0.08217968,3.1156790288318073,0.6824647531582496
3,3,True,0.55,0.111472495,2.880731243665904,0.8201103577898639
1,1,True,0.5,0.06739571,2.6457834585,0.6129955448181711
3,3,True,0.5,0.22992988,2.6457834585,1.376736227141774
4,4,True,0.6,0.27544293,3.1156790288318073,1.5905999762366747
0,0,True,0.55,0.13033544,2.880731243665904,0.9087464578952017
7,7,False,0.45,0.11568563,2.410835673334096,0.8399076735418567
4,4,True,0.65,0.25653386,3.3506265339181924,1.5017471295937754
7,7,False,0.65,0.0819842,3.3506265339181924,0.681546197366617
3,3,True,0.7,0.08889686,3.5855743190840963,0.7140284895718356
6,6,True,0.6,0.09296907,3.1156790288318073,0.7331635923117186
6,6,False,0.45,0.09747165,2.410835673334096,0.7543210092166304
4,4,True,0.65,0.12983944,3.3506265339181924,0.906415776180045
5,5,False,0.8,0.04301102,4.055469889415903,0.4984130006319744
5,5,True,0.55,0.17300355,2.880731243665904,1.1092420115608612
2,2,True,0.55,0.098474264,2.880731243665904,0.7590322618112185
3,3,True,0.45,0.13832082,2.410835673334096,0.9462694112189812
3,3,True,0.5,0.02718414,2.6457834585,0.42404320594264255
1,1,True,0.55,0.06689353,2.880731243665904,0.6106358398628854
6,6,False,0.55,0.06328892,2.880731243665904,0.5936979259375421
7,7,True,0.5,0.13432103,2.6457834585,0.927474605094362
3,3,False,0.5,0.16358791,2.6457834585,1.0649983401253866
7,7,True,0.65,0.06608142,3.3506265339181924,0.6068197564201154
6,6,True,0.5,0.05454567,2.6457834585,0.5526137965429816
2,2,True,0.65,0.06752485,3.3506265339181924,0.6136023721054511
2,2,False,0.6,0.14142421,3.1156790288318073,0.9608521014613387
0,0,False,0.45,0.15947087,2.410835673334096,1.045652547567535
3,3,True,0.45,0.14072223,2.410835673334096,0.9575535349493122
2,2,True,0.6,0.2048485,3.1156790288318073,1.2588799559958685
2,2,True,0.65,0.13332944,3.3506265339181924,0.9228151322008
5,5,True,0.85,0.10581116,4.290417674581807,0.7935079849810966
1,1,True,0.6,0.1422612,3.1156790288318073,0.9647851181031807
5,5,True,0.65,0.057165116,3.3506265339181924,0.5649224511528466
3,3,True,0.5,0.29218742,2.6457834585,1.6692815951169382
0,0,False,0.55,0.039250974,2.880731243665904,0.4807447093416488
3,3,False,0.7,0.09785313,3.5855743190840963,0.7561135881564167
4,4,True,0.6,0.30163288,3.1156790288318073,1.7136653763316603
7,7,True,0.65,0.05918931,3.3506265339181924,0.5744340391339506
7,7,False,0.6,0.12552597,3.1156790288318073,0.8861469815682009
0,0,True,0.45,0.04093984,2.410835673334096,0.48868062246525723
5,5,False,0.6,0.18026319,3.1156790288318073,1.1433547166645184
7,7,True,0.65,0.18275793,3.3506265339181924,1.1550773749013092
2,2,False,0.5,0.31736326,2.6457834585,1.7875817222801595
1,1,True,0.5,0.05945263,2.6457834585,0.575671377932814
4,4,False,0.7,0.20889156,3.5855743190840963,1.27787809985109
5,5,True,0.65,0.16315506,3.3506265339181924,1.06296440266033
0,0,True,0.5,0.07498309,2.6457834585,0.6486483021655347
4,4,False,0.55,0.10238998,2.880731243665904,0.7774320157746615
7,7,False,0.55,0.117875956,2.880731243665904,0.850199930666526
4,4,True,0.5,0.11181962,2.6457834585,0.8217414708870993
3,3,True,0.7,0.187882,3.5855743190840963,1.1791551809480754
1,1,True,0.6,0.13320906,3.1156790288318073,0.9222495116127138
7,7,False,0.65,0.11234077,3.3506265339181924,0.8241903461591623
6,6,True,0.5,0.11169857,2.6457834585,0.8211726643944874
7,7,False,0.55,0.14921747,2.880731243665904,0.9974722884763544
6,6,True,0.65,0.077054515,3.3506265339181924,0.6583818356602668
2,2,True,0.8,0.14162703,4.055469889415903,0.9618051420437156
6,6,True,0.6,0.20595868,3.1156790288318073,1.2640966470919548
1,1,True,0.55,0.16701116,2.880731243665904,1.081084007085158
7,7,True,0.6,0.1726071,3.1156790288318073,1.1073790626419928
4,4,True,0.6,0.11736055,3.1156790288318073,0.8477780480580811
0,0,True,0.45,0.102629684,2.410835673334096,0.7785583905691957
6,6,True,0.5,0.21119219,2.6457834585,1.2886886791351189
5,5,False,0.6,0.12687448,3.1156790288318073,0.8924835706199505
2,2,True,0.55,0.16001631,2.880731243665904,1.0482155552434826
4,4,True,0.6,0.1551508,3.1156790288318073,1.025352734148991
0,0,False,0.6,0.08074713,3.1156790288318073,0.6757332519850832
1,1,True,0.55,0.08026794,2.880731243665904,0.6734815877041496
6,6,True,0.8,0.10493576,4.055469889415903,0.7893945271093095
3,3,False,0.55,0.1267115,2.880731243665904,0.8917177631958482
5,5,False,0.65,0.16333984,3.3506265339181924,1.0638326491684098
1,1,True,0.45,0.1096686,2.410835673334096,0.8116339262050359
4,4,True,0.55,0.05573957,2.880731243665904,0.5582238768281014
7,7,False,0.55,0.07995814,2.880731243665904,0.6720258393955825
2,2,True,0.6,0.0673093,3.1156790288318073,0.6125894995358845
6,6,False,0.8,0.1256909,4.055469889415903,0.8869220316164215
4,4,True,0.6,0.10116243,3.1156790288318073,0.7716638481061855
1,1,True,0.5,0.08027855,2.6457834585,0.6735314418584846
4,4,True,0.55,0.12557988,2.880731243665904,0.886400313492897
6,6,True,0.55,0.17366403,2.880731243665904,1.1123455727079683
6,6,True,0.45,0.110445224,2.410835673334096,0.8152832573043388
5,5,True,0.6,0.09470826,3.1156790288318073,0.7413359625690193
2,2,True,0.6,0.5035879,3.1156790288318073,2.6626428451302777
0,0,True,0.4,0.10186828,2.175888028207952,0.77498058477699
2,2,True,0.6,0.107638195,3.1156790288318073,0.8020931574390736
3,3,True,0.5,0.19202504,2.6457834585,1.1986230881760953
1,1,True,0.45,0.041609734,2.410835673334096,0.4918284186713546
4,4,True,0.7,0.26917696,3.5855743190840963,1.5611564767898554
2,2,False,0.65,0.085583664,3.3506265339181924,0.6984599194235296
5,5,True,0.7,0.09646075,3.5855743190840963,0.7495708605788778
2,2,True,0.6,0.10591827,3.1156790288318073,0.794011322886204
6,6,True,0.45,0.10047271,2.410835673334096,0.7684228729451987
4,4,False,0.55,0.19657241,2.880731243665904,1.2199909848393369
6,6,True,0.6,0.21494474,3.1156790288318073,1.3063217154160236
1,1,True,0.55,0.103069134,2.880731243665904,0.7806233468409522
2,2,False,0.55,0.18544212,2.880731243665904,1.1676902658884005
3,3,True,0.55,0.12731753,2.880731243665904,0.8945654717025905
0,0,False,0.45,0.074327916,2.410835673334096,0.6455696680955951
6,6,True,0.55,0.76057786,2.880731243665904,3.8702269762014168
1,1,True,0.65,0.08771686,3.3506265339181924,0.7084837203294909
3,3,True,0.55,0.12524325,2.880731243665904,0.8848184943909592
2,2,True,0.55,0.12465554,2.880731243665904,0.8820568753262882
4,4,True,0.55,0.108573556,2.880731243665904,0.8064883753067087
5,5,False,0.75,0.19623949,3.82052210425,1.2184266006874402
0,0,True,0.55,0.07853912,2.880731243665904,0.6653579162731689
3,3,True,0.55,0.112132795,2.880731243665904,0.8232130786984148
3,3,True,0.45,0.23664942,2.410835673334096,1.4083110617062902
4,4,False,0.65,0.084025,3.3506265339181924,0.6911358400085986
7,7,True,0.55,0.14586395,2.880731243665904,0.9817142445336238
3,3,True,0.55,0.11020587,2.880731243665904,0.8141585279769771
4,4,True,0.6,0.16397703,3.1156790288318073,1.066826769243571
0,0,False,0.55,0.14085388,2.880731243665904,0.9581721605863189
6,6,False,0.55,0.19190747,2.880731243665904,1.1980706313253897
5,5,False,0.6,0.07836357,3.1156790288318073,0.6645330120706134
1,1,True,0.7,0.07427175,3.5855743190840963,0.6453057631690667
0,0,False,0.65,0.22262274,3.3506265339181924,1.3424002986616848
1,1,True,0.55,0.056308642,2.880731243665904,0.5608979185282579
1,1,True,0.55,0.06649751,2.880731243665904,0.6087749565304674
0,0,False,0.55,0.08512302,2.880731243665904,0.6962953598729229
1,1,False,0.6,0.11742817,3.1156790288318073,0.8480957982720864
0,0,True,0.45,0.1287154,2.410835673334096,0.901133966595853
4,4,True,0.55,0.099861674,2.880731243665904,0.7655516377588827
5,5,False,0.65,0.107254416,3.3506265339181924,0.800289795437816
6,6,True,0.45,0.09732978,2.410835673334096,0.7536543849521002
0,0,True,0.35,0.06767566,1.9409402430420482,0.6143110082977916
1,1,True,0.85,0.062121645,4.290417674581807,0.5882129536724473
5,5,True,0.65,0.08557964,3.3506265339181924,0.6984410140560149
6,6,True,0.75,0.086395144,3.82052210425,0.702273027021413
3,3,True,0.5,0.27381438,2.6457834585,1.5829475035860265
6,6,False,0.5,0.08497572,2.6457834585,0.695603213362248
3,3,True,0.55,0.15912364,2.880731243665904,1.044020944331142
5,5,False,0.65,0.212965,3.3506265339181924,1.2970190142409865
5,5,True,0.6,0.21443318,3.1156790288318073,1.303917932946477
7,7,True,0.6,0.085532464,3.1156790288318073,0.6982193311169358
1,1,False,0.45,0.24384284,2.410835673334096,1.4421125984646324
6,6,True,0.6,0.13459067,3.1156790288318073,0.9287416148172413
1,1,True,0.6,0.059071533,3.1156790288318073,0.5738806195098994
2,2,False,0.7,0.098606296,3.5855743190840963,0.7596526729551573
4,4,True,0.6,0.1229697,3.1156790288318073,0.8741352112481955
5,5,True,0.65,0.10060043,3.3506265339181924,0.769023013333969
6,6,False,0.55,0.3140024,2.880731243665904,1.7717891585367447
3,3,True,0.55,0.076095894,2.880731243665904,0.6538773167604451
6,6,True,0.6,0.13665208,3.1156790288318073,0.9384280949528256
4,4,True,0.55,0.16992936,2.880731243665904,1.0947964902628045
0,0,True,0.5,0.05002391,2.6457834585,0.5313662465479467
3,3,True,0.5,0.09326205,2.6457834585,0.7345402881761226
7,7,False,0.55,0.119521596,2.880731243665904,0.8579327161191715
1,1,True,0.5,0.05600046,2.6457834585,0.5594497848816063
1,1,True,0.65,0.066499144,3.3506265339181924,0.6087826237072929
4,4,True,0.5,0.061018255,2.6457834585,0.5830281741365272
6,6,True,0.55,0.3073898,2.880731243665904,1.7407168566487197
2,2,False,0.65,0.15128173,3.3506265339181924,1.0071721424089586
7,7,False,0.55,0.36877048,2.880731243665904,2.0291419048038875
5,5,False,0.65,0.047428127,3.3506265339181924,0.5191687835070197
5,5,True,0.9,0.09119495,4.525365179668192,0.7248270954564388
5,5,True,0.65,0.10429131,3.3506265339181924,0.7863663073527422
5,5,False,0.65,0.13279696,3.3506265339181924,0.9203130418201773
2,2,True,0.6,0.055500403,3.1156790288318073,0.5571000402542057
0,0,True,0.5,0.06664253,2.6457834585,0.6094563899995508
0,0,False,0.45,0.1552119,2.410835673334096,1.0256398156556947
4,4,True,0.6,0.14485277,3.1156790288318073,0.9769627655181572
5,5,True,0.6,0.09243611,3.1156790288318073,0.7306592612949458
2,2,False,0.6,0.100582056,3.1156790288318073,0.7689366788223189
2,2,True,0.7,0.0688327,3.5855743190840963,0.6197479119154834
5,5,False,0.6,0.1462606,3.1156790288318073,0.9835781037109282
5,5,False,0.75,0.113325045,3.82052210425,0.8288154042818596
2,2,True,0.65,0.0988215,3.3506265339181924,0.7606639000575515
0,0,True,0.45,0.114013545,2.410835673334096,0.8320506378127122
3,3,False,0.45,0.087477915,2.410835673334096,0.7073609165488206
2,2,True,0.6,0.13433637,3.1156790288318073,0.9275466555505566
1,1,True,0.5,0.13962375,2.6457834585,0.9523918094587779
0,0,True,0.5,0.16795434,2.6457834585,1.085515985389627
7,7,False,0.65,0.08919261,3.3506265339181924,0.7154181741239212
7,7,True,0.65,0.09337319,3.3506265339181924,0.7350625314487446
2,2,True,0.65,0.069647826,3.3506265339181924,0.6235781393739495
5,5,False,0.8,0.06654189,4.055469889415903,0.6089834757321659
6,6,True,0.45,0.103716575,2.410835673334096,0.783665640593336
2,2,True,0.7,0.07596844,3.5855743190840963,0.6532784017195694
5,5,False,0.6,0.118563585,3.1156790288318073,0.853431068034417
1,1,False,0.55,0.23602132,2.880731243665904,1.405359653757736
0,0,True,0.45,0.15993398,2.410835673334096,1.0478286954082294
2,2,True,0.65,0.12959109,3.3506265339181924,0.905248824865234
2,2,True,0.6,0.18952443,3.1156790288318073,1.186872842106709
6,6,True,0.5,0.09246953,2.6457834585,0.7308162808751368
0,0,True,0.45,0.08724438,2.410835673334096,0.7062635299844754
4,4,True,0.65,0.074914746,3.3506265339181924,0.6483271559873648
1,1,True,0.5,0.072721,2.6457834585,0.6380188293003081
2,2,True,0.7,0.13989015,3.5855743190840963,0.9536436248677658
1,1,False,0.6,0.3486537,3.1156790288318073,1.9346140869523714
6,6,True,0.5,0.124078855,2.6457834585,0.8793470709725834
7,7,True,0.55,0.11089051,2.880731243665904,0.8173756263589915
4,4,False,0.6,0.13467588,3.1156790288318073,0.9291419884892735
3,3,False,0.45,0.18680309,2.410835673334096,1.174085391559566
0,0,True,0.35,0.13593924,1.9409402430420482,0.9350784839485096
1,1,False,0.55,0.15473965,2.880731243665904,1.023420745628754
2,2,False,0.65,0.05621278,3.3506265339181924,0.5604474631372818
6,6,True,0.45,0.15673955,2.410835673334096,1.0328181837010035
6,6,True,0.55,0.1481493,2.880731243665904,0.9924529834210971
1,1,True,0.5,0.10023435,2.6457834585,0.7673028349497759
6,6,True,0.5,0.136194,2.6457834585,0.9362756138314644
0,0,True,0.5,0.06255763,2.6457834585,0.5902616303221773
7,7,True,0.5,0.18484111,2.6457834585,1.1648661540811118
0,0,True,0.4,0.09214468,2.175888028207952,0.7292898474980289
4,4,False,0.6,0.110602595,3.1156790288318073,0.8160227372536799
6,6,True,0.45,0.059732348,2.410835673334096,0.5769857561042995
4,4,True,0.55,0.112710744,2.880731243665904,0.8259288347418928
7,7,True,0.55,0.09895256,2.880731243665904,0.7612797599093108
4,4,True,0.55,0.13791613,2.880731243665904,0.9443678113265271
3,3,True,0.55,0.07618226,2.880731243665904,0.6542831519830927
3,3,True,0.55,0.056929834,2.880731243665904,0.5638168722625785
7,7,True,0.65,0.10482568,3.3506265339181924,0.7888772902580847
3,3,False,0.5,0.10622642,2.6457834585,0.7954592989881262
3,3,False,0.5,0.22845139,2.6457834585,1.3697888546795423
4,4,False,0.6,0.16613874,3.1156790288318073,1.0769845531893072
4,4,True,0.65,0.10053932,3.3506265339181924,0.7687358618073856
3,3,True,0.5,0.097911425,2.6457834585,0.7563875059257399
5,5,True,0.6,0.08331748,3.1156790288318073,0.6878112261013296
4,4,True,0.6,0.28076795,3.1156790288318073,1.6156220003609774
0,0,False,0.45,0.002053311,2.410835673334096,0.3059545825784913
1,1,True,0.55,0.08547881,2.880731243665904,0.6979672245401342
3,3,False,0.5,0.101550266,2.6457834585,0.7734862555147171
5,5,True,0.65,0.06741575,3.3506265339181924,0.6130897215563458
4,4,False,0.55,0.22194913,2.880731243665904,1.3392350500005763
2,2,True,0.7,0.12635301,3.5855743190840963,0.8900332249304141
4,4,False,0.65,0.079913504,3.3506265339181924,0.6718160948459895
2,2,True,0.6,0.04749481,3.1156790288318073,0.5194821224686049
7,7,True,0.6,0.10544607,3.1156790288318073,0.7917924629189024
0,0,True,0.5,0.03506851,2.6457834585,0.46109149450204534
0,0,False,0.35,0.0017754213,1.9409402430420482,0.3046487911417824
7,7,True,0.65,0.0580591,3.3506265339181924,0.5691232413195695
5,5,False,0.7,0.16277806,3.5855743190840963,1.0611928997043285
3,3,True,0.4,0.08410069,2.175888028207952,0.6914915059874528
6,6,True,0.5,0.13496071,2.6457834585,0.9304804184894304
0,0,True,0.4,0.04906422,2.175888028207952,0.5268567037217579
5,5,True,0.65,0.056875087,3.3506265339181924,0.56355961922462
3,3,False,0.65,0.15836066,3.3506265339181924,1.0404357164316895
3,3,True,0.5,0.15996905,2.6457834585,1.0479934521851255
2,2,True,0.5,0.08063426,2.6457834585,0.6752028864064178
2,2,True,0.6,0.13269182,3.1156790288318073,0.919818981549128
2,2,True,0.55,0.0931643,2.880731243665904,0.7340809927753363
7,7,True,0.6,0.08320558,3.1156790288318073,0.6872854118148437
5,5,False,0.65,0.07917568,3.3506265339181924,0.6683490955133834
6,6,True,0.45,0.07600611,2.410835673334096,0.6534554119754101
5,5,True,0.7,0.2613027,3.5855743190840963,1.5241557317287582
4,4,True,0.65,0.14737101,3.3506265339181924,0.9887958451052095
5,5,True,0.8,0.2566113,4.055469889415903,1.5021109528886127
3,3,True,0.45,0.096467145,2.410835673334096,0.7496008991072622
5,5,True,0.7,0.12015363,3.5855743190840963,0.8609026093159622
4,4,True,0.8,0.105183005,4.055469889415903,0.7905563319629637
3,3,False,0.6,0.055065688,3.1156790288318073,0.5550573327992188
0,0,True,0.45,0.060624115,2.410835673334096,0.5811761308139194
4,4,True,0.7,0.16555719,3.5855743190840963,1.0742518873448856
1,1,True,0.65,0.062912434,3.3506265339181924,0.5919288386673897
3,3,True,0.55,0.12393769,2.880731243665904,0.8786837376423984
2,2,True,0.9,0.08523941,4.525365179668192,0.6968422851531334
3,3,True,0.45,0.11987411,2.410835673334096,0.8595891764128525
7,7,True,0.55,0.10571897,2.880731243665904,0.7930748069954325
4,4,False,0.6,0.2087793,3.1156790288318073,1.2773506400974315
4,4,False,0.6,0.088795416,3.1156790288318073,0.713551794230948
0,0,True,0.5,0.17455687,2.6457834585,1.1165409538389857
3,3,True,0.55,0.25480515,2.880731243665904,1.4936239833118925
6,6,True,0.55,0.073963225,2.880731243665904,0.6438560015602126
2,2,True,0.55,0.14120014,2.880731243665904,0.9597992125305327
0,0,True,0.55,0.12863284,2.880731243665904,0.9007460564624045
2,2,True,0.5,0.10230048,2.6457834585,0.7770114763772803
6,6,True,0.45,0.17377049,2.410835673334096,1.1128457947284298
2,2,True,0.65,0.1371249,3.3506265339181924,0.9406498257351943
1,1,False,0.5,0.12368547,2.6457834585,0.8774985811588695
6,6,True,0.55,0.20854557,2.880731243665904,1.2762523082647106
0,0,False,0.35,0.104409605,1.9409402430420482,0.7869221601676124
5,5,False,0.6,0.19421534,3.1156790288318073,1.208915240270945
1,1,True,0.55,0.07162238,2.880731243665904,0.6328564736308566
2,2,True,0.65,0.059101373,3.3506265339181924,0.5740208343189663
4,4,True,0.65,0.1620083,3.3506265339181924,1.05757581275962
6,6,False,0.45,0.062387973,2.410835673334096,0.5894644189820368
2,2,True,0.65,0.06755337,3.3506265339181924,0.613736390155166
7,7,True,0.55,0.11937549,2.880731243665904,0.8572461711988714
7,7,True,0.55,0.13870825,2.880731243665904,0.9480899280907614
5,5,True,0.55,0.18040174,2.880731243665904,1.1440057615058188
3,3,True,0.55,0.08806849,2.880731243665904,0.7101360144403307
6,6,False,0.45,0.15304011,2.410835673334096,1.015434698271292
6,6,False,0.7,0.21899417,3.5855743190840963,1.3253498277797495
4,4,True,0.6,0.12696874,3.1156790288318073,0.8929265163788306
1,1,True,0.65,0.07481051,3.3506265339181924,0.6478373669289763
6,6,True,0.55,0.1495092,2.880731243665904,0.9988431376808048
4,4,True,0.6,0.10655647,3.1156790288318073,0.7970101693032439
2,2,False,0.5,0.11639085,2.6457834585,0.8432214693777146
3,3,False,0.5,0.104274355,2.6457834585,0.7862866247296619
2,2,False,0.6,0.14696504,3.1156790288318073,0.9868882235031027
6,6,True,0.6,0.2553429,3.1156790288318073,1.4961508607299232
0,0,True,0.45,0.06834238,2.410835673334096,0.6174439077744862
3,3,True,0.7,0.2181056,3.5855743190840963,1.3211744723343217
2,2,True,0.55,0.18801221,2.880731243665904,1.1797670146567527
5,5,True,0.75,0.11383682,3.82052210425,0.8312202020396616
5,5,True,0.7,0.12773576,3.5855743190840963,0.8965307196656772
3,3,True,0.6,0.08476088,3.1156790288318073,0.6945937017469059
6,6,True,0.6,0.22502291,3.1156790288318073,1.3536786107420018
0,0,False,0.35,0.1703009,1.9409402430420482,1.0965423659428417
5,5,True,0.65,0.2049351,3.3506265339181924,1.2592869115365912
3,3,False,0.55,0.32692036,2.880731243665904,1.832490092433473
6,6,True,0.55,0.09811468,2.880731243665904,0.7573425770846276
0,0,True,0.45,0.10661019,2.410835673334096,0.7972625909695041
5,5,False,0.6,0.18732888,3.1156790288318073,1.1765560430142106
3,3,True,0.55,0.08433663,2.880731243665904,0.692600165752427
4,4,True,0.75,0.22810908,3.82052210425,1.3681803580034448
5,5,False,0.75,0.098670706,3.82052210425,0.7599553338850907
4,4,True,0.75,0.18142262,3.82052210425,1.1488028234629595
0,0,True,0.45,0.11215121,2.410835673334096,0.823299623269704
7,7,True,0.65,0.15355895,3.3506265339181924,1.017872720462004
1,1,False,0.7,0.006400138,3.5855743190840963,0.32638012544349265
1,1,True,0.55,0.03465254,2.880731243665904,0.45913687205570064
5,5,True,0.5,0.18496467,2.6457834585,1.1654467589234503
1,1,False,0.45,0.059149425,2.410835673334096,0.5742466309259768
0,0,True,0.35,0.122394696,1.9409402430420482,0.871433284130955
6,6,True,0.45,0.092255704,2.410835673334096,0.7298115306116135
7,7,True,0.55,0.10275378,2.880731243665904,0.7791415161272028
6,6,True,0.55,0.110221654,2.880731243665904,0.8142327140395021
4,4,True,0.6,0.12885985,3.1156790288318073,0.9018127393095082
7,7,True,0.55,0.04005498,2.880731243665904,0.4845227019698707
2,2,True,0.65,0.1325169,3.3506265339181924,0.9189970882013989
1,1,False,0.55,0.0018994827,2.880731243665904,0.30523174985554496
7,7,True,0.6,0.15262012,3.1156790288318073,1.0134611879624027
1,1,True,0.45,0.05846051,2.410835673334096,0.5710094543434631
0,0,False,0.45,0.10445125,2.410835673334096,0.7871178307213889
0,0,True,0.5,0.071431935,2.6457834585,0.6319615845585572
6,6,True,0.55,0.06367409,2.880731243665904,0.5955078347975501
0,0,True,0.45,0.49858224,2.410835673334096,2.6391214870673596
7,7,True,0.55,0.05147912,2.880731243665904,0.5382042129481726
4,4,False,0.6,0.12586662,3.1156790288318073,0.8877477060376535
6,6,True,0.65,0.09682539,3.3506265339181924,0.7512842820446815
1,1,True,0.6,0.17942673,3.1156790288318073,1.139424220738345
7,7,True,0.6,0.09859376,3.1156790288318073,0.7595937512264033
5,5,True,0.7,0.63178843,3.5855743190840963,3.2650513178432945
3,3,False,0.55,0.3102353,2.880731243665904,1.7540877128333887
4,4,True,0.55,0.05471152,2.880731243665904,0.5533931178038629
4,4,True,0.7,0.46748513,3.5855743190840963,2.4929975603141656
3,3,True,0.5,0.34106246,2.6457834585,1.8989431594462298
6,6,True,0.5,0.07379506,2.6457834585,0.6430657922080405
7,7,True,0.55,0.058329772,2.880731243665904,0.5703951174240869
1,1,True,0.7,0.13502762,3.5855743190840963,0.9307948077492109
0,0,True,0.4,0.1228332,2.175888028207952,0.8734937941403516
1,1,True,0.65,0.115236074,3.3506265339181924,0.8377952437916746
4,4,True,0.6,0.06374648,3.1156790288318073,0.5958479913730542
2,2,True,0.55,0.10382575,2.880731243665904,0.7841786412418397
5,5,True,0.6,0.17669168,3.1156790288318073,1.1265723519018929
5,5,True,0.7,0.11700457,3.5855743190840963,0.8461053431523136
6,6,True,0.5,0.39911744,2.6457834585,2.1717408907740365
6,6,True,0.5,0.13044189,2.6457834585,0.9092466799156631
1,1,True,0.55,0.057261974,2.880731243665904,0.5653775803707917
3,3,False,0.5,0.090639874,2.6457834585,0.7222188199282754
3,3,False,0.55,0.1544358,2.880731243665904,1.0219929702621207
4,4,False,0.6,0.4807369,3.1156790288318073,2.5552670795555716
1,1,True,0.5,0.117992364,2.6457834585,0.8507469259666163
3,3,True,0.55,0.09119426,2.880731243665904,0.7248238395320334
1,1,True,0.6,0.08898796,3.1156790288318073,0.714456556106283
0,0,False,0.4,0.042197283,2.175888028207952,0.4945892850223189
5,5,True,0.65,0.14579448,3.3506265339181924,0.9813878118545376
6,6,True,0.55,0.18121451,2.880731243665904,1.1478249258232949
6,6,True,0.5,0.22381707,2.6457834585,1.3480123920183456
6,6,True,0.5,0.13624172,2.6457834585,0.9364998174862121
7,7,True,0.55,0.09672128,2.880731243665904,0.7507950531453305
1,1,True,0.5,0.06310547,2.6457834585,0.5928359111987541
6,6,False,0.5,0.1793785,2.6457834585,1.1391975663878084
5,5,True,0.65,0.10748356,3.3506265339181924,0.8013665261376545
1,1,True,0.55,0.19225247,2.880731243665904,1.19969180159971
6,6,False,0.5,0.07467548,2.6457834585,0.6472028467792812
5,5,True,0.75,0.17455381,3.82052210425,1.1165265997636504
1,1,False,0.55,0.14204198,2.880731243665904,0.9637549856332719
7,7,True,0.6,0.087739535,3.1156790288318073,0.70859025557643
6,6,False,0.45,0.1308569,2.410835673334096,0.9111968035847381
2,2,True,0.7,0.09544311,3.5855743190840963,0.7447889929356285
2,2,True,0.75,0.12837267,3.82052210425,0.8995235093631244
2,2,True,0.6,0.10215258,3.1156790288318073,0.7763164940614782
5,5,True,0.65,0.9307987,3.3506265339181924,4.670087028350597
2,2,True,0.7,0.08169668,3.5855743190840963,0.6801951637881171
7,7,True,0.55,0.096126206,2.880731243665904,0.7479988442600957
0,0,True,0.4,0.07183042,2.175888028207952,0.6338340561810628
2,2,False,0.55,0.085205376,2.880731243665904,0.6966823597479355
5,5,True,0.65,0.17362542,3.3506265339181924,1.1121641511997074
4,4,True,0.55,0.23778488,2.880731243665904,1.41364650651832
0,0,True,0.45,0.11086836,2.410835673334096,0.8172715418078415
6,6,True,0.55,0.29864472,2.880731243665904,1.699624149818898
2,2,True,0.55,0.13635322,2.880731243665904,0.9370237762458864
2,2,False,0.6,0.09688983,3.1156790288318073,0.7515870830143743
0,0,True,0.4,0.067958,2.175888028207952,0.6156377099681014
3,3,True,0.55,0.11730493,2.880731243665904,0.8475166988571611
4,4,True,0.6,0.08790841,3.1156790288318073,0.709383790872887
2,2,True,0.55,0.12519723,2.880731243665904,0.8846022730024955
1,1,True,0.6,0.18542407,3.1156790288318073,1.1676054718141033
7,7,False,0.55,0.09188096,2.880731243665904,0.7280506356673841
3,3,True,0.45,0.09024104,2.410835673334096,0.7203447028385972
2,2,True,0.55,0.422861,2.880731243665904,2.2833108471418058
0,0,True,0.4,0.12752417,2.175888028207952,0.8955364373741664
0,0,False,0.55,0.08135849,2.880731243665904,0.6786060276087522
4,4,False,0.75,0.20225944,3.82052210425,1.246714071920679
3,3,True,0.55,0.1332395,2.880731243665904,0.9223924922070282
4,4,False,0.65,0.15367587,3.3506265339181924,1.0184220964380035
3,3,True,0.45,0.12739073,2.410835673334096,0.8949094093515976
1,1,True,0.65,0.053299844,3.3506265339181924,0.5467597144821335
0,0,True,0.45,0.0909426,2.410835673334096,0.7236413087939928
1,1,False,0.55,0.061417986,2.880731243665904,0.5849064924189864
5,5,True,0.6,0.17539068,3.1156790288318073,1.1204589862265752
1,1,True,0.55,0.09924541,2.880731243665904,0.7626558255947977
3,3,True,0.45,0.073220976,2.410835673334096,0.6403682063233403
2,2,True,0.65,0.1381854,3.3506265339181924,0.9456330705524144
1,1,False,0.65,0.10305366,3.3506265339181924,0.7805506311959005
2,2,True,0.6,0.06140708,3.1156790288318073,0.5848552553720276
2,2,False,0.65,0.12860237,3.3506265339181924,0.900602865808451
7,7,True,0.55,0.072151355,2.880731243665904,0.6353421093397538
6,6,True,0.55,0.14502718,2.880731243665904,0.977782278189977
3,3,True,0.5,0.0676999,2.6457834585,0.6144249306420373
2,2,True,0.7,0.11492463,3.5855743190840963,0.8363317932963422
0,0,True,0.5,0.14209501,2.6457834585,0.9640041863850667
6,6,True,0.55,0.1226327,2.880731243665904,0.8725516416492655
7,7,False,0.6,0.17455067,3.1156790288318073,1.1165118255690372
0,0,False,0.5,0.26537526,2.6457834585,1.5432924449258736
4,4,False,0.6,0.060935725,3.1156790288318073,0.5826403690328982
6,6,False,0.5,0.13892378,2.6457834585,0.9491026956305086
2,2,True,0.65,0.06857718,3.3506265339181924,0.6185472110186647
4,4,True,0.7,0.19814377,3.5855743190840963,1.2273747211917585
1,1,False,0.45,0.11870665,2.410835673334096,0.8541033288992617
3,3,True,0.45,0.13429272,2.410835673334096,0.9273415673229627
3,3,True,0.5,0.14798878,2.6457834585,0.9916987292771426
3,3,True,0.4,0.19379807,2.175888028207952,1.2069544735801583
4,4,True,0.65,0.18736708,3.3506265339181924,1.1767355739857202
1,1,True,0.5,0.26980963,2.6457834585,1.5641293808414725
1,1,False,0.6,0.20234433,3.1156790288318073,1.247112975175238
2,2,True,0.6,0.16446623,3.1156790288318073,1.0691255218935918
7,7,True,0.65,0.1262156,3.3506265339181924,0.8893875716198493
5,5,True,0.6,0.103007734,3.1156790288318073,0.780334829926715
1,1,False,0.55,0.08130648,2.880731243665904,0.6783616232187157
0,0,True,0.5,0.11900723,2.6457834585,0.8555157349023045
0,0,False,0.55,0.0688978,2.880731243665904,0.6200537937598822
2,2,True,0.6,0.10009596,3.1156790288318073,0.7666525253172121
3,3,True,0.55,0.14682177,2.880731243665904,0.9862149823599424
1,1,True,0.6,0.19674575,3.1156790288318073,1.2208055260996993
0,0,True,0.35,0.050504435,1.9409402430420482,0.5336242126180517
1,1,True,0.7,0.14141883,3.5855743190840963,0.9608268242847728
4,4,True,0.6,0.2581196,3.1156790288318073,1.5091985051499717
0,0,False,0.5,0.39568108,2.6457834585,2.1555936063201435
3,3,False,0.6,0.060766157,3.1156790288318073,0.5818435778120358
0,0,False,0.4,0.15694025,2.175888028207952,1.0337612814604653
2,2,True,0.6,0.0939424,3.1156790288318073,0.737737220832788
3,3,True,0.45,0.10512365,2.410835673334096,0.7902774077722431
3,3,True,0.5,0.068110526,2.6457834585,0.6163544334565453
3,3,True,0.55,0.17073113,2.880731243665904,1.0985639799090738
1,1,False,0.7,0.070739016,3.5855743190840963,0.6287055901333785
7,7,True,0.45,0.06933441,2.410835673334096,0.622105411244559
2,2,True,0.55,0.29824758,2.880731243665904,1.697757979985564
4,4,True,0.6,0.13608854,3.1156790288318073,0.9357800131230621
2,2,False,0.55,0.16862133,2.880731243665904,1.0886501452241557
6,6,True,0.45,0.04981866,2.410835673334096,0.5304017927251814
7,7,True,0.55,0.17769076,2.880731243665904,1.131266974775056
5,5,True,0.7,0.104790546,3.5855743190840963,0.7887121833817903
1,1,True,0.55,0.18722384,2.880731243665904,1.176062472882319
2,2,True,0.6,0.16554281,3.1156790288318073,1.0741843181609907
5,5,True,0.7,0.2032702,3.5855743190840963,1.2514635903795144
5,5,False,0.65,0.171173,3.3506265339181924,1.1006403494212187
2,2,True,0.6,0.2160164,3.1156790288318073,1.311357405123127
4,4,True,0.55,0.13013841,2.880731243665904,0.9078206550460218
3,3,True,0.5,0.32432264,2.6457834585,1.820283526808187
2,2,True,0.6,0.12151647,3.1156790288318073,0.8673065574919676
6,6,True,0.55,0.092187785,2.880731243665904,0.7294923800000145
0,0,False,0.45,0.121668346,2.410835673334096,0.8680202001057055
0,0,True,0.35,0.07909036,1.9409402430420482,0.6679481616823137
6,6,True,0.5,0.28397056,2.6457834585,1.6306709529821497
0,0,False,0.55,0.17464949,2.880731243665904,1.1169761974111005
4,4,True,0.6,0.08231925,3.1156790288318073,0.6831205943613083
2,2,True,0.7,0.13098867,3.5855743190840963,0.9118159893807825
4,4,True,0.7,0.16104297,3.5855743190840963,1.0530397849139408
4,4,True,0.55,0.10116072,2.880731243665904,0.7716557958200219
2,2,True,0.55,0.08285728,2.880731243665904,0.6856487671471134
1,1,True,0.55,0.18141685,2.880731243665904,1.148775725769522
5,5,False,0.65,0.15197545,3.3506265339181924,1.0104319179076402
6,6,False,0.55,0.09902569,2.880731243665904,0.7616233824688593
2,2,True,0.65,0.19569372,3.3506265339181924,1.2158620525741395
5,5,False,0.7,0.25493813,3.5855743190840963,1.494248840718191
1,1,True,0.55,0.082106985,2.880731243665904,0.6821231611752119
2,2,True,0.85,0.09350472,4.290417674581807,0.735680596926714
7,7,True,0.7,0.42225868,3.5855743190840963,2.280480503565225
4,4,False,0.5,0.11732693,2.6457834585,0.8476200832095143
4,4,True,0.65,0.12509052,3.3506265339181924,0.8841008606440794
6,6,True,0.5,0.08862885,2.6457834585,0.7127691120158419
5,5,True,0.6,0.1774529,3.1156790288318073,1.1301493174555424
1,1,True,0.55,0.052968297,2.880731243665904,0.5452017896641377
0,0,True,0.45,0.19638434,2.410835673334096,1.2191072639378469
5,5,True,0.55,0.20289902,2.880731243665904,1.2497194651964694
7,7,True,0.55,0.18646531,2.880731243665904,1.1724981809268924
5,5,True,0.55,0.48398623,2.880731243665904,2.5705354744796733
4,4,False,0.6,0.09547054,3.1156790288318073,0.7449178995341265
4,4,True,0.7,0.106215656,3.5855743190840963,0.7954087096250546
4,4,False,0.55,0.1049996,2.880731243665904,0.7896945272838148
5,5,True,0.65,0.106930815,3.3506265339181924,0.7987692087206616
1,1,True,0.55,0.3913992,2.880731243665904,2.1354732538532293
4,4,True,0.55,0.11249597,2.880731243665904,0.8249196382160094
6,6,False,0.55,0.18392113,2.880731243665904,1.1605431967293105
5,5,True,0.65,0.19223447,3.3506265339181924,1.199607217585052
2,2,True,0.6,0.16150223,3.1156790288318073,1.0551977976057971
0,0,False,0.5,0.124382764,2.6457834585,0.8807751264187355
4,4,True,0.55,0.086085916,2.880731243665904,0.7008199744782136
3,3,True,0.55,0.05754146,2.880731243665904,0.566690873234142
2,2,True,0.7,0.14591634,3.5855743190840963,0.9819604344305922
6,6,True,0.5,0.11965078,2.6457834585,0.8585397534660907
6,6,True,0.55,0.102232054,2.880731243665904,0.776689945089772
4,4,False,0.55,0.20793243,2.880731243665904,1.273371200275359
3,3,True,0.55,0.08841375,2.880731243665904,0.7117583750526055
6,6,True,0.5,0.058802467,2.6457834585,0.572616288047418
1,1,False,0.55,0.1499825,2.880731243665904,1.0010671090993233
0,0,False,0.45,0.1893129,2.410835673334096,1.1858789099145968
2,2,True,0.65,0.2045053,3.3506265339181924,1.2572672581269901
3,3,True,0.5,0.10041557,2.6457834585,0.768154381716551
1,1,True,0.6,0.061610326,3.1156790288318073,0.5858102915209756
7,7,False,0.55,0.17032935,2.880731243665904,1.096676033893158
5,5,True,0.65,0.13192402,3.3506265339181924,0.9162111372285379
2,2,True,0.8,0.08402265,4.055469889415903,0.6911247768676085
4,4,False,0.6,0.12556621,3.1156790288318073,0.886336105263227
7,7,True,0.55,0.24659167,2.880731243665904,1.4550292356897923
1,1,True,0.6,0.07809468,3.1156790288318073,0.6632695383516582
6,6,True,0.45,0.2868404,2.410835673334096,1.6441562216502221
3,3,True,0.45,0.08768599,2.410835673334096,0.708338639138786
1,1,True,0.6,0.070437774,3.1156790288318073,0.6272900682456897
0,0,False,0.45,0.22229835,2.410835673334096,1.340876035900847
5,5,False,0.6,0.15931192,3.1156790288318073,1.0449056455109473
4,4,False,0.8,0.092797644,4.055469889415903,0.7323580836158354
3,3,True,0.6,0.20596725,3.1156790288318073,1.264136908522773
7,7,True,0.55,0.11243536,2.880731243665904,0.8246348323553954
6,6,True,0.55,0.115281105,2.880731243665904,0.8380068438680792
5,5,True,0.6,0.16571179,3.1156790288318073,1.0749783435966056
4,4,False,0.65,0.064086504,3.3506265339181924,0.5974457399976203
1,1,True,0.5,0.094971135,2.6457834585,0.742571218276462
1,1,True,0.5,0.13158864,2.6457834585,0.9146351997964933
0,0,False,0.5,0.09718309,2.6457834585,0.7529651092564924
2,2,True,0.6,0.10508382,3.1156790288318073,0.790090279643788
1,1,True,0.55,0.05993553,2.880731243665904,0.5779404946687586
2,2,True,0.75,0.06960093,3.82052210425,0.6233577868125844
0,0,True,0.5,0.05944462,2.6457834585,0.5756337422474839
6,6,True,0.5,0.11092241,2.6457834585,0.8175255389213947
4,4,True,0.7,0.12116559,3.5855743190840963,0.8656577643751121
4,4,False,0.6,0.09022544,3.1156790288318073,0.7202714270345081
0,0,True,0.4,0.19266415,2.175888028207952,1.2016262408157359
2,2,True,0.55,0.13908155,2.880731243665904,0.9498440661166012
3,3,False,0.55,0.059950292,2.880731243665904,0.5780098668645555
0,0,False,0.55,0.1308853,2.880731243665904,0.9113302614754155
5,5,True,0.7,0.23122595,3.5855743190840963,1.3828264162369162
0,0,True,0.5,0.05528178,2.6457834585,0.556072743589424
7,7,True,0.55,0.095306024,2.880731243665904,0.7441448450524769
7,7,False,0.6,0.11984377,3.1156790288318073,0.8594466159378161
6,6,True,0.6,0.13902119,3.1156790288318073,0.949560415584002
5,5,False,0.75,0.12716226,3.82052210425,0.8938358645562847
4,4,True,0.55,0.07184211,2.880731243665904,0.6338889867766748
4,4,False,0.55,0.14661102,2.880731243665904,0.9852246912015736
4,4,True,0.65,0.0840378,3.3506265339181924,0.6911959870852471
3,3,False,0.6,0.14111161,3.1156790288318073,0.9593832244253309
5,5,True,0.6,0.23591927,3.1156790288318073,1.4048800876017813
7,7,True,0.55,0.045304153,2.880731243665904,0.5091883249065826
3,3,False,0.6,0.07866379,3.1156790288318073,0.6659437375965439
3,3,True,0.55,0.07516128,2.880731243665904,0.6494855998867943
7,7,True,0.55,0.16257423,2.880731243665904,1.060235097770133
0,0,False,0.45,0.10572607,2.410835673334096,0.7931081714681019
0,0,False,0.45,0.26450774,2.410835673334096,1.5392160275704392
7,7,True,0.7,0.09343784,3.5855743190840963,0.7353663477066928
3,3,True,0.6,0.09175506,3.1156790288318073,0.7274590377039352
6,6,False,0.6,0.14880034,3.1156790288318073,0.9955122219843643
6,6,False,0.5,0.35030186,2.6457834585,1.9423587057646836
2,2,False,0.75,0.17683537,3.82052210425,1.1272475536016842
1,1,True,0.5,0.050981376,2.6457834585,0.5358653389070929
0,0,False,0.35,0.10511479,1.9409402430420482,0.790235780953771
1,1,False,0.6,0.062549666,3.1156790288318073,0.5902242046964863
4,4,False,0.75,0.1303306,3.82052210425,0.9087237714541841
6,6,True,0.5,0.20718881,2.6457834585,1.269876998219496
6,6,False,0.45,0.3314654,2.410835673334096,1.853846995975604
6,6,True,0.45,0.0794208,2.410835673334096,0.669500887524243
2,2,True,0.65,0.1473762,3.3506265339181924,0.9888202120233395
4,4,True,0.6,0.12429928,3.1156790288318073,0.8803828400428066
3,3,True,0.5,0.1293025,2.6457834585,0.9038927498553967
1,1,True,0.45,0.17599824,2.410835673334096,1.123313906780925
5,5,True,0.65,0.13891548,3.3506265339181924,0.9490636945575247
2,2,True,0.7,0.0890955,3.5855743190840963,0.7149618895779613
1,1,True,0.55,0.058243692,2.880731243665904,0.5699906300841232
5,5,True,0.6,0.14512363,3.1156790288318073,0.9782355168711706
0,0,True,0.45,0.078460865,2.410835673334096,0.6649902068750092
2,2,True,0.6,0.117405176,3.1156790288318073,0.8479877575977343
2,2,False,0.8,0.17330623,4.055469889415903,1.1106642553569996
0,0,True,0.4,0.07563277,2.175888028207952,0.6517011339098109
0,0,True,0.5,0.08372996,2.6457834585,0.6897494463908584
7,7,True,0.55,0.09635171,2.880731243665904,0.7490584901092912
3,3,True,0.5,0.19053319,2.6457834585,1.1916129779016669
2,2,True,0.6,0.13352194,3.1156790288318073,0.9237197190264357
5,5,False,0.65,0.1282036,3.3506265339181924,0.8987290638082314
3,3,False,0.5,0.39809555,2.6457834585,2.1669390674650773
2,2,True,0.65,0.08324478,3.3506265339181924,0.6874695991083521
1,1,True,0.5,0.06105601,2.6457834585,0.5832055870066761
1,1,False,0.5,0.17115934,2.6457834585,1.1005761411915487
4,4,True,0.65,0.149517,3.3506265339181924,0.9988797580778794
0,0,True,0.4,0.17021881,2.175888028207952,1.0961566264256632
3,3,True,0.45,0.10209527,2.410835673334096,0.776047197604214
7,7,True,0.65,0.17294887,3.3506265339181924,1.1089850386024214
0,0,False,0.45,0.117638186,2.410835673334096,0.8490826584563506
2,2,True,0.75,0.08461424,3.82052210425,0.6939046361109372
3,3,True,0.4,0.17459089,2.175888028207952,1.1167008092243038
5,5,True,0.65,0.20953217,3.3506265339181924,1.2808883244985783
2,2,True,0.65,0.07054256,3.3506265339181924,0.6277824480396266
2,2,True,0.55,0.07850698,2.880731243665904,0.6652068833926909
0,0,False,0.45,0.19136192,2.410835673334096,1.1955071335102843
1,1,True,0.7,0.047935937,3.5855743190840963,0.5215549559768258
3,3,True,0.45,0.07575686,2.410835673334096,0.6522842244578781
7,7,True,0.6,0.1547816,3.1156790288318073,1.023617851590064
5,5,True,0.65,0.14079687,3.3506265339181924,0.9579042645266486
5,5,False,0.75,0.15168652,3.82052210425,1.0090742324405704
6,6,True,0.55,0.039692357,2.880731243665904,0.48281875069279423
1,1,True,0.7,0.07423044,3.5855743190840963,0.6451116330526432
1,1,False,0.55,0.42447096,2.880731243665904,2.2908759349826084
2,2,False,0.6,0.085881814,3.1156790288318073,0.699860912186184
1,1,True,0.45,0.08550103,2.410835673334096,0.6980716241807428
5,5,True,0.65,0.20042746,3.3506265339181924,1.238105687872587
7,7,True,0.6,0.06734185,3.1156790288318073,0.6127424579630538
6,6,True,0.55,0.10213998,2.880731243665904,0.7762572922532055
7,7,False,0.6,0.099952154,3.1156790288318073,0.7659767984683231
0,0,True,0.75,0.08485452,3.82052210425,0.6950337066708394
5,5,True,0.6,0.123421475,3.1156790288318073,0.8762580739604505
7,7,False,0.55,0.10117151,2.880731243665904,0.7717064902129129
0,0,False,0.4,0.20644358,2.175888028207952,1.2663751639967469
3,3,True,0.45,0.17108135,2.410835673334096,1.1002096571412834
5,5,True,0.65,0.25341663,3.3506265339181924,1.4870993908831918
3,3,False,0.45,0.27280027,2.410835673334096,1.5781822306542623
6,6,True,0.45,0.0708149,2.410835673334096,0.6290621663706684
1,1,False,0.55,0.12702857,2.880731243665904,0.8932076461957612
7,7,True,0.55,0.09830295,2.880731243665904,0.758227278264433
4,4,True,0.5,0.13122669,2.6457834585,0.9129344169189726
4,4,False,0.6,0.13051817,3.1156790288318073,0.9096051116797648
5,5,False,0.8,0.3109625,4.055469889415903,1.75750482300172
1,1,True,0.6,0.061737422,3.1156790288318073,0.5864075085797691
4,4,False,0.65,0.030276433,3.3506265339181924,0.43857374887960554
2,2,True,0.65,0.08946786,3.3506265339181924,0.7167115813414413
4,4,True,0.65,0.14072396,3.3506265339181924,0.9575616572553555
6,6,True,0.5,0.07708776,2.6457834585,0.6585380500118414
3,3,True,0.6,0.12953825,3.1156790288318073,0.905000534371875
0,0,True,0.45,0.10020168,2.410835673334096,0.7671493163635691
1,1,True,0.55,0.07725799,2.880731243665904,0.6593379571173498
4,4,True,0.65,0.13571675,3.3506265339181924,0.93403301712495
7,7,True,0.6,0.08027117,3.1156790288318073,0.6734967470081012
0,0,True,0.4,0.1437515,2.175888028207952,0.9717879463101221
4,4,False,0.65,0.10538042,3.3506265339181924,0.7914839903389552
2,2,True,0.65,0.24280171,3.3506265339181924,1.4372203794910012
5,5,True,0.65,0.15313151,3.3506265339181924,1.0158642002132727
7,7,True,0.5,0.14095204,2.6457834585,0.9586333815337965
2,2,False,0.7,0.09588562,3.5855743190840963,0.74686833829266
7,7,True,0.55,0.08879517,2.880731243665904,0.7135506389029332
3,3,True,0.5,0.20398754,2.6457834585,1.254834347387495
5,5,False,0.6,0.23460557,3.1156790288318073,1.3987070649889732
3,3,True,0.5,0.5481948,2.6457834585,2.872248755361483
4,4,True,0.5,0.20594364,2.6457834585,1.2640259970333538
3,3,True,0.55,0.123331524,2.880731243665904,0.8758353989567389
2,2,True,0.6,0.061368093,3.1156790288318073,0.5846720483568348
7,7,True,0.45,0.0886566,2.410835673334096,0.7128994890318132
4,4,False,0.7,0.02674555,3.5855743190840963,0.4219822933189379
2,2,True,0.55,0.13032857,2.880731243665904,0.9087141787306674
5,5,True,0.7,0.07912768,3.5855743190840963,0.6681235264709819
3,3,True,0.5,0.13270962,2.6457834585,0.9199026553053502
2,2,False,0.6,0.38394564,3.1156790288318073,2.1004493100353665
5,5,True,0.65,0.20910276,3.3506265339181924,1.278870561625729
4,4,False,0.6,0.07581857,3.1156790288318073,0.652574176779649
6,6,False,0.5,0.12396404,2.6457834585,0.8788075677996192
1,1,True,0.6,0.044902638,3.1156790288318073,0.5073016217435313
3,3,True,0.6,0.108014956,3.1156790288318073,0.8038635400770001
7,7,False,0.5,0.2688193,2.6457834585,1.5594758596376836
2,2,False,0.7,0.15153135,3.5855743190840963,1.0083451154334222
4,4,True,0.7,0.076449215,3.5855743190840963,0.655537558127629
3,3,True,0.7,0.100503534,3.5855743190840963,0.7685677090663249
2,2,True,0.6,0.08005323,3.1156790288318073,0.672472671257785
7,7,True,0.7,0.18303555,3.5855743190840963,1.1563819152796992
7,7,False,0.5,0.14368217,2.6457834585,0.9714621438099532
4,4,False,0.6,0.4082529,3.1156790288318073,2.214667978411816
1,1,True,0.5,0.24864055,2.6457834585,1.4646568291065625
3,3,True,0.55,0.19374453,2.880731243665904,1.206702892152454
1,1,True,0.55,0.19374372,2.880731243665904,1.2066991110789513
6,6,True,0.55,0.1313098,2.880731243665904,0.9133249878078491
3,3,True,0.55,0.27075306,2.880731243665904,1.5685624794640165
4,4,True,0.65,0.10969126,3.3506265339181924,0.811740426442035
1,1,True,0.45,0.1588266,2.410835673334096,1.0426251680495238
1,1,True,0.45,0.15863365,2.410835673334096,1.0417184806274977
6,6,True,0.6,0.118604824,3.1156790288318073,0.8536248480514421
3,3,True,0.65,0.1421123,3.3506265339181924,0.9640854094454999
2,2,True,0.65,0.17924608,3.3506265339181924,1.1385753697369378
1,1,True,0.5,0.073008396,2.6457834585,0.6393693027197704
7,7,True,0.7,0.14772151,3.5855743190840963,0.9904428527151331
2,2,False,0.55,0.10315699,2.880731243665904,0.7810361840515683
1,1,True,0.6,0.13052301,3.1156790288318073,0.909627868140662
0,0,True,0.4,0.104577795,2.175888028207952,0.787712474549604
6,6,True,0.55,0.05939606,2.880731243665904,0.5754055474595943
1,1,True,0.5,0.046953574,2.6457834585,0.516938877903698
3,3,True,0.5,0.114469275,2.6457834585,0.8341920908030233
6,6,False,0.45,0.2117862,2.410835673334096,1.2914798815989563
5,5,True,0.7,0.12956204,3.5855743190840963,0.9051122860998504
6,6,True,0.5,0.062439322,2.6457834585,0.5897057074874273
1,1,True,0.65,0.110277675,3.3506265339181924,0.8144959537771735
2,2,False,0.55,0.08942643,2.880731243665904,0.7165168910659803
6,6,True,0.5,0.08869395,2.6457834585,0.7130749938602409
7,7,True,0.65,0.12926765,3.3506265339181924,0.9037289733568162
2,5,True,0.5,0.12784241,2.6457834585,0.8970318519445745
5,5,True,0.65,0.15225422,3.3506265339181924,1.0117418498167656
0,0,True,0.4,0.19444887,2.175888028207952,1.2100125918253504
5,5,True,0.7,0.109388195,3.5855743190840963,0.8103163271190851
0,0,True,0.4,0.053959608,2.175888028207952,0.5498599146750157
3,3,True,0.55,0.056468856,2.880731243665904,0.5616507547696488
0,0,True,0.4,0.07121333,2.175888028207952,0.6309343579136553
5,5,True,0.55,0.23638438,2.880731243665904,1.4070656181063534
0,0,True,0.55,0.10100059,2.880731243665904,0.7709033621929391
0,0,False,0.4,0.16828564,2.175888028207952,1.087072737374638
5,5,True,0.65,0.15156004,3.3506265339181924,1.0084799037018137
4,4,True,0.55,0.07114269,2.880731243665904,0.630602428674014
4,4,False,0.6,0.18369082,3.1156790288318073,1.1594609694689169
0,0,True,0.65,0.0761621,3.3506265339181924,0.6541884150858805
1,1,False,0.45,0.13835138,2.410835673334096,0.9464130219922128
3,3,True,0.65,0.13642421,3.3506265339181924,0.9373573509527002
1,1,True,0.6,0.112864934,3.1156790288318073,0.8266533654469215
3,3,False,0.5,0.06759955,2.6457834585,0.6139533817623063
2,2,False,0.45,0.21200004,2.410835673334096,1.2924847368922991
4,4,False,0.6,0.078332044,3.1156790288318073,0.6643848850151424
5,5,False,0.55,0.120399535,2.880731243665904,0.8620581123804449
4,4,True,0.6,0.13123427,3.1156790288318073,0.9129700570377317
6,6,False,0.5,0.13010119,2.6457834585,0.9076457453865715
3,3,False,0.55,0.11457821,2.880731243665904,0.8347039711334521
7,7,True,0.55,0.11313565,2.880731243665904,0.8279254516110778
1,1,True,0.6,0.08426643,3.1156790288318073,0.6922703020992365
2,2,False,0.55,0.098676704,2.880731243665904,0.7599835168866635
0,0,True,0.45,0.10047117,2.410835673334096,0.7684156258876516
4,4,True,0.45,0.1981548,2.410835673334096,1.2274266059226042
3,3,True,0.45,0.08150804,2.410835673334096,0.6793087471212593
5,5,True,0.7,0.07209472,3.5855743190840963,0.6350759987870153
3,3,True,0.5,0.094461344,2.6457834585,0.740175733162658
7,7,True,0.5,0.11292919,2.6457834585,0.8269552911681182
4,4,True,0.65,0.09021238,3.3506265339181924,0.7202100546099652
1,1,True,0.45,0.13077812,2.410835673334096,0.9108266084808496
1,1,False,0.65,0.058755003,3.3506265339181924,0.572393257225655
7,7,True,0.55,0.10057914,2.880731243665904,0.7689229899358407
6,6,True,0.5,0.21816885,2.6457834585,1.3214717067235797
1,1,True,0.6,0.11182153,3.1156790288318073,0.8217504684416386
5,5,True,0.6,0.31030187,3.1156790288318073,1.7544005616558163
6,6,True,0.45,0.1815934,2.410835673334096,1.1496053213040163
0,0,False,0.4,0.20831901,2.175888028207952,1.2751877260139972
7,7,True,0.55,0.15042844,2.880731243665904,1.003162594038622
4,4,True,0.6,0.1038177,3.1156790288318073,0.7841408305068105
4,4,True,0.6,0.096684836,3.1156790288318073,0.7506238195295636
3,3,True,0.5,0.18969932,2.6457834585,1.1876946654345586
7,7,True,0.45,0.09294361,2.410835673334096,0.7330439633472787
6,6,True,0.55,0.15254831,2.880731243665904,1.013123762162206
4,4,False,0.6,0.09037405,3.1156790288318073,0.7209697352945952
4,4,True,0.55,0.15036412,2.880731243665904,1.0028603182180267
4,4,False,0.5,0.17205124,2.6457834585,1.1047671110701458
7,7,True,0.55,0.17350666,2.880731243665904,1.111606092758627
0,0,True,0.45,0.17451681,2.410835673334096,1.1163527404023954
0,0,True,0.4,0.12116856,2.175888028207952,0.865671733341109
6,6,True,0.6,0.11160278,3.1156790288318073,0.8207225766078796
7,7,True,0.6,0.077754855,3.1156790288318073,0.6616726999855281
2,2,True,0.65,0.06337543,3.3506265339181924,0.5941044263490467
5,5,True,0.6,0.17313553,3.1156790288318073,1.109862177635221
6,6,True,0.45,0.11350579,2.410835673334096,0.8296647104124849
7,7,True,0.6,0.07485638,3.1156790288318073,0.6480528881186431
1,1,True,0.65,0.07174119,3.3506265339181924,0.633414777141516
4,4,True,0.75,0.09840925,3.82052210425,0.7587267650761578
5,5,True,0.55,0.07279109,2.880731243665904,0.6383482028143409
3,3,True,0.6,0.11321855,3.1156790288318073,0.8283150072116989
2,2,True,0.7,0.121555306,3.5855743190840963,0.8674890292984238
3,3,True,0.45,0.27179587,2.410835673334096,1.573462610684052
3,3,True,0.45,0.07288213,2.410835673334096,0.6387759892692694
4,4,True,0.55,0.38542005,2.880731243665904,2.1073774970505648
4,4,True,0.6,0.18661742,3.1156790288318073,1.1732129438587051
2,2,False,0.6,0.271059,3.1156790288318073,1.5700001276336855
0,0,False,0.4,0.18195689,2.175888028207952,1.1513133162291445
7,7,True,0.6,0.115036204,3.1156790288318073,0.8368560671454751
3,3,False,0.5,0.010521418,2.6457834585,0.34574583428087174
3,3,False,0.5,0.21666497,2.6457834585,1.3144050203863666
3,3,False,0.5,0.21383162,2.6457834585,1.30109123040364
6,6,True,0.55,0.13859677,2.880731243665904,0.9475661093708465
2,2,True,0.6,0.072491914,3.1156790288318073,0.6369423786799884
7,7,True,0.6,0.08483697,3.1156790288318073,0.6949512232525717
3,3,True,0.5,0.093667574,2.6457834585,0.7364458441917787
7,7,True,0.6,0.08140881,3.1156790288318073,0.6788424847424446
3,3,True,0.55,0.08471042,2.880731243665904,0.6943565794243567
1,1,True,0.5,0.022575004,2.6457834585,0.4023850856305965
5,5,True,0.7,0.107537955,3.5855743190840963,0.8016221337084404
3,3,True,0.5,0.06371806,2.6457834585,0.5957144284525573
1,1,False,0.65,0.007990315,3.3506265339181924,0.3338522925277124
4,4,True,0.65,0.1207104,3.3506265339181924,0.8635188671104095
1,1,True,0.65,0.10804526,3.3506265339181924,0.8040059255023373
5,5,True,0.65,0.16175319,3.3506265339181924,1.0563770724194326
1,1,False,0.6,0.14352168,3.1156790288318073,0.9707080297057581
2,2,True,0.7,0.24492104,3.5855743190840963,1.4471790268989166
4,4,True,0.65,0.08475184,3.3506265339181924,0.6945511996799378
6,6,False,0.6,0.091124445,3.1156790288318073,0.7244957963957146
1,1,True,0.55,0.0980561,2.880731243665904,0.7570673289375904
6,6,True,0.55,0.18945979,2.880731243665904,1.1865690958686406
1,1,True,0.6,0.13993447,3.1156790288318073,0.9538518639899456
2,2,True,0.65,0.0827913,3.3506265339181924,0.6853387191198733
0,0,True,0.45,0.08872729,2.410835673334096,0.7132316633410334
4,4,True,0.6,0.09347073,3.1156790288318073,0.7355208815811551
6,6,False,0.55,0.075570986,2.880731243665904,0.6514107964787018
6,6,True,0.5,0.11829784,2.6457834585,0.8521823335001352
3,3,False,0.55,0.19748434,2.880731243665904,1.2242761314561088
5,5,True,0.7,0.17343971,3.5855743190840963,1.1112914934392075
1,1,True,0.65,0.058258057,3.3506265339181924,0.5700581292481384
2,2,True,0.5,0.2244755,2.6457834585,1.351106360441936
2,2,True,0.55,0.2522689,2.880731243665904,1.481706319710182
1,1,True,0.6,0.11150372,3.1156790288318073,0.8202570844477414
4,4,True,0.55,0.06620652,2.880731243665904,0.6074076083200013
3,3,True,0.55,0.11972828,2.880731243665904,0.8589039268603265
5,5,True,0.65,0.2157766,3.3506265339181924,1.3102306452192545
1,1,True,0.55,0.08619133,2.880731243665904,0.7013152951070972
6,6,True,0.6,0.2512536,3.1156790288318073,1.4769354451880432
2,2,False,0.75,0.10781753,3.82052210425,0.8029358466910688
0,0,False,0.5,0.07666534,2.6457834585,0.6565531264625636
5,5,True,0.6,0.15030335,3.1156790288318073,1.0025747771486762
2,2,True,0.55,0.06252045,2.880731243665904,0.5900869307223661
0,0,True,0.45,0.04699837,2.410835673334096,0.5171493751669975
5,5,True,0.65,0.20062682,3.3506265339181924,1.2390424838428773
4,4,False,0.6,0.12147567,3.1156790288318073,0.8671148080514534
0,0,True,0.55,0.0752155,2.880731243665904,0.6497404022289638
2,2,True,0.8,0.069355056,4.055469889415903,0.622202423787861
1,1,True,0.55,0.085080504,2.880731243665904,0.6960955931561847
5,5,True,0.6,0.11929322,3.1156790288318073,0.8568595914431368
0,0,False,0.45,0.17337793,2.410835673334096,1.1110011910180382
2,2,True,0.6,0.04802163,3.1156790288318073,0.5219576227999178
4,4,True,0.6,0.30239084,3.1156790288318073,1.7172270075316591
6,6,True,0.55,0.11597911,2.880731243665904,0.84128675008217
6,6,True,0.45,0.0726054,2.410835673334096,0.6374756500836606
6,6,True,0.45,0.06451252,2.410835673334096,0.5994475733478417
7,7,True,0.55,0.087591454,2.880731243665904,0.7078944330220717
4,4,False,0.55,0.095561266,2.880731243665904,0.7453442155715816
4,4,True,0.5,0.12078086,2.6457834585,0.8638499561114945
4,4,False,0.65,0.07542278,3.3506265339181924,0.6507143787553662
3,3,False,0.6,0.1370183,3.1156790288318073,0.940148903515936
6,6,True,0.55,0.087059096,2.880731243665904,0.7053929028004864
1,1,True,0.5,0.18123068,2.6457834585,1.147900897392752
2,2,True,0.6,0.15949753,3.1156790288318073,1.0457778131322892
0,0,True,0.45,0.049400892,2.410835673334096,0.5284387153783648
0,0,True,0.4,0.080937855,2.175888028207952,0.6766294714350966
7,7,True,0.6,0.085278064,3.1156790288318073,0.6970239167210333
3,3,True,0.6,0.10870804,3.1156790288318073,0.8071203047208555
5,5,False,0.6,0.13389774,3.1156790288318073,0.9254855503721827
2,2,True,0.7,0.06551955,3.5855743190840963,0.6041795518268163
3,3,True,0.55,0.4115908,2.880731243665904,2.2303527115405175
5,5,True,0.6,0.18988356,3.1156790288318073,1.1885603912269698
7,7,True,0.65,0.08293114,3.3506265339181924,0.6859958206807664
6,6,True,0.55,0.03814845,2.880731243665904,0.47556400846372027
7,7,True,0.75,0.0908729,3.82052210425,0.7233137908067715
2,2,True,0.75,0.15643106,3.82052210425,1.0313686321517885
5,5,True,0.6,0.17849402,3.1156790288318073,1.1350414664092936
1,1,False,0.55,0.14069284,2.880731243665904,0.9574154557465756
2,2,True,0.55,0.20425715,2.880731243665904,1.256101217070615
6,6,True,0.5,0.0853961,2.6457834585,0.697578579197949
5,5,True,0.8,0.07353965,4.055469889415903,0.6418656514702592
6,6,True,0.55,0.058147844,2.880731243665904,0.5695402447130267
1,1,True,0.5,0.08194151,2.6457834585,0.6813455904113228
0,0,True,0.55,0.05732754,2.880731243665904,0.5656856678414006
4,4,True,0.65,0.09138896,3.3506265339181924,0.7257387542899225
0,0,True,0.5,0.23195519,2.6457834585,1.3862530491088845
0,0,True,0.4,0.09913015,2.175888028207952,0.7621142568353829
6,6,True,0.55,0.1061407,2.880731243665904,0.7950565096302449
3,3,True,0.5,0.074719615,2.6457834585,0.6474102456629047
1,1,True,0.55,0.13912474,2.880731243665904,0.9500469837279251
2,2,True,0.55,0.2700864,2.880731243665904,1.5654299300867203
7,7,False,0.6,0.10358438,3.1156790288318073,0.7830444592307206
5,5,False,0.65,0.26201275,3.3506265339181924,1.5274921789956937
0,0,True,0.45,0.18805818,2.410835673334096,1.1799830259855772
6,6,False,0.5,0.22561757,2.6457834585,1.3564728940805453
0,0,False,0.4,0.09953675,2.175888028207952,0.7640248192724366
3,3,True,0.45,0.19759683,2.410835673334096,1.2248047115278422
3,3,True,0.55,0.11766166,2.880731243665904,0.8491929747767926
2,2,True,0.75,0.27751812,3.82052210425,1.6003512247609666
2,2,False,0.65,0.093809366,3.3506265339181924,0.7371121183569105
6,6,False,0.5,0.20416158,2.6457834585,1.2556521795822024
5,5,False,0.7,0.34236637,3.5855743190840963,1.9050701789980855
0,0,False,0.35,0.22708102,1.9409402430420482,1.3633495464642964
5,7,False,0.3,0.024330633,1.7059925979159036,0.4106347053201585
4,4,True,0.55,0.16270615,2.880731243665904,1.0608549837649743
7,7,True,0.65,0.12366374,3.3506265339181924,0.8773964571643506
5,5,True,0.55,0.1209419,2.880731243665904,0.864606660951238
7,7,True,0.55,0.06680112,2.880731243665904,0.610201611579026
3,3,False,0.55,0.19496931,2.880731243665904,1.2124581061431887
2,2,True,0.6,0.09886516,3.1156790288318073,0.7608690583050252
6,6,False,0.5,0.061249156,2.6457834585,0.5841131671821683
1,1,False,0.6,0.0863857,3.1156790288318073,0.7022286344176933
6,6,True,0.5,0.08181157,2.6457834585,0.6807350170604796
1,1,True,0.55,0.09847299,2.880731243665904,0.7590262751115056
4,4,False,0.65,0.07936516,3.3506265339181924,0.6692394332935034
2,2,True,0.6,0.045183793,3.1156790288318073,0.5086227568334062
2,2,True,0.65,0.048288018,3.3506265339181924,0.523209368189026
3,3,True,0.55,0.11762182,2.880731243665904,0.8490057416185179
2,2,True,0.6,0.09362527,3.1156790288318073,0.7362470577533563
6,6,False,0.6,0.22282694,3.1156790288318073,1.3433598510928724
5,5,True,0.65,0.13194235,3.3506265339181924,0.9162972616805489
4,4,True,0.6,0.38457027,3.1156790288318073,2.1033844033519538
1,1,True,0.5,0.10125297,2.6457834585,0.7720892888951445
6,6,True,0.45,0.11390118,2.410835673334096,0.8315226529099561
7,7,True,0.6,0.1455863,3.1156790288318073,0.9804095641154745
3,3,True,0.5,0.13040751,2.6457834585,0.9090851440532325
1,1,False,0.55,0.13457969,2.880731243665904,0.9286900101659142
6,6,True,0.55,0.17277116,2.880731243665904,1.108149981517312
5,5,True,0.6,0.14834158,3.1156790288318073,0.9933565199485376
0,0,True,0.4,0.06668028,2.175888028207952,0.6096337853647298
5,5,True,0.6,0.22532193,3.1156790288318073,1.3550836996676177
7,7,True,0.6,0.12394061,3.1156790288318073,0.8786974615388163
6,6,True,0.5,0.08089309,2.6457834585,0.6764191317165262
5,5,False,0.7,0.2626908,3.5855743190840963,1.5306783636008277
7,7,True,0.45,0.09534597,2.410835673334096,0.7443325333399695
5,5,True,0.6,0.09347655,3.1156790288318073,0.7355482243441716
3,3,True,0.6,0.10155775,3.1156790288318073,0.7735214054943184
7,7,False,0.55,0.1405348,2.880731243665904,0.9566728249026486
5,5,True,0.7,0.05938282,3.5855743190840963,0.5753433347964951
4,4,True,0.6,0.11860313,3.1156790288318073,0.853616900795098
1,1,True,0.6,0.058473654,3.1156790288318073,0.5710712118773442
4,4,True,0.7,0.11079377,3.5855743190840963,0.8169210573000839
1,1,True,0.55,0.056964718,2.880731243665904,0.5639807888009183
3,3,True,0.45,0.065147765,2.410835673334096,0.6024325558287043
1,1,True,0.55,0.068282396,2.880731243665904,0.6171620427488189
0,0,False,0.45,0.18966067,2.410835673334096,1.1875130338666584
2,2,True,0.65,0.061800104,3.3506265339181924,0.5867020472036593
5,5,True,0.6,0.1495798,3.1156790288318073,0.9991748218508673
6,6,True,0.4,0.10875904,2.175888028207952,0.8073599477590735
6,6,True,0.5,0.3972937,2.6457834585,2.16317115769953
7,7,False,0.55,0.14177914,2.880731243665904,0.9625199049755284
1,1,True,0.45,0.10137054,2.410835673334096,0.7726417457458501
4,4,True,0.6,0.21079235,3.1156790288318073,1.2868098357035622
7,7,False,0.6,0.047747694,3.1156790288318073,0.5206704123417496
6,6,True,0.5,0.05910679,2.6457834585,0.5740462865452314
7,7,True,0.55,0.2130449,2.880731243665904,1.2973944608358512
7,7,True,0.65,0.120327234,3.3506265339181924,0.8617183759242188
5,5,True,0.6,0.1858915,3.1156790288318073,1.1698018554000265
1,1,True,0.6,0.16011041,3.1156790288318073,1.0486577307836862
1,1,False,0.6,0.11417693,3.1156790288318073,0.8328183707835057
7,7,True,0.6,0.07894476,3.1156790288318073,0.6672639974379228
5,5,True,0.7,0.12379034,3.5855743190840963,0.8779913460621446
0,0,True,0.4,0.047387987,2.175888028207952,0.5189801674561213
7,7,True,0.55,0.098568566,2.880731243665904,0.7594753826197977
3,3,True,0.5,0.072532535,2.6457834585,0.6371332528720066
4,4,True,0.55,0.22718571,2.880731243665904,1.3638415061389553
3,3,True,0.55,0.17217399,2.880731243665904,1.1053439348389815
3,3,False,0.55,0.24196833,2.880731243665904,1.4333043776799224
1,1,True,0.65,0.07231927,3.3506265339181924,0.6361311283539712
0,0,True,0.5,0.08802225,2.6457834585,0.7099187077437319
0,0,False,0.5,0.11925817,2.6457834585,0.8566949046861204
4,4,True,0.55,0.07975434,2.880731243665904,0.6710681775011464
4,4,True,0.45,0.079170115,2.410835673334096,0.6683229430883215
6,6,True,0.55,0.17673519,2.880731243665904,1.1267768099505697
3,3,True,0.5,0.10150364,2.6457834585,0.7732671633111863
1,1,True,0.5,0.0528995,2.6457834585,0.5448785078796373
5,5,True,0.6,0.084719434,3.1156790288318073,0.6943989414515654
4,4,True,0.7,0.5239806,3.5855743190840963,2.7584672911137793
7,7,False,0.7,0.16303854,3.5855743190840963,1.0624168472012023
4,4,True,0.6,0.09679364,3.1156790288318073,0.7511350696810752
0,0,True,0.55,0.06611911,2.880731243665904,0.6069968717057758
2,2,True,0.65,0.13179019,3.3506265339181924,0.9155822886890971
2,2,False,0.6,0.09456823,3.1156790288318073,0.7406779857596302
7,7,False,0.55,0.1843417,2.880731243665904,1.1625194378135075
1,1,False,0.5,0.10909289,2.6457834585,0.8089287081534503
7,7,False,0.55,0.15902118,2.880731243665904,1.0435394876384356
2,2,True,0.5,0.221573,2.6457834585,1.3374676081975965
3,3,False,0.55,0.1671764,2.880731243665904,1.081860457530972
5,5,False,0.6,0.025063368,3.1156790288318073,0.4140777928638526
7,7,True,0.6,0.0407678,3.1156790288318073,0.4878722079443673
6,6,True,0.5,0.13576904,2.6457834585,0.9342787168827607
5,5,False,0.65,0.2514652,3.3506265339181924,1.4779297274795538
4,4,True,0.6,0.14590597,3.1156790288318073,0.9819117005943322
5,5,True,0.65,0.18211274,3.3506265339181924,1.1520456541507578
7,7,True,0.4,0.12400617,2.175888028207952,0.8790055139994855
1,1,True,0.7,0.120906495,3.5855743190840963,0.8644402937171091
2,2,False,0.75,0.018198356,3.82052210425,0.3818194154813779
2,2,False,0.55,0.06986667,2.880731243665904,0.6246064863369263
2,2,True,0.65,0.042700667,3.3506265339181924,0.496954661587859
0,0,True,0.4,0.10017729,2.175888028207952,0.7670346938205266
6,6,True,0.55,0.19308148,2.880731243665904,1.2035872875860414
6,6,True,0.55,0.053773325,2.880731243665904,0.5489845786541179
0,0,True,0.55,0.1115326,2.880731243665904,0.8203927829745687
4,4,True,0.6,0.15335375,3.1156790288318073,1.0169084766988776
3,3,True,0.65,0.12947538,3.3506265339181924,0.9047051204994888
2,2,True,0.6,0.08510761,3.1156790288318073,0.6962229593173297
4,4,True,0.75,0.14623858,3.82052210425,0.9834746143287555
0,0,True,0.4,0.09138303,2.175888028207952,0.7257108863778083
1,1,False,0.8,0.18222466,4.055469889415903,1.1525715734670632
4,4,False,0.65,0.20997089,3.3506265339181924,1.2829498497962304
0,0,True,0.5,0.09752812,2.6457834585,0.7545863845606322
2,2,True,0.6,0.4175858,3.1156790288318073,2.2585228294554063
5,5,False,0.6,0.10169744,3.1156790288318073,0.7741778068564147
3,3,True,0.5,0.10720574,2.6457834585,0.8000610755008287
2,2,True,0.65,0.15145959,3.3506265339181924,1.0080078996928648
2,2,True,0.6,0.111632265,3.1156790288318073,0.8208611109398342
6,6,True,0.55,0.16986062,2.880731243665904,1.094473488557823
2,2,True,0.75,0.18373176,3.82052210425,1.159653384098288
3,3,True,0.5,0.094827555,2.6457834585,0.7418965417257682
3,3,True,0.5,0.12557511,2.6457834585,0.8863779071313983
7,7,False,0.55,0.33506623,2.880731243665904,1.8707671598614477
4,4,True,0.6,0.18269993,3.1156790288318073,1.1548048575295797
1,1,True,0.65,0.080162324,3.3506265339181924,0.6729852867969505
7,7,True,0.55,0.70150054,2.880731243665904,3.59262532096826
1,1,False,0.5,0.10874713,2.6457834585,0.807304001875206
3,3,True,0.45,0.12170437,2.410835673334096,0.8681894731648412
1,1,True,0.45,0.09678431,2.410835673334096,0.7510912372363931
1,1,True,0.5,0.14204927,2.6457834585,0.9637892253544372
0,0,True,0.5,0.11500815,2.6457834585,0.8367242547219702
4,4,True,0.6,0.13215542,3.1156790288318073,0.9172984759401484
5,5,False,0.8,0.17369644,4.055469889415903,1.1124978659462808
5,5,False,0.6,0.22059667,3.1156790288318073,1.3328799056807104
6,6,True,0.5,0.23492157,2.6457834585,1.4001919765774287
2,2,True,0.7,0.16595976,3.5855743190840963,1.0761435444144247
4,4,False,0.6,0.10359252,3.1156790288318073,0.7830827250949679
5,5,True,0.6,0.2135536,3.1156790288318073,1.2997847994884986
4,4,False,0.6,0.25248283,3.1156790288318073,1.4827115251029235
4,4,False,0.6,0.12246241,3.1156790288318073,0.8717514544642384
3,3,True,0.55,0.09282363,2.880731243665904,0.7324801982860041
1,1,True,0.55,0.07833191,2.880731243665904,0.6643842548362251
7,7,False,0.55,0.37012622,2.880731243665904,2.035512453497284
3,3,True,0.5,0.24517448,2.6457834585,1.4483699250125797
0,0,True,0.35,0.08461832,1.9409402430420482,0.6939238215579706
7,7,True,0.65,0.177046,3.3506265339181924,1.1282372846010154
6,6,True,0.5,0.094556525,2.6457834585,0.7406229851441385
1,1,True,0.65,0.23636723,3.3506265339181924,1.4069850252248373
1,1,True,0.65,0.068575114,3.3506265339181924,0.6185375132653285
0,0,True,0.5,0.08332448,2.6457834585,0.6878441004348412
7,7,True,0.55,0.07177811,2.880731243665904,0.6335882513934326
3,3,True,0.45,0.136289,2.410835673334096,0.9367219905644489
0,0,False,0.4,0.19707206,2.175888028207952,1.2223388214250162
7,7,True,0.45,0.07760546,2.410835673334096,0.6609707156817577
0,0,True,0.35,0.120628886,1.9409402430420482,0.863135823358599
3,3,False,0.35,0.118176624,1.9409402430420482,0.851612756788847
2,2,True,0.65,0.09121629,3.3506265339181924,0.724927363924146
4,4,True,0.55,0.090000264,2.880731243665904,0.7192133216226656
7,7,True,0.5,0.13102475,2.6457834585,0.911985507509497
6,6,False,0.45,0.09470428,2.410835673334096,0.7413172672611437
1,1,True,0.55,0.08855891,2.880731243665904,0.7124404737105458
5,3,False,0.4,0.12520596,2.175888028207952,0.8846433046519901
1,1,True,0.5,0.09044056,2.6457834585,0.7212822340176241
3,3,True,0.5,0.11026241,2.6457834585,0.8144242184104374
6,6,True,0.45,0.09235493,2.410835673334096,0.7302777929904283
7,7,False,0.5,0.15529686,2.6457834585,1.0260390690096521
5,5,True,0.65,0.15954508,3.3506265339181924,1.0460012465683606
5,5,True,0.6,0.12775059,3.1156790288318073,0.8966003894459625
0,0,True,0.4,0.11141047,2.175888028207952,0.8198189000406798
6,6,False,0.6,0.27399042,3.1156790288318073,1.5837747184446116
5,5,True,0.6,0.23979698,3.1156790288318073,1.4231012908720304
2,2,True,0.6,0.40504363,3.1156790288318073,2.1995877969243045
3,3,True,0.55,0.08548987,2.880731243665904,0.6980191792908597
4,4,False,0.55,0.13210547,2.880731243665904,0.9170637693034481
1,1,False,0.5,0.054313436,2.6457834585,0.5515225367181087
2,2,True,0.6,0.1469628,3.1156790288318073,0.9868777205211501
5,5,False,0.7,0.2956347,3.5855743190840963,1.6854801341227599
3,3,True,0.55,0.08576176,2.880731243665904,0.6992967970255111
7,7,False,0.65,0.07959612,3.3506265339181924,0.6703247064186633
3,3,True,0.55,0.09864279,2.880731243665904,0.7598241516405031
1,1,False,0.5,0.19363184,2.6457834585,1.206173401822285
6,6,True,0.5,0.12129288,2.6457834585,0.8662559091973114
4,4,False,0.65,0.18087699,3.3506265339181924,1.146238905528576
2,2,True,0.65,0.08649708,3.3506265339181924,0.7027520330183302
1,1,True,0.65,0.14976738,3.3506265339181924,1.0000563021162072
4,4,True,0.5,0.0675075,2.6457834585,0.6135208339555593
4,4,False,0.65,0.1093816,3.3506265339181924,0.8102853433223249
6,6,True,0.5,0.15463735,2.6457834585,1.0229400591547244
2,2,True,0.65,0.06367554,3.3506265339181924,0.5955146267258794
4,4,False,0.7,0.07536873,3.5855743190840963,0.6504604166517529
6,6,False,0.55,0.14962359,2.880731243665904,0.9993806102772581
0,0,True,0.55,0.06872851,2.880731243665904,0.619258297906794
4,4,True,0.8,0.17951141,4.055469889415903,1.1398221437145883
2,2,True,0.6,0.058406264,3.1156790288318073,0.5707545469714741
0,0,True,0.4,0.26477504,2.175888028207952,1.540472044172208
0,0,True,0.45,0.12730701,2.410835673334096,0.8945160376675336
1,1,True,0.55,0.12483573,2.880731243665904,0.8829035907213653
3,3,True,0.5,0.17624547,2.6457834585,1.1244756066047596
1,1,True,0.55,0.103411555,2.880731243665904,0.7822323686661474
4,4,True,0.65,0.17439519,3.3506265339181924,1.1157812381444159
1,1,True,0.55,0.16925202,2.880731243665904,1.0916137366317749
7,7,True,0.55,0.19811037,2.880731243665904,1.227217806641387
6,6,False,0.55,0.07422457,2.880731243665904,0.6450840452200478
3,3,True,0.45,0.16258389,2.410835673334096,1.0602804706521682
3,3,False,0.5,0.07726411,2.6457834585,0.65936670027796
4,4,True,0.6,0.088353,3.1156790288318073,0.7114729040031345
1,1,True,0.55,0.074473605,2.880731243665904,0.6462542524592642
5,5,False,0.7,0.19185618,3.5855743190840963,1.197829622899518
4,4,True,0.65,0.16109094,3.3506265339181924,1.053265178906643
7,7,False,0.5,0.11892402,2.6457834585,0.8551247438941499
2,2,False,0.65,0.44662663,3.3506265339181924,2.394984432931506
7,7,True,0.6,0.07909763,3.1156790288318073,0.6679823313835994
5,5,True,0.6,0.108570196,3.1156790288318073,0.80647258582384
4,4,True,0.55,0.106803134,2.880731243665904,0.7981692433815906
2,2,True,0.65,0.23502287,3.3506265339181924,1.4006679717195196
0,0,True,0.35,0.04408275,1.9409402430420482,0.5034490054285363
7,7,True,0.7,0.11916179,3.5855743190840963,0.8562420161043253
1,1,True,0.6,0.07558595,3.1156790288318073,0.6514810964379043
1,1,True,0.55,0.105602115,2.880731243665904,0.7925257110989516
0,0,True,0.4,0.07778607,2.175888028207952,0.6618193916334658
5,5,True,0.65,0.1718535,3.3506265339181924,1.1038379472667412
0,0,False,0.4,0.13822319,2.175888028207952,0.9458106409672926
2,2,True,0.6,0.049182545,3.1156790288318073,0.5274127140813574
0,0,True,0.45,0.1443616,2.410835673334096,0.9746547702440181
5,5,True,0.65,0.14916506,3.3506265339181924,0.9972260285595063
4,4,False,0.6,0.19173938,3.1156790288318073,1.197280807082556
2,2,False,0.6,0.14685309,3.1156790288318073,0.9863621641470378
7,7,True,0.55,0.14796907,2.880731243665904,0.991606092976321
3,3,True,0.5,0.1469274,2.6457834585,0.9867113532870212
1,1,False,0.7,0.39819872,3.5855743190840963,2.1674238851120085
1,1,True,0.7,0.09154398,3.5855743190840963,0.7264671710982736
6,6,False,0.55,0.11458665,2.880731243665904,0.8347436373952929
7,7,True,0.7,0.080888234,3.5855743190840963,0.6763963052357493
1,1,False,0.7,0.13606097,3.5855743190840963,0.9356504763456469
6,6,False,0.5,0.09565173,2.6457834585,0.7457693062611424
4,4,True,0.6,0.061941843,3.1156790288318073,0.587368076299212
5,5,True,0.65,0.06326557,3.3506265339181924,0.5935882047860774
1,1,True,0.55,0.09133616,2.880731243665904,0.7254906388462627
3,3,True,0.55,0.11806467,2.880731243665904,0.8510866974327821
4,4,True,0.55,0.05467519,2.880731243665904,0.5532224093371936
2,2,True,0.75,0.15249142,3.82052210425,1.0128564262615734
3,3,True,0.5,0.21732809,2.6457834585,1.3175209750521777
4,4,False,0.65,0.09212829,3.3506265339181924,0.7292128256303767
3,3,True,0.55,0.08359141,2.880731243665904,0.6890984015495579
7,7,True,0.6,0.07294969,3.1156790288318073,0.6390934594037561
4,4,True,0.55,0.080844566,2.880731243665904,0.6761911119783358
7,7,False,0.6,0.4201807,3.1156790288318073,2.270716231343312
3,3,True,0.5,0.118928276,2.6457834585,0.8551447345697997
0,0,True,0.5,0.0545286,2.6457834585,0.5525335887708037
1,1,True,0.65,0.12513566,3.3506265339181924,0.8843129508596418
6,6,True,0.6,0.23578502,3.1156790288318073,1.4042492785057095
0,0,True,0.5,0.0574073,2.6457834585,0.5660604667523783
2,2,True,0.7,0.06930899,3.5855743190840963,0.6219859573298183
1,1,True,0.5,0.06317076,2.6457834585,0.5931427033015889
6,6,True,0.55,0.13281447,2.880731243665904,0.9203953151788058
4,4,True,0.65,0.07969334,3.3506265339181924,0.6707815511236606
3,3,True,0.5,0.107055955,2.6457834585,0.7993572356702466
1,1,True,0.6,0.054777663,3.1156790288318073,0.5537039185448096
3,3,True,0.55,0.056656945,2.880731243665904,0.5625345807009581
2,2,True,0.65,0.09437973,3.3506265339181924,0.7397922342816294
1,1,True,0.5,0.0736261,2.6457834585,0.6422718718022451
1,1,True,0.55,0.09594784,2.880731243665904,0.7471607063002799
3,3,False,0.5,0.16965169,2.6457834585,1.0934917398247754
6,6,True,0.5,0.08630389,2.6457834585,0.7018442252782291
1,1,False,0.5,0.13040899,2.6457834585,0.9090920760213211
4,4,True,0.6,0.1877596,3.1156790288318073,1.1785799676364723
4,4,True,0.55,0.17620261,2.880731243665904,1.124274229430789
0,0,True,0.5,0.10976822,2.6457834585,0.8121020441106623
2,2,True,0.65,0.09462581,3.3506265339181924,0.7409485425747286
2,2,True,0.75,0.15753436,3.82052210425,1.0365529740634605
1,1,True,0.55,0.12279916,2.880731243665904,0.8733338337252138
2,2,True,0.6,0.15618575,3.1156790288318073,1.0302158948725533
1,1,True,0.6,0.14133854,3.1156790288318073,0.9604495571730363
4,4,True,0.6,0.11824112,3.1156790288318073,0.8519158028281186
4,4,False,0.6,0.075343,3.1156790288318073,0.6503394923195389
1,1,False,0.55,0.10173089,2.880731243665904,0.7743350014863049
2,2,True,0.5,0.37223905,2.6457834585,2.0454405722376574
0,0,False,0.3,0.09833014,1.7059925979159036,0.7583550295349163
0,0,True,0.45,0.20227857,2.410835673334096,1.2468039774461932
5,5,False,0.65,0.172298,3.3506265339181924,1.1059266402777106
0,0,False,0.5,0.11133985,2.6457834585,0.8194870758308581
6,6,True,0.6,0.11652592,3.1156790288318073,0.8438561645771089
6,6,True,0.5,0.18117641,2.6457834585,1.1476458849909434
0,0,True,0.45,0.040936437,2.410835673334096,0.4886646229227495
4,4,True,0.7,0.10552754,3.5855743190840963,0.7921752966110739
5,5,True,0.75,0.16003029,3.82052210425,1.0482812338906262
7,7,False,0.6,0.08513085,3.1156790288318073,0.6963321553196966
6,6,True,0.5,0.2052196,2.6457834585,1.2606237310795154
5,5,False,0.6,0.19602902,3.1156790288318073,1.2174376399067857
5,5,True,0.6,0.05942721,3.1156790288318073,0.5755519240180733
0,0,False,0.5,0.088396996,2.6457834585,0.7116796376979011
7,7,True,0.6,0.12957796,3.1156790288318073,0.9051871373512325
7,7,True,0.55,0.1428987,2.880731243665904,0.9677806385759355
0,0,True,0.55,0.09842262,2.880731243665904,0.7587895729082343
5,5,True,0.6,0.15689847,3.1156790288318073,1.0335649457178318
7,7,False,0.5,0.15542063,2.6457834585,1.0266206541303062
7,7,False,0.6,0.15813623,3.1156790288318073,1.039381147023771
4,4,True,0.6,0.12519161,3.1156790288318073,0.8845758755078547
6,6,True,0.5,0.124713555,2.6457834585,0.8823294977278373
2,2,True,0.55,0.09097652,2.880731243665904,0.7238007090500931
5,5,False,0.65,0.1463639,3.3506265339181924,0.9840634815168967
1,1,True,0.55,0.054828063,2.880731243665904,0.5539407432828702
2,2,False,0.6,0.084260225,3.1156790288318073,0.6922411388193481
2,2,True,0.65,0.13245194,3.3506265339181924,0.9186918015259773
6,6,True,0.55,0.104836695,2.880731243665904,0.7889290349491711
6,6,True,0.6,0.19656563,3.1156790288318073,1.2199591257940807
5,5,True,0.6,0.17354137,3.1156790288318073,1.1117691690584108
1,1,False,0.55,0.11796744,2.880731243665904,0.850629817717845
7,7,False,0.55,0.09934301,2.880731243665904,0.7631144558067269
6,6,False,0.5,0.28753364,2.6457834585,1.6474136864928743
4,4,True,0.75,0.22269955,3.82052210425,1.342761251141455
4,4,True,0.6,0.14696361,3.1156790288318073,0.986881501594653
2,2,True,0.6,0.06987732,3.1156790288318073,0.6246565155409605
6,6,True,0.6,0.18850131,3.1156790288318073,1.1820652771676157
2,2,True,0.65,0.040938832,3.3506265339181924,0.48867587861840867
0,0,True,0.4,0.074430466,2.175888028207952,0.6460515449075794
5,5,False,0.6,0.1479084,3.1156790288318073,0.9913210420461279
4,4,False,0.55,0.30852637,2.880731243665904,1.746057552951726
1,1,True,0.6,0.15781535,3.1156790288318073,1.0378733389346588
5,5,True,0.7,0.18328018,3.5855743190840963,1.157531431644469
1,1,True,0.45,0.10777114,2.410835673334096,0.802717874805613
0,0,True,0.45,0.13254476,2.410835673334096,0.919127955356528
6,6,True,0.6,0.23495385,3.1156790288318073,1.4003436396368238
3,3,True,0.55,0.09303515,2.880731243665904,0.7334740954681765
6,6,False,0.55,0.11449712,2.880731243665904,0.8343229229482125
1,1,True,0.55,0.07846948,2.880731243665904,0.6650306783654665
6,6,True,0.45,0.19478539,2.410835673334096,1.2115938507682509
3,3,False,0.55,0.078123964,2.880731243665904,0.663407127415237
1,1,True,0.5,0.0719713,2.6457834585,0.634496024123594
0,0,False,0.5,0.118073486,2.6457834585,0.8511281141916152
2,2,True,0.65,0.27143332,3.3506265339181924,1.5717590270113437
7,7,True,0.6,0.24064136,3.1156790288318073,1.427068967354316
3,3,True,0.55,0.1571022,2.880731243665904,1.0345222575128696
0,0,False,0.45,0.1237057,2.410835673334096,0.8775936331455403
1,1,True,0.65,0.11788699,3.3506265339181924,0.8502517803874319
2,2,True,0.55,0.111816004,2.880731243665904,0.8217244910662759
0,0,False,0.45,0.23000568,2.410835673334096,1.377092418269726
0,0,True,0.35,0.0817188,1.9409402430420482,0.6802991082995078
6,6,False,0.55,0.10588397,2.880731243665904,0.7938501371231719
1,1,False,0.5,0.095003866,2.6457834585,0.7427250169421875
6,6,True,0.55,0.22665092,2.880731243665904,1.3613285626769815
1,1,True,0.55,0.054348987,2.880731243665904,0.5516895866460645
0,0,True,0.45,0.11878937,2.410835673334096,0.8544920092513868
7,7,True,0.55,0.13233924,2.880731243665904,0.9181622411759284
6,6,True,0.4,0.25702336,2.175888028207952,1.50404728264139
6,6,True,0.6,0.1250092,3.1156790288318073,0.8837186921407649
4,4,False,0.6,0.11633098,3.1156790288318073,0.8429401645110847
0,0,False,0.4,0.21006092,2.175888028207952,1.2833729099092803
0,0,True,0.4,0.16021244,2.175888028207952,1.0491371568998815
0,0,True,0.55,0.06632002,2.880731243665904,0.6079409147336132
5,5,True,0.6,0.08744046,3.1156790288318073,0.7071849215812351
4,4,False,0.6,0.05913672,3.1156790288318073,0.5741869214735764
6,6,True,0.55,0.11524914,2.880731243665904,0.8378566512261573
3,3,False,0.55,0.11951311,2.880731243665904,0.8578928397976916
2,2,True,0.55,0.10534958,2.880731243665904,0.7913390491880097
4,4,False,0.65,0.12613638,3.3506265339181924,0.8890152759195703
6,6,True,0.5,0.11592883,2.6457834585,0.8410504679981768
6,6,True,0.45,0.11394061,2.410835673334096,0.8317079255115996
1,1,True,0.55,0.07111052,2.880731243665904,0.6304512557537765
3,3,True,0.6,0.10333426,3.1156790288318073,0.7818691755502272
4,4,False,0.55,0.1922347,2.880731243665904,1.1996082678832471
5,5,False,0.7,0.09895467,3.5855743190840963,0.761289667722286
5,5,True,0.65,0.15149662,3.3506265339181924,1.0081818990938793
1,1,False,0.55,0.0141807785,2.880731243665904,0.36294100124417356
7,7,True,0.6,0.092956305,3.1156790288318073,0.7331036202847693
2,2,True,0.55,0.14624101,2.880731243665904,0.9834860275691439
1,1,False,0.5,0.06831768,2.6457834585,0.6173278498239102
5,5,True,0.7,0.1503554,3.5855743190840963,1.0028193565884118
7,7,False,0.65,0.06673282,3.3506265339181924,0.6098806404505552
0,0,False,0.5,0.21815231,2.6457834585,1.3213939846571308
7,7,True,0.75,0.083594956,3.82052210425,0.6891150662809227
1,1,True,0.65,0.15328501,3.3506265339181924,1.0165854749938963
2,2,False,0.7,0.08791144,3.5855743190840963,0.7093980399184028
4,4,True,0.65,0.1897917,3.3506265339181924,1.1881287186687186
5,5,True,0.6,0.17629135,3.1156790288318073,1.1246911978143064
6,6,True,0.6,0.043207653,3.1156790288318073,0.4993369654593126
6,6,True,0.55,0.12304883,2.880731243665904,0.8745070168093168
5,5,True,0.6,0.22102118,3.1156790288318073,1.334874632013144
3,3,True,0.45,0.2364744,2.410835673334096,1.4074886081995235
7,7,True,0.8,0.15180992,4.055469889415903,1.0096540670642322
0,0,False,0.45,0.05339497,2.410835673334096,0.5472067038890652
2,2,True,0.5,0.09285653,2.6457834585,0.7326347671704062
4,4,False,0.55,0.121716544,2.880731243665904,0.8682466794065429
6,6,True,0.5,0.12828326,2.6457834585,0.8991033900850213
6,6,True,0.5,0.14291114,2.6457834585,0.9678391051754716
3,3,True,0.5,0.11954155,2.6457834585,0.8580264727380683
1,1,True,0.55,0.49008515,2.880731243665904,2.5991940510752367
4,4,True,0.6,0.09212449,3.1156790288318073,0.7291949705610573
2,2,False,0.75,0.3105309,3.82052210425,1.755476767206557
7,7,True,0.6,0.09467604,3.1156790288318073,0.7411845795891429
5,5,False,0.7,0.092856444,3.5855743190840963,0.7326343820610679
1,1,True,0.6,0.13634834,3.1156790288318073,0.93700080972535
4,4,True,0.65,0.093737915,3.3506265339181924,0.7367763730338264
6,6,True,0.5,0.2041074,2.6457834585,1.2553975872996719
0,0,False,0.35,0.11245634,1.9409402430420482,0.8247333853360503
2,2,True,0.65,0.122746594,3.3506265339181924,0.873086838599629
5,5,True,0.6,0.12739989,3.1156790288318073,0.8949524715776032
1,1,True,0.65,0.08632553,3.3506265339181924,0.7019459291534699
4,4,True,0.65,0.09615084,3.3506265339181924,0.748114587121213
3,3,True,0.6,0.14205763,3.1156790288318073,0.96382850650694
7,7,True,0.6,0.09814837,3.1156790288318073,0.7575008920325927
7,7,True,0.65,0.10967919,3.3506265339181924,0.8116837103394912
6,6,True,0.6,0.140071,3.1156790288318073,0.9544934561474887
5,5,True,0.6,0.7147273,3.1156790288318073,3.654777206811797
0,0,False,0.45,0.20153517,2.410835673334096,1.2433107556686456
6,6,True,0.45,0.109577574,2.410835673334096,0.8112062097699871
4,4,True,0.6,0.091157064,3.1156790288318073,0.7246490699123426
2,2,False,0.65,0.11876147,3.3506265339181924,0.8543609320366186
6,6,True,0.55,0.08880964,2.880731243665904,0.7136186282061063
7,7,True,0.4,0.085312374,2.175888028207952,0.6971851374940055
4,4,False,0.6,0.10927794,3.1156790288318073,0.8097982500293043
2,2,True,0.6,0.09563364,3.1156790288318073,0.7456843021272062
2,2,True,0.6,0.07295699,3.1156790288318073,0.6391277341348612
6,6,True,0.5,0.14642195,2.6457834585,0.984336278968145
6,6,False,0.6,0.18015666,3.1156790288318073,1.1428541445446587
0,0,True,0.5,0.073945634,2.6457834585,0.6437733430922458
5,5,False,0.65,0.19400275,3.3506265339181924,1.2079162666474956
3,3,False,0.6,0.13933724,3.1156790288318073,0.9510455372320965
5,5,False,0.65,0.09632344,3.3506265339181924,0.748925627387591
2,2,True,0.65,0.18154976,3.3506265339181924,1.1494002330764221
4,4,False,0.55,0.0815233,2.880731243665904,0.6793804474780556
7,7,True,0.6,0.052442648,3.1156790288318073,0.54273178589338
2,2,True,0.6,0.15033129,3.1156790288318073,1.0027060644230832
7,7,True,0.55,0.08329683,2.880731243665904,0.6877141785480878
5,5,True,0.65,0.2863332,3.3506265339181924,1.641772884985543
2,2,False,0.6,0.11392884,3.1156790288318073,0.8316526098066492
3,3,True,0.5,0.07159404,2.6457834585,0.632723295819698
1,1,True,0.5,0.12879694,2.6457834585,0.901517115377483
2,2,True,0.55,0.096444,2.880731243665904,0.7494921582341132
1,1,True,0.55,0.07853161,2.880731243665904,0.6653226262538083
1,1,False,0.45,0.19829717,2.410835673334096,1.2280955758531036
2,2,False,0.6,0.09289902,3.1156790288318073,0.7328344288573247
4,4,True,0.6,0.06513082,3.1156790288318073,0.6023529432255037
5,5,False,0.6,0.20332894,3.1156790288318073,1.2517396087452282
7,7,True,0.6,0.1130914,3.1156790288318073,0.8277175275783566
7,7,True,0.6,0.12251665,3.1156790288318073,0.8720063268262876
7,7,True,0.55,0.099693336,2.880731243665904,0.7647606231780943
7,7,True,0.6,0.091371045,3.1156790288318073,0.7256545553846027
2,2,True,0.7,0.12751698,3.5855743190840963,0.8955026877921588
5,5,True,0.6,0.33192253,3.1156790288318073,1.8559950658445454
1,1,False,0.6,0.17764685,3.1156790288318073,1.1310606261896277
7,7,True,0.65,0.08856928,3.3506265339181924,0.7124892075468057
3,3,True,0.5,0.08705955,2.6457834585,0.7053950384068167
4,4,False,0.6,0.0836758,3.1156790288318073,0.6894949591381474
3,3,False,0.5,0.09844257,2.6457834585,0.7588833295271309
0,0,True,0.5,0.1278136,2.6457834585,0.8968964334972659
3,3,True,0.55,0.114682965,2.880731243665904,0.8351962108876295
6,6,True,0.6,0.14696349,3.1156790288318073,0.9868809414356156
1,1,True,0.45,0.1067004,2.410835673334096,0.7976864913211102
5,5,True,0.6,0.18103944,3.1156790288318073,1.1470022622568894
0,0,False,0.55,0.19244148,2.880731243665904,1.20057993375362
5,5,True,0.65,0.1459975,3.3506265339181924,0.9823417626953505
7,7,False,0.7,0.029746404,3.5855743190840963,0.43608316801670577
1,1,True,0.5,0.064718515,2.6457834585,0.6004155281645913
3,3,True,0.45,0.095917046,2.410835673334096,0.7470160102189133
4,4,False,0.6,0.19606934,3.1156790288318073,1.21762711370121
3,3,True,0.55,0.11524077,2.880731243665904,0.837817300053775
0,0,False,0.5,0.118674144,2.6457834585,0.8539505805317313
6,6,False,0.5,0.0660353,2.6457834585,0.606603044892494
4,4,False,0.65,0.323899,3.3506265339181924,1.8182928616287752
5,5,True,0.65,0.24695222,3.3506265339181924,1.4567234366986226
1,1,True,0.5,0.08245316,2.6457834585,0.6837498280100873
4,4,True,0.6,0.13291806,3.1156790288318073,0.9208820933823679
4,4,True,0.55,0.14753747,2.880731243665904,0.9895780371811578
7,7,True,0.65,0.09082085,3.3506265339181924,0.7230692113670358
1,1,True,0.65,0.061675128,3.3506265339181924,0.5861147904727508
2,2,False,0.65,0.07018617,3.3506265339181924,0.6261077825772279
3,3,True,0.5,0.18672846,2.6457834585,1.1737347320021092
2,2,True,0.6,0.065483615,3.1156790288318073,0.6040106988869587
7,7,True,0.55,0.17260073,2.880731243665904,1.1073491641533675
3,3,True,0.5,0.07615106,2.6457834585,0.6541365303550348
3,3,True,0.6,0.116214015,3.1156790288318073,0.8423905434655062
2,2,True,0.6,0.2381561,3.1156790288318073,1.4153908417610042
6,6,False,0.5,0.079135925,2.6457834585,0.6681622824743869
0,0,True,0.4,0.09847433,2.175888028207952,0.7590325769006772
4,4,True,0.55,0.18043669,2.880731243665904,1.1441699581236775
2,2,False,0.55,0.11334741,2.880731243665904,0.8289205041212651
3,3,True,0.55,0.101831935,2.880731243665904,0.774809806290441
7,7,True,0.65,0.18453537,3.3506265339181924,1.1634294861897585
3,3,True,0.55,0.17028156,2.880731243665904,1.096451480139012
2,2,False,0.65,0.07636933,3.3506265339181924,0.6551621815526438
7,7,True,0.6,0.097234525,3.1156790288318073,0.7532067828712212
4,4,True,0.6,0.15628426,3.1156790288318073,1.0306787962971433
1,1,True,0.55,0.12371959,2.880731243665904,0.8776588916734056
1,1,False,0.55,0.19076847,2.880731243665904,1.1927185217819951
7,7,True,0.75,0.08162412,3.82052210425,0.6798542019839966
2,2,True,0.6,0.11033532,3.1156790288318073,0.8147668256817305
2,2,False,0.55,0.011599335,2.880731243665904,0.3508109148324723
2,2,False,0.55,0.29034925,2.880731243665904,1.6606440827988975
5,5,True,0.6,0.22656707,3.1156790288318073,1.3609345608140004
5,5,True,0.6,0.12783062,3.1156790288318073,0.8969764662197446
3,3,True,0.6,0.13537742,3.1156790288318073,0.9324385244247893
0,0,False,0.35,0.17924345,1.9409402430420482,1.1385629762182337
2,2,True,0.55,0.06327876,2.880731243665904,0.5936501723795977
4,4,True,0.55,0.13989744,2.880731243665904,0.9536778645889312
2,2,False,0.6,0.13227789,3.1156790288318073,0.91787396933127
6,6,True,0.6,0.13792013,3.1156790288318073,0.9443865766542825
3,3,True,0.5,0.09080525,2.6457834585,0.7229959005530069
1,1,False,0.55,0.019753985,2.880731243665904,0.3891292458507931
0,0,True,0.6,0.043823596,3.1156790288318073,0.5022312546910146
2,2,False,0.85,0.207384,4.290417674581807,1.2707941886234746
3,3,True,0.4,0.17811002,2.175888028207952,1.1332370541098409
4,4,True,0.55,0.15011975,2.880731243665904,1.0017120622110913
5,5,True,0.6,0.11682777,3.1156790288318073,0.8452745572798647
6,6,True,0.45,0.08597993,2.410835673334096,0.7003219580839622
7,7,False,0.7,0.26560405,3.5855743190840963,1.5443675301585396
4,4,False,0.65,0.21959634,3.3506265339181924,1.3281794011376538
4,4,True,0.6,0.14634708,3.1156790288318073,0.9839844290727336
5,5,False,0.7,0.21901447,3.5855743190840963,1.325445194855879
1,1,False,0.65,0.059325553,3.3506265339181924,0.57507424839887
7,7,True,0.6,0.1202263,3.1156790288318073,0.8612440962691803
6,6,False,0.6,0.18988067,3.1156790288318073,1.188546807370311
0,0,True,0.35,0.062475465,1.9409402430420482,0.5898755407056006
6,6,True,0.5,0.18421677,2.6457834585,1.1619323911422381
2,2,True,0.55,0.052276645,2.880731243665904,0.541951746928732
1,1,True,0.55,0.12946405,2.880731243665904,0.9046518353710494
1,1,True,0.55,0.110584706,2.880731243665904,0.8159386783881195
3,3,True,0.45,0.10436632,2.410835673334096,0.7867187524171309
2,2,True,0.45,0.1656076,2.410835673334096,1.0744887645978562
5,5,False,0.6,0.11910968,3.1156790288318073,0.8559971565850708
0,0,True,0.45,0.13405298,2.410835673334096,0.9262150174787291
5,5,True,0.6,0.15156454,3.1156790288318073,1.0085010497054783
1,1,False,0.5,0.33628425,2.6457834585,1.8764905848268056
3,3,True,0.55,0.16495563,2.880731243665904,1.0714251848020484
6,6,True,0.55,0.43174943,2.880731243665904,2.325077145214186
3,3,False,0.5,0.10050704,2.6457834585,0.7685841987479904
7,7,True,0.55,0.05397072,2.880731243665904,0.54991213200029
4,4,False,0.6,0.08706154,3.1156790288318073,0.7054043860607545
5,5,True,0.8,0.09878374,4.055469889415903,0.7604864696824326
4,4,True,0.7,0.15689932,3.5855743190840963,1.033568936850974
6,6,True,0.5,0.13994178,2.6457834585,0.9538862437508704
1,1,True,0.6,0.08298108,3.1156790288318073,0.6862304923075269
7,7,False,0.5,0.06309927,2.6457834585,0.5928067829288056
6,6,False,0.55,0.24547373,2.880731243665904,1.4497760642363908
3,3,False,0.55,0.08352595,2.880731243665904,0.6887908042181068
6,6,True,0.5,0.12618895,2.6457834585,0.8892623060550949
2,2,False,0.55,0.11387825,2.880731243665904,0.8314148923151226
6,6,True,0.65,0.13796762,3.3506265339181924,0.9446097300108349
3,3,True,0.5,0.19351456,2.6457834585,1.2056222753492931
5,5,True,0.55,0.16882339,2.880731243665904,1.089599614792669
3,3,True,0.5,0.10204399,2.6457834585,0.7758062241882822
7,7,True,0.6,0.071921594,3.1156790288318073,0.6342624728149084
7,7,False,0.5,0.006519881,2.6457834585,0.3269427920679046
5,5,False,0.6,0.07949435,3.1156790288318073,0.6698465056503624
1,1,True,0.6,0.06873491,3.1156790288318073,0.6192883714451183
1,1,False,0.55,0.095278084,2.880731243665904,0.7440135577780697
0,0,False,0.5,0.15917821,2.6457834585,1.0442773571305441
2,2,True,0.6,0.13714358,3.1156790288318073,0.9407376306643179
4,4,False,0.55,0.15449698,2.880731243665904,1.0222804718881027
6,6,False,0.8,0.10027699,4.055469889415903,0.7675031968354913
2,2,False,0.6,0.06996096,3.1156790288318073,0.6250495371256259
5,5,True,0.6,0.14099284,3.1156790288318073,0.9588250959643709
4,4,False,0.7,0.07220366,3.5855743190840963,0.6355878791174441
4,4,True,0.6,0.10737676,3.1156790288318073,0.8008646936599603
0,0,True,0.5,0.19705874,2.6457834585,1.2222762236525786
3,3,False,0.65,0.06858847,3.3506265339181924,0.6186002860874651
0,0,False,0.6,0.1382376,3.1156790288318073,0.9458783501909469
4,4,True,0.5,0.06252553,2.6457834585,0.5901108075013383
7,7,True,0.6,0.105569735,3.1156790288318073,0.7923735579003988
4,4,True,0.7,0.22760876,3.5855743190840963,1.3658293705231799
2,2,True,0.65,0.09496065,3.3506265339181924,0.7425219592911044
1,1,True,0.6,0.05327546,3.1156790288318073,0.5466451269490309
1,1,True,0.5,0.06967908,2.6457834585,0.6237250060715863
6,6,True,0.55,0.6268927,2.880731243665904,3.2420464264129243
7,7,False,0.55,0.27568823,2.880731243665904,1.5917526434960303
6,6,True,0.6,0.111690186,3.1156790288318073,0.8211332782121653
6,6,False,0.45,0.10392041,2.410835673334096,0.7846234425275314
5,5,True,0.6,0.18614888,3.1156790288318073,1.1710113087818057
3,3,True,0.5,0.12298496,2.6457834585,0.8742069116049918
6,6,True,0.7,0.07931165,3.5855743190840963,0.6689879919055588
4,4,True,0.6,0.11852356,3.1156790288318073,0.8532429946375862
7,7,True,0.55,0.10820732,2.880731243665904,0.8047674617137788
2,2,True,0.7,0.10116502,3.5855743190840963,0.7716759965553106
6,6,True,0.5,0.08343196,2.6457834585,0.6883491538270008
3,3,False,0.5,0.12290275,2.6457834585,0.8738206119287759
1,1,True,0.6,0.12448681,3.1156790288318073,0.8812640402286279
6,6,True,0.45,0.115659975,2.410835673334096,0.839787134318981
0,0,True,0.5,0.09827741,2.6457834585,0.758107264190655
3,3,True,0.45,0.102636464,2.410835673334096,0.7785902496144519
2,2,True,0.55,0.10650997,2.880731243665904,0.7967916722686904
6,6,True,0.5,0.13218419,2.6457834585,0.9174336843278179
3,3,True,0.55,0.056752615,2.880731243665904,0.5629841258334984
2,2,True,0.6,0.032122836,3.1156790288318073,0.44724991217123167
7,7,True,0.5,0.10412709,2.6457834585,0.7855946182587463
6,6,False,0.55,0.15135308,2.880731243665904,1.0075073975928848
6,1,False,0.75,0.083308354,3.82052210425,0.6877683389250233
1,1,True,0.65,0.07813869,3.3506265339181924,0.6634763070563646
3,3,False,0.55,0.17115067,2.880731243665904,1.1005353896215726
5,5,False,0.65,0.22645622,3.3506265339181924,1.3604136829290323
0,0,True,0.45,0.0730689,2.410835673334096,0.6396536184412268
4,4,True,0.7,0.12222252,3.5855743190840963,0.8706242394311479
2,2,True,0.6,0.13663328,3.1156790288318073,0.9383397298646646
7,7,True,0.55,0.115602404,2.880731243665904,0.8395166125138224
6,6,False,0.5,0.1134797,2.6457834585,0.8295421406130983
5,5,True,0.65,0.08130105,3.3506265339181924,0.678336100972571
2,2,False,0.65,0.056662533,3.3506265339181924,0.5625608381558396
0,0,True,0.45,0.061845627,2.410835673334096,0.5869159579360934
2,2,False,0.6,0.14927028,3.1156790288318073,0.997720438929954
5,5,True,0.6,0.08277651,3.1156790288318073,0.6852692243892871
2,2,True,0.6,0.13639526,3.1156790288318073,0.9372213023264745
2,2,True,0.6,0.08649776,3.1156790288318073,0.7027552189228559
5,5,True,0.8,0.18909083,4.055469889415903,1.1848354036476683
6,6,False,0.45,0.071704015,2.410835673334096,0.6332400775417046
5,5,False,0.65,0.26928577,3.3506265339181924,1.5616677619513069
0,0,True,0.4,0.081690714,2.175888028207952,0.6801671208263036
0,0,True,0.5,0.102508,2.6457834585,0.7779866082316975
1,1,True,0.5,0.13765205,2.6457834585,0.94312691901877
4,4,True,0.5,0.057577435,2.6457834585,0.5668599187286687
1,1,True,0.6,0.06618987,3.1156790288318073,0.6073293611044546
7,7,True,0.55,0.13306902,2.880731243665904,0.921591464783445
3,3,False,0.55,0.07546448,2.880731243665904,0.6509103293886614
7,7,True,0.5,0.29838404,2.6457834585,1.6983992220437087
5,5,True,0.6,0.06323604,3.1156790288318073,0.5934494603944839
5,5,True,0.6,0.14646868,3.1156790288318073,0.9845558613108335
6,6,True,0.5,0.13244134,2.6457834585,0.9186420173915221
5,5,True,0.75,0.22513592,3.82052210425,1.3542096415095242
0,0,True,0.35,0.09628822,1.9409402430420482,0.7487601354019584
6,6,True,0.6,0.22833405,3.1156790288318073,1.3692375181469116
5,5,True,0.55,0.1405994,2.880731243665904,0.9569763610810781
3,3,False,0.5,0.109999195,2.6457834585,0.8131873872557018
1,1,False,0.55,0.09793303,2.880731243665904,0.7564890347512815
6,6,True,0.6,0.08170902,3.1156790288318073,0.6802531402484953
1,1,True,0.55,0.12074864,2.880731243665904,0.8636985381216782
7,7,False,0.4,0.08527318,2.175888028207952,0.697000950200497
7,7,False,0.55,0.38868457,2.880731243665904,2.122717312251944
6,6,False,0.55,0.11404885,2.880731243665904,0.8322165499176231
3,3,True,0.5,0.0667277,2.6457834585,0.6098565886218839
6,6,True,0.55,0.09311452,2.880731243665904,0.7338470563573126
3,3,False,0.45,0.23864149,2.410835673334096,1.4176716693218259
5,5,True,0.65,0.0803786,3.3506265339181924,0.674001555330682
2,2,True,0.7,0.113875896,3.5855743190840963,0.8314038291741326
6,6,True,0.55,0.14125733,2.880731243665904,0.9600679488287592
7,7,True,0.65,0.10217976,3.3506265339181924,0.7764442103220215
4,4,False,0.55,0.053059205,2.880731243665904,0.5456289634451189
4,4,True,0.65,0.12733987,3.3506265339181924,0.8946704315022366
2,2,True,0.65,0.10630199,3.3506265339181924,0.795814404807943
1,1,True,0.55,0.072919235,2.880731243665904,0.6389503387696822
5,5,True,0.7,0.11425093,3.5855743190840963,0.8331660895060158
4,4,True,0.6,0.09727163,3.1156790288318073,0.753381132371634
1,1,True,0.55,0.12056307,2.880731243665904,0.8628265455500354
4,4,True,0.7,0.105284095,3.5855743190840963,0.7910313468267389
7,7,True,0.6,0.10246339,3.1156790288318073,0.777776968711924
6,6,True,0.7,0.14069684,3.5855743190840963,0.9574342210743308
0,0,True,0.3,0.10911936,1.7059925979159036,0.8090530984697086
4,4,False,0.6,0.10094297,3.1156790288318073,0.7706325953182016
7,7,True,0.5,0.112988755,2.6457834585,0.8272351956371544
5,5,False,0.6,0.15235597,3.1156790288318073,1.012219945555247
3,3,False,0.5,0.12170905,2.6457834585,0.8682114594070619
6,6,False,0.45,0.09867963,2.410835673334096,0.7599972757930213
0,0,True,0.45,0.054318085,2.410835673334096,0.5515443829205702
4,4,True,0.55,0.22034664,2.880731243665904,1.3317050421194951
4,4,True,0.6,0.089017466,3.1156790288318073,0.7145951954680569
0,0,True,0.5,0.082122356,2.6457834585,0.6821953866811058
7,7,False,0.55,0.13359019,2.880731243665904,0.9240404100753877
3,3,True,0.45,0.15365568,2.410835673334096,1.018327219501032
5,5,True,0.65,0.108830184,3.3506265339181924,0.807694257674624
5,5,True,0.65,0.09612006,3.3506265339181924,0.7479699610597261
2,2,False,0.6,0.1857449,3.1156790288318073,1.1691129998236969
7,7,False,0.65,0.0024055704,3.3506265339181924,0.3076098328411264
3,3,True,0.35,0.12342157,1.9409402430420482,0.8762585290896684
0,0,False,0.45,0.1593347,2.410835673334096,1.0450127059069838
6,6,True,0.6,0.13947624,3.1156790288318073,0.9516986826697874
7,7,True,0.55,0.07149068,2.880731243665904,0.6322376379342107
2,2,True,0.75,0.1250964,3.82052210425,0.8841284484766748
2,2,True,0.7,0.12592486,3.5855743190840963,0.888021343727458
3,3,True,0.55,0.1714027,2.880731243665904,1.1017196358466657
2,2,True,0.55,0.0892089,2.880731243665904,0.7154947408623554
5,5,True,0.7,0.21100238,3.5855743190840963,1.2877967659077059
0,0,True,0.45,0.09572035,2.410835673334096,0.7460917478070864
7,7,True,0.55,0.13160415,2.880731243665904,0.9147080904912442
1,1,True,0.5,0.08454002,2.6457834585,0.693555867090232
4,4,True,0.6,0.08939624,3.1156790288318073,0.7163750307897407
1,1,True,0.6,0.08861937,3.1156790288318073,0.7127245443624232
6,6,False,0.55,0.12146819,2.880731243665904,0.867079658071852
0,0,True,0.4,0.12426326,2.175888028207952,0.8802135669836709
3,3,False,0.5,0.18174824,2.6457834585,1.150332897873811
6,6,False,0.55,0.12646633,2.880731243665904,0.8905657261154097
4,4,True,0.6,0.056400895,3.1156790288318073,0.5613314116033805
7,7,True,0.65,0.08383983,3.3506265339181924,0.6902657029637674
6,6,True,0.6,0.29435533,3.1156790288318073,1.679468507332623
4,4,True,0.6,0.079774745,3.1156790288318073,0.6711640697263734
6,6,False,0.5,0.15589505,2.6457834585,1.0288499470596806
3,3,True,0.4,0.080751136,2.175888028207952,0.6757520873327181
6,6,True,0.45,0.21073331,2.410835673334096,1.2865324169402546
6,6,False,0.5,0.1516612,2.6457834585,1.0089552686649874
0,0,False,0.35,0.38152373,1.9409402430420482,2.0890688389505905
0,0,True,0.4,0.087839864,2.175888028207952,0.7090616994263413
7,7,True,0.5,0.069349706,2.6457834585,0.6221772866510544
3,3,False,0.55,0.108533636,2.880731243665904,0.8063007920490356
5,5,True,0.7,0.19842611,3.5855743190840963,1.2287014578720081
7,7,False,0.65,0.12916219,3.3506265339181924,0.9032334426682936
1,1,False,0.65,0.99068594,3.3506265339181924,4.95149440408433
0,0,True,0.5,0.11552531,2.6457834585,0.839154364666278
3,3,False,0.55,0.00035667507,2.880731243665904,0.29798216694284
2,2,True,0.55,0.13585222,2.880731243665904,0.9346695678511558
7,7,True,0.5,0.18449348,2.6457834585,1.1632326603079672
1,1,True,0.55,0.06491876,2.880731243665904,0.6013564553077828
2,2,False,0.6,0.080107935,3.1156790288318073,0.6727297142361044
2,2,False,0.55,0.19500355,2.880731243665904,1.2126190118267022
6,6,True,0.45,0.07317964,2.410835673334096,0.6401739711770973
2,2,True,0.6,0.10984555,3.1156790288318073,0.8124654122762817
6,6,True,0.55,0.21335837,2.880731243665904,1.2988674690447606
6,6,False,0.7,0.15168221,3.5855743190840963,1.0090539966953416
0,0,True,0.3,0.090062596,1.7059925979159036,0.7195062147793831
1,1,True,0.6,0.3367959,3.1156790288318073,1.8788947874156305
5,5,False,0.7,0.14750522,3.5855743190840963,0.9894265141615219
2,2,False,0.6,0.064950965,3.1156790288318073,0.6015078032777195
7,7,True,0.6,0.130026,3.1156790288318073,0.9072924250736868
1,1,False,0.55,0.12430937,2.880731243665904,0.8804302435013527
7,7,True,0.5,0.10068214,2.6457834585,0.7694069673442154
6,6,False,0.55,0.2686136,2.880731243665904,1.5585093052185277
1,1,True,0.45,0.07707291,2.410835673334096,0.6584682752017365
2,2,False,0.7,0.28229368,3.5855743190840963,1.622791335841807
1,1,True,0.65,0.087743826,3.3506265339181924,0.708610421301779
2,2,True,0.65,0.19876659,3.3506265339181924,1.2303013421029045
0,0,False,0.4,0.14177415,2.175888028207952,0.9624964483158344
2,2,False,0.55,0.29233512,2.880731243665904,1.6699756321643644
0,0,True,0.4,0.08971215,2.175888028207952,0.7178594872489783
4,4,True,0.6,0.08698478,3.1156790288318073,0.705043713660503
5,5,True,0.65,0.17042251,3.3506265339181924,1.0971137981809416
4,4,True,0.55,0.11112182,2.880731243665904,0.818462544951324
4,4,True,0.55,0.14666735,2.880731243665904,0.9854893663467786
7,7,True,0.65,0.080973,3.3506265339181924,0.676794613321331
2,2,True,0.75,0.13124934,3.82052210425,0.913040847136092
0,0,False,0.45,0.15063953,2.410835673334096,1.0041544956542234
1,1,False,0.65,0.20832756,3.3506265339181924,1.2752279174249357
1,1,True,0.55,0.5804909,2.880731243665904,3.0240064816340397
7,7,True,0.55,0.033581425,2.880731243665904,0.45410375557917576
5,5,False,0.7,0.051592354,3.5855743190840963,0.5387362940138901
1,1,True,0.6,0.07021648,3.1156790288318073,0.6262502030125048
5,5,False,0.6,0.115192875,3.1156790288318073,0.8375922561604711
1,1,True,0.6,0.0700427,3.1156790288318073,0.6254336311756317
6,6,True,0.5,0.11031121,2.6457834585,0.814653533516402
1,1,True,0.55,0.06908611,2.880731243665904,0.620938669989387
0,0,True,0.55,0.09149019,2.880731243665904,0.7262143993326149
6,6,False,0.65,0.095167704,3.3506265339181924,0.7434948855193115
6,6,False,0.45,0.083765864,2.410835673334096,0.6899181592909567
7,7,True,0.6,0.13892452,3.1156790288318073,0.9491061966244928
5,5,True,0.6,0.20977445,3.1156790288318073,1.2820267777223582
2,2,True,0.55,0.12611814,2.880731243665904,0.8889295715868372
7,7,True,0.75,0.10499088,3.82052210425,0.78965353064426
0,0,True,0.35,0.07773745,1.9409402430420482,0.6615909167660574
4,4,True,0.65,0.14311771,3.3506265339181924,0.9688097907675288
3,3,False,0.55,0.10268645,2.880731243665904,0.7788251313008514
2,2,False,0.75,0.10345061,3.82052210425,0.7824158907707988
2,2,True,0.6,0.28731194,3.1156790288318073,1.6463719307229379
0,0,True,0.45,0.11544159,2.410835673334096,0.8387609579722742
2,2,True,0.65,0.07878266,3.3506265339181924,0.6665023211867218
5,5,True,0.65,0.27307177,3.3506265339181924,1.579457992862102
6,6,True,0.45,0.10405753,2.410835673334096,0.7852677654603821
4,4,False,0.7,0.07004235,3.5855743190840963,0.6254319857084591
4,4,True,0.6,0.24010438,3.1156790288318073,1.4245457309700287
2,2,True,0.6,0.08236507,3.1156790288318073,0.6833359054913363
0,0,True,0.45,0.07668422,2.410835673334096,0.656641841650123
2,2,False,0.6,0.15160926,3.1156790288318073,1.0087111793644095
6,6,True,0.4,0.23512284,2.175888028207952,1.4011377350923184
0,0,True,0.45,0.08499717,2.410835673334096,0.6957040069790528
6,6,True,0.5,0.31434387,2.6457834585,1.7733937340995798
5,5,True,0.65,0.30045554,3.3506265339181924,1.708133105637839
5,5,True,0.6,0.09782792,3.1156790288318073,0.7559951145199916
5,5,False,0.6,0.16211863,3.1156790288318073,1.0580942399487991
6,6,False,0.45,0.15744993,2.410835673334096,1.036156241425172
2,2,True,0.5,0.14762343,2.6457834585,0.989981981867054
0,0,False,0.4,0.14739789,2.175888028207952,0.9889221609681592
0,0,False,0.55,0.20832393,2.880731243665904,1.275210832574293
7,7,True,0.5,0.07969559,2.6457834585,0.6707921241254928
7,7,False,0.55,0.11837311,2.880731243665904,0.8525360389223582
7,7,True,0.7,0.14829046,3.5855743190840963,0.9931162817413423
6,6,False,0.6,0.12754117,3.1156790288318073,0.8956163300568857
7,7,True,0.6,0.0805907,3.1156790288318073,0.6749982182981018
3,3,False,0.55,0.12774041,2.880731243665904,0.8965525658681385
2,2,False,0.65,0.08583699,3.3506265339181924,0.699650292388095
0,0,False,0.45,0.13700846,2.410835673334096,0.9401026903953447
3,3,False,0.5,0.11218982,2.6457834585,0.8234810447779648
5,5,True,0.65,0.06749285,3.3506265339181924,0.6134520044138301
1,1,True,0.6,0.06316134,3.1156790288318073,0.5930984507376287
1,1,True,0.5,0.08200498,2.6457834585,0.681643840088836
7,7,True,0.45,0.052903842,2.410835673334096,0.5448989186745652
1,1,True,0.55,0.14267488,2.880731243665904,0.9667289399830841
1,1,True,0.6,0.09786671,3.1156790288318073,0.7561773762668087
3,3,True,0.45,0.063031025,2.410835673334096,0.5924860918798536
6,6,True,0.55,0.10015577,2.880731243665904,0.7669335851142631
2,2,True,0.6,0.1531128,3.1156790288318073,1.0157762552443899
2,2,True,0.55,0.11344144,2.880731243665904,0.8293623295620701
2,2,True,0.6,0.21562959,3.1156790288318073,1.3095398290862936
3,3,False,0.65,0.16488978,3.3506265339181924,1.0711157669537257
3,3,True,0.55,0.16276692,2.880731243665904,1.0611405248343249
0,0,False,0.35,0.34158817,1.9409402430420482,1.901413460801476
6,6,False,0.55,0.2391727,2.880731243665904,1.4201678080126756
5,5,False,0.7,0.119472325,3.5855743190840963,0.857701195386997
3,3,False,0.6,0.10897042,3.1156790288318073,0.8083532147623287
4,4,True,0.6,0.10214436,3.1156790288318073,0.7762778780978326
0,0,True,0.5,0.09225225,2.6457834585,0.7297952859995268
7,7,True,0.6,0.0768464,3.1156790288318073,0.6574039030106622
6,6,True,0.5,0.15440995,2.6457834585,1.0218714857708693
7,7,True,0.65,0.15529788,3.3506265339181924,1.0260438303614707
6,6,False,0.5,0.11852034,2.6457834585,0.8532278703435745
7,7,True,0.55,0.15863448,2.880731243665904,1.04172240174076
7,7,False,0.6,0.07955215,3.1156790288318073,0.6701181127636562
5,5,True,0.75,0.2982899,3.82052210425,1.6979568364438662
5,5,False,0.6,0.21824318,3.1156790288318073,1.3218209658834428
2,2,False,0.65,0.1855575,3.3506265339181924,1.1682324298167925
4,4,False,0.5,0.14324407,2.6457834585,0.9694035593472479
1,1,True,0.5,0.1774863,2.6457834585,1.1303062320059138
7,7,True,0.6,0.09381033,3.1156790288318073,0.73711663463915
4,4,True,0.55,0.07227801,2.880731243665904,0.6359372433071266
0,0,True,0.5,0.053846356,2.6457834585,0.5493277460844486
5,5,True,0.6,0.19785905,3.1156790288318073,1.226036851350639
6,6,True,0.6,0.13081789,3.1156790288318073,0.9110134915397258
3,3,False,0.55,0.11398064,2.880731243665904,0.8318960339183702
1,1,True,0.75,0.106249794,3.82052210425,0.7955691251694104
0,0,False,0.45,0.049817767,2.410835673334096,0.5303975915324003
7,7,False,0.55,0.06748749,2.880731243665904,0.6134268322670837
6,6,False,0.6,0.11245593,3.1156790288318073,0.824731459789359
2,2,True,0.7,0.09777109,3.5855743190840963,0.7557280937088172
1,1,True,0.5,0.07262092,2.6457834585,0.6375485757883513
4,4,False,0.6,0.19776589,3.1156790288318073,1.2255990870628557
1,1,False,0.55,0.25843838,2.880731243665904,1.5106963704161687
5,5,False,0.7,0.21774316,3.5855743190840963,1.3194713788007715
5,5,True,0.75,0.06435054,3.82052210425,0.5986864222457384
7,7,True,0.6,0.081017055,3.1156790288318073,0.6770016270956163
2,2,False,0.65,0.110311985,3.3506265339181924,0.8146571745501456
0,0,True,0.5,0.16247217,2.6457834585,1.0597555316141785
3,3,False,0.45,0.118321344,2.410835673334096,0.8522927898603365
1,1,True,0.5,0.12814112,2.6457834585,0.898435470452717
3,3,True,0.5,0.16967735,2.6457834585,1.093612314057591
4,4,True,0.55,0.1432921,2.880731243665904,0.9696292334194689
1,1,True,0.45,0.08178473,2.410835673334096,0.6806089112571689
2,2,True,0.6,0.30494094,3.1156790288318073,1.7292097896214755
0,0,False,0.45,0.080191515,2.410835673334096,0.6731224557412512
5,5,True,0.65,0.06694917,3.3506265339181924,0.6108972590836851
1,1,True,0.45,0.06303156,2.410835673334096,0.5924886125955222
2,2,True,0.7,0.06857829,3.5855743190840963,0.6185524274997011
7,7,True,0.65,0.12476097,3.3506265339181924,0.8825523009849914
4,4,True,0.65,0.2506018,3.3506265339181924,1.473872635610912
0,0,True,0.55,0.06691368,2.880731243665904,0.610730506740218
1,1,False,0.55,0.062298838,2.880731243665904,0.5890455775667379
7,7,True,0.65,0.13910696,3.3506265339181924,0.9499634500114622
5,5,True,0.65,0.0814585,3.3506265339181924,0.6790759660312504
0,0,True,0.55,0.050842557,2.880731243665904,0.535213033707958
2,2,True,0.65,0.2236283,3.3506265339181924,1.3471253801825105
4,4,True,0.6,0.10754252,3.1156790288318073,0.8016435948015634
3,3,True,0.5,0.059681166,2.6457834585,0.5767452553225553
4,4,True,0.7,0.14173149,3.5855743190840963,0.9622959814002995
0,0,True,0.5,0.20573464,2.6457834585,1.263043898200908
3,3,True,0.55,0.11535749,2.880731243665904,0.8383657657713386
3,3,True,0.5,0.2105568,2.6457834585,1.2857030314653994
0,0,True,0.4,0.2538539,2.175888028207952,1.4891540542326347
1,1,True,0.65,0.060418636,3.3506265339181924,0.5802105916830189
6,6,True,0.55,0.066560656,2.880731243665904,0.6090716657706279
6,6,False,0.5,0.09061031,2.6457834585,0.7220799004869827
2,2,True,0.6,0.1036335,3.1156790288318073,0.7832752797640985
2,2,True,0.7,0.13445498,3.5855743190840963,0.9281040137928401
6,6,True,0.6,0.32421917,3.1156790288318073,1.8197973087636623
7,7,True,0.6,0.14886567,3.1156790288318073,0.9958191891368983
7,7,True,0.5,0.15902641,2.6457834585,1.0435640646162048
3,3,True,0.45,0.1326795,2.410835673334096,0.9197611451285091
4,4,True,0.55,0.15043716,2.880731243665904,1.003203555668237
7,7,False,0.45,0.077047996,2.410835673334096,0.6583512019629051
4,4,False,0.6,0.11176003,3.1156790288318073,0.8214614613882435
1,1,True,0.5,0.041813247,2.6457834585,0.49278471517813677
4,4,True,0.6,0.11364289,3.1156790288318073,0.8303089283155162
0,0,False,0.4,0.16657987,2.175888028207952,1.0790574217074682
1,1,True,0.7,0.06004075,3.5855743190840963,0.5784349225441763
0,0,True,0.4,0.144209,2.175888028207952,0.9739376966561758
2,2,True,0.7,0.23269212,3.5855743190840963,1.3897158822586495
2,2,True,0.6,0.23105049,3.1156790288318073,1.3820019321536388
2,2,False,0.55,0.1000471,2.880731243665904,0.7664229301317288
2,2,True,0.6,0.18661371,3.1156790288318073,1.1731955089086639
1,1,True,0.55,0.16387963,2.880731243665904,1.0663691193099574
4,4,True,0.6,0.14342925,3.1156790288318073,0.9702736963920792
2,2,True,0.6,0.08385039,3.1156790288318073,0.6903153470584633
4,4,False,0.65,0.094244786,3.3506265339181924,0.7391581342512125
0,0,False,0.45,0.15075336,2.410835673334096,1.0046893775151284
1,1,False,0.65,0.0043815775,3.3506265339181924,0.31689500060066655
2,2,True,0.6,0.077552736,3.1156790288318073,0.6607229503374963
3,3,False,0.45,0.18274507,2.410835673334096,1.1550169477451422
7,7,False,0.55,0.13521229,2.880731243665904,0.9316625641181329
5,5,True,0.65,0.097083434,3.3506265339181924,0.7524968163011667
6,6,False,0.5,0.17685491,2.6457834585,1.1273393496639497
6,6,True,0.45,0.10810287,2.410835673334096,0.8042766573671348
1,1,True,0.5,0.06580689,2.6457834585,0.6055297451667601
4,4,True,0.6,0.16910845,3.1156790288318073,1.090939095091021
7,7,True,0.6,0.073031306,3.1156790288318073,0.6394769582847845
0,0,True,0.65,0.10744917,3.3506265339181924,0.8012049202553441
3,3,False,0.5,0.17047964,2.6457834585,1.0973822543996494
4,4,True,0.6,0.25222597,3.1156790288318073,1.4815045224169332
7,7,True,0.6,0.095785655,3.1156790288318073,0.7463986099298009
4,4,False,0.55,0.106203005,2.880731243665904,0.7953492627472031
6,6,False,0.4,0.0025358477,2.175888028207952,0.30822200023829305
1,1,True,0.6,0.10166584,3.1156790288318073,0.774029329701545
6,6,True,0.45,0.1071221,2.410835673334096,0.7996680539161632
5,5,False,0.65,0.090165906,3.3506265339181924,0.7199916626052313
7,7,False,0.75,0.11988936,3.82052210425,0.8596608417597089
3,3,True,0.5,0.12784572,2.6457834585,0.8970473963578643
6,6,True,0.5,0.36128187,2.6457834585,1.9939532742290083
5,5,True,0.6,0.14928731,3.1156790288318073,0.9978004716524326
0,0,False,0.45,0.15647772,2.410835673334096,1.0315878643950787
7,7,True,0.75,0.083704576,3.82052210425,0.689630167525817
5,5,True,0.65,0.112281844,3.3506265339181924,0.8239134525449525
5,5,True,0.65,0.3135145,3.3506265339181924,1.769496567636136
5,5,False,0.65,0.16228683,3.3506265339181924,1.0588846243506707
1,1,True,0.5,0.109768406,2.6457834585,0.8121029193591583
7,7,True,0.55,0.11066284,2.880731243665904,0.8163058276272418
3,3,True,0.6,0.22560883,3.1156790288318073,1.3564317924111708
0,0,False,0.4,0.10847422,2.175888028207952,0.8060215877787963
6,6,True,0.45,0.07626474,2.410835673334096,0.6546707120171429
1,1,False,0.45,0.19997098,2.410835673334096,1.2359606988783518
3,3,False,0.55,0.4200399,2.880731243665904,2.270054543480299
2,2,False,0.6,0.048137065,3.1156790288318073,0.5225000493028586
0,0,True,0.4,0.09281748,2.175888028207952,0.7324512800756947
6,6,False,0.5,0.07950819,2.6457834585,0.6699115541185887
1,1,True,0.6,0.10749133,3.1156790288318073,0.8014030415049096
2,2,False,0.7,0.033392224,3.5855743190840963,0.4532147131668299
6,6,True,0.5,0.14457293,2.6457834585,0.9756477921776945
2,2,True,0.6,0.24474701,3.1156790288318073,1.446361264724089
5,5,True,0.6,0.09816844,3.1156790288318073,0.7575952088105269
5,5,True,0.55,0.11155536,2.880731243665904,0.8204997383407858
7,7,True,0.6,0.07161004,3.1156790288318073,0.6327984971704785
3,3,True,0.5,0.13632184,2.6457834585,0.9368763143792722
2,2,True,0.6,0.0727097,3.1156790288318073,0.6379657542315077
7,7,False,0.65,0.054922324,3.3506265339181924,0.5543836715367805
6,6,True,0.75,0.0707704,3.82052210425,0.6288530519999926
4,4,True,0.55,0.091032565,2.880731243665904,0.724064053817584
6,6,True,0.45,0.09089665,2.410835673334096,0.7234254024949875
2,2,False,0.6,0.10537275,3.1156790288318073,0.7914479301009181
1,1,False,0.6,0.16709444,3.1156790288318073,1.0814753481927109
4,4,True,0.65,0.17884637,3.3506265339181924,1.136697156484298
5,5,False,0.8,0.0017318038,4.055469889415903,0.3044438342014628
0,0,False,0.4,0.19871482,2.175888028207952,1.2300580930408826
6,6,True,0.5,0.26660493,2.6457834585,1.5490706254371445
4,4,True,0.55,0.06339227,2.880731243665904,0.5941835488130893
5,5,False,0.8,0.22213551,4.055469889415903,1.3401108586556618
6,6,True,0.5,0.11586087,2.6457834585,0.8407311423368786
0,0,True,0.6,0.045146186,3.1156790288318073,0.5084460441620541
1,1,True,0.5,0.11268113,2.6457834585,0.8257896702310211
2,2,False,0.7,0.081414714,3.5855743190840963,0.6788702126147994
1,1,True,0.55,0.06822828,2.880731243665904,0.6169077655557469
3,3,True,0.55,0.07891912,2.880731243665904,0.6671435282349267
3,3,False,0.5,0.1287201,2.6457834585,0.901156092877833
7,7,True,0.55,0.09588526,2.880731243665904,0.7468666578155476
5,5,True,0.55,0.12807524,2.880731243665904,0.8981259125646347
2,2,True,0.6,0.085608914,3.1156790288318073,0.6985785681096539
3,3,True,0.55,0.106401555,2.880731243665904,0.7962822426340506
2,2,True,0.55,0.15262605,2.880731243665904,1.0134890558745169
3,3,True,0.5,0.14180695,2.6457834585,0.9626505620710185
4,4,True,0.8,0.1291551,4.055469889415903,0.903200113205564
2,2,False,0.75,0.044157527,3.82052210425,0.5038003826897598
6,6,True,0.5,0.551134,2.6457834585,2.886059756509845
1,1,True,0.6,0.047510747,3.1156790288318073,0.5195570087299268
2,2,False,0.55,0.22157004,2.880731243665904,1.337453744261419
3,3,True,0.5,0.12538768,2.6457834585,0.8854971970847347
1,1,False,0.7,0.16070685,3.5855743190840963,1.0514603464879122
7,7,True,0.6,0.12821905,3.1156790288318073,0.8988016744234635
0,0,True,0.45,0.0617653,2.410835673334096,0.5865384982696877
0,0,False,0.5,0.13374464,2.6457834585,0.9247661661283109
1,1,False,0.5,0.12511428,2.6457834585,0.8842124723322955
4,4,True,0.55,0.11560827,2.880731243665904,0.839544165336478
2,2,True,0.75,0.13043973,3.82052210425,0.909236527033109
4,4,True,0.6,0.12401855,3.1156790288318073,0.8790637005195028
6,6,True,0.45,0.26734948,2.410835673334096,1.5525692387454277
3,3,True,0.45,0.19500664,2.410835673334096,1.2126335059417968
5,5,True,0.6,0.17637016,3.1156790288318073,1.1250615329579543
2,2,True,0.55,0.15437004,2.880731243665904,1.0216839725330757
3,3,True,0.5,0.09177791,2.6457834585,0.7275664131894304
0,0,False,0.45,0.12902454,2.410835673334096,0.9025865990197741
6,6,True,0.45,0.10149854,2.410835673334096,0.7732431815023946
3,3,True,0.5,0.10457357,2.6457834585,0.7876926239137136
4,4,True,0.5,0.11950112,2.6457834585,0.8578365088044859
3,3,True,0.5,0.18336122,2.6457834585,1.1579121997501898
2,2,True,0.75,0.174316,3.82052210425,1.115409152503776
7,7,False,0.55,0.16361387,2.880731243665904,1.0651203147557957
2,2,True,0.65,0.16141678,3.3506265339181924,1.05479630361569
2,2,False,0.6,0.1467452,3.1156790288318073,0.9858552202181268
0,0,True,0.5,0.15774277,2.6457834585,1.037532272100719
1,1,True,0.7,0.14743362,3.5855743190840963,0.9890900686396411
4,4,True,0.55,0.23181382,2.880731243665904,1.3855887705103238
4,4,True,0.7,0.13488108,3.5855743190840963,0.9301062322523999
7,7,True,0.55,0.04574874,2.880731243665904,0.5112774205318601
5,5,True,0.65,0.22489108,3.3506265339181924,1.3530591448664389
5,5,True,0.65,0.22115976,3.3506265339181924,1.335525816894204
1,1,True,0.45,0.060597114,2.410835673334096,0.5810492547919323
5,5,True,0.65,0.13367006,3.3506265339181924,0.9244157166304932
7,7,False,0.7,0.07776826,3.5855743190840963,0.6617356828673038
6,6,False,0.55,0.07445486,2.880731243665904,0.6461661674506218
1,1,True,0.6,0.07116182,3.1156790288318073,0.6306923341995281
4,4,True,0.65,0.14020734,3.3506265339181924,0.9551340680267163
1,1,False,0.6,0.33564436,3.1156790288318073,1.8734837911534217
3,3,False,0.45,0.37443742,2.410835673334096,2.0557706050874156
2,2,False,0.55,0.1370586,2.880731243665904,0.9403383072904808
5,5,True,0.7,0.15634319,3.5855743190840963,1.0309557249212928
7,7,True,0.5,0.12952912,2.6457834585,0.9049576121856288
1,1,True,0.55,0.05561505,2.880731243665904,0.5576387557035234
5,5,False,0.85,0.11707297,4.290417674581807,0.8464267344000624
4,4,False,0.55,0.002396712,2.880731243665904,0.3075682082107756
7,7,True,0.6,0.09953562,3.1156790288318073,0.7640195327715205
6,6,True,0.5,0.12358209,2.6457834585,0.8770127832336229
7,7,True,0.45,0.07149354,2.410835673334096,0.6322510817511101
7,7,True,0.65,0.07641774,3.3506265339181924,0.6553896411317969
7,7,True,0.55,0.11616177,2.880731243665904,0.8421450537673347
6,6,True,0.5,0.13625486,2.6457834585,0.9365615750200933
3,3,True,0.65,0.18736261,3.3506265339181924,1.176714568021815
7,7,True,0.65,0.08419724,3.3506265339181924,0.6919451647879244
1,1,True,0.6,0.06493938,3.1156790288318073,0.6014533628212653
0,0,False,0.4,0.29571447,2.175888028207952,1.6858550205585872
7,7,True,0.65,0.05568447,3.3506265339181924,0.5579649608180004
1,1,False,0.45,0.3284694,2.410835673334096,1.8397689390061283
5,5,False,0.7,0.11658008,3.5855743190840963,0.8441106518298198
4,4,False,0.6,0.06730592,3.1156790288318073,0.6125736400331361
3,3,True,0.45,0.078613535,2.410835673334096,0.6657075955523101
6,6,True,0.65,0.08749835,3.3506265339181924,0.7074569488138069
2,2,True,0.65,0.13466154,3.3506265339181924,0.9290746293650176
4,4,True,0.7,0.090210035,3.5855743190840963,0.7201990264789151
2,2,True,0.65,0.15300328,3.3506265339181924,1.0152616091287134
2,2,True,0.65,0.10738052,3.3506265339181924,0.8008823386696406
0,0,True,0.45,0.08784801,2.410835673334096,0.7090999652905885
4,4,True,0.6,0.11847768,3.1156790288318073,0.8530274034280396
2,2,False,0.8,0.11643394,4.055469889415903,0.8434239668697603
3,3,True,0.5,0.080526,2.6457834585,0.6746941919805145
6,6,True,0.55,0.11867778,2.880731243665904,0.8539676653823742
4,4,False,0.65,0.17607132,3.3506265339181924,1.1236572842708945
4,4,True,0.65,0.05603891,3.3506265339181924,0.5596304536761606
4,4,True,0.55,0.13228945,2.880731243665904,0.9179283047579047
3,3,True,0.5,0.18963711,2.6457834585,1.1874023324368785
3,3,True,0.45,0.08384953,2.410835673334096,0.6903112859054417
7,7,False,0.6,0.15840791,3.1156790288318073,1.0406577494701672
1,1,True,0.55,0.07125418,2.880731243665904,0.6311263174138085
2,2,True,0.75,0.06799554,3.82052210425,0.6158141250549649
4,4,True,0.6,0.110899195,3.1156790288318073,0.8174164479488472
3,3,True,0.55,0.1995703,2.880731243665904,1.2340779343335326
0,0,True,0.45,0.058789104,2.410835673334096,0.5725534977203115
4,4,False,0.7,0.20042467,3.5855743190840963,1.238092594155086
7,7,False,0.75,0.09868555,3.82052210425,0.7600250736852558
5,5,True,0.7,0.14513905,3.5855743190840963,0.9783079874466434
1,1,True,0.6,0.07039465,3.1156790288318073,0.6270874307138845
3,3,True,0.5,0.22553007,2.6457834585,1.3560617373470418
7,7,True,0.55,0.10181896,2.880731243665904,0.7747488189752365
2,2,True,0.6,0.024330651,3.1156790288318073,0.41063479284500815
1,1,True,0.6,0.07095172,3.1156790288318073,0.6297050889059255
0,0,False,0.4,0.12536758,2.175888028207952,0.8854027402670412
1,1,True,0.6,0.08035,3.1156790288318073,0.6738671521716287
2,2,False,0.55,0.11609532,2.880731243665904,0.8418328001138845
0,0,True,0.45,0.14404945,2.410835673334096,0.9731879938044008
6,6,False,0.55,0.42134577,2.880731243665904,2.276190805656273
6,6,True,0.5,0.21493119,2.6457834585,1.3062580673453912
7,7,False,0.55,0.8717153,2.880731243665904,4.392456805006529
3,3,True,0.65,0.07290193,3.3506265339181924,0.6388690106794295
0,0,True,0.6,0.05907186,3.1156790288318073,0.5738821599472526
5,5,False,0.6,0.06851416,3.1156790288318073,0.6182510969474817
3,3,False,0.55,0.31513414,2.880731243665904,1.7771071683987332
1,1,True,0.55,0.059091665,2.880731243665904,0.5739752163673524
0,0,False,0.4,0.13134706,2.175888028207952,0.9135000375070588
7,7,True,0.6,0.08762094,3.1156790288318073,0.7080329673540262
2,2,True,0.6,0.07415742,3.1156790288318073,0.6447685006322526
3,3,False,0.6,0.1310126,3.1156790288318073,0.9119284413075547
2,2,True,0.6,0.08322527,3.1156790288318073,0.687377943085846
7,7,True,0.55,0.095312245,2.880731243665904,0.7441740783522449
2,2,False,0.65,0.14329891,3.3506265339181924,0.9696612325044844
3,3,True,0.55,0.20648459,2.880731243665904,1.266567858705637
4,4,True,0.6,0.092416994,3.1156790288318073,0.7305694257893115
5,3,True,0.55,0.18074746,2.880731243665904,1.145630292734364
5,5,True,0.65,0.6097951,3.3506265339181924,3.161705616463672
2,2,True,0.5,0.0884955,2.6457834585,0.7121425041125511
2,2,False,0.65,0.09217249,3.3506265339181924,0.7294205045935189
5,5,True,0.7,0.19573055,3.5855743190840963,1.2160351417167181
7,7,True,0.5,0.1557128,2.6457834585,1.0279935339112676
5,5,True,0.6,0.23355296,3.1156790288318073,1.3937609307079857
0,0,False,0.6,0.2221179,3.1156790288318073,1.3400280951578756
1,1,True,0.6,0.14091542,3.1156790288318073,0.9584613426894133
7,7,False,0.55,0.11494806,2.880731243665904,0.8364418645472053
2,2,True,0.55,0.2415873,2.880731243665904,1.4315138993365266
0,0,False,0.45,0.12529355,2.410835673334096,0.8850548815047719
7,7,False,0.65,0.27518764,3.3506265339181924,1.589400395657931
2,2,False,0.55,0.12375198,2.880731243665904,0.8778111148918383
6,6,True,0.7,0.11836984,3.5855743190840963,0.8525206695587676
0,0,False,0.45,0.10665764,2.410835673334096,0.7974855692763574
0,0,False,0.45,0.3895857,2.410835673334096,2.1269516944559452
3,3,False,0.55,0.14787796,2.880731243665904,0.9911779914319339
2,2,True,0.7,0.062730804,3.5855743190840963,0.5910753663539232
2,0,True,0.3,0.0940717,1.7059925979159036,0.7383448183387447
5,5,True,0.55,0.12080608,2.880731243665904,0.8639684647578595
1,1,False,0.55,0.63309926,2.880731243665904,3.2712108266193236
0,0,True,0.45,0.112267815,2.410835673334096,0.8238475288282301
1,1,True,0.5,0.08838774,2.6457834585,0.7116361553526174
3,3,True,0.5,0.09565626,2.6457834585,0.7457905923045662
0,0,True,0.55,0.05437846,2.880731243665904,0.5518280859680792
5,5,True,0.7,0.40786964,3.5855743190840963,2.2128670671063473
2,2,False,0.65,0.053895365,3.3506265339181924,0.5495580414687287
2,2,True,0.6,0.1497682,3.1156790288318073,1.0000601532095899
0,0,False,0.45,0.113993645,2.410835673334096,0.8319571262633944
7,7,False,0.6,0.19431819,3.1156790288318073,1.209398517480523
4,4,True,0.55,0.04642562,2.880731243665904,0.5144580385565592
0,0,True,0.4,0.23216973,2.175888028207952,1.3872611953365726
4,4,True,0.6,0.1774338,3.1156790288318073,1.1300595519697878
6,6,False,0.65,0.114955254,3.3506265339181924,0.8364756841490926
5,2,False,0.75,0.030097794,3.82052210425,0.4377343330569856
4,4,True,0.55,0.13605575,2.880731243665904,0.9356259693877577
0,0,True,0.5,0.06097964,2.6457834585,0.5828467176183265
2,2,True,0.55,0.11529356,2.880731243665904,0.8380653804874949
0,0,False,0.45,0.21418613,2.410835673334096,1.3027570733611984
6,6,True,0.55,0.10951545,2.880731243665904,0.8109142968915851
6,6,True,0.45,0.047229353,2.410835673334096,0.5182347533219769
4,4,True,0.6,0.20091437,3.1156790288318073,1.2403936574611365
1,1,False,0.55,0.23108625,2.880731243665904,1.38216997986488
5,5,True,0.75,0.10297599,3.82052210425,0.7801856525730485
3,3,True,0.55,0.07163497,2.880731243665904,0.6329156404291896
0,0,True,0.5,0.11332707,2.6457834585,0.8288249269854966
5,5,True,0.65,0.10009269,3.3506265339181924,0.7666371559536216
1,1,False,0.55,0.076724306,2.880731243665904,0.6568301951264726
4,4,True,0.55,0.08681424,2.880731243665904,0.7042423361375213
7,7,True,0.5,0.09166539,2.6457834585,0.7270376580679978
5,5,False,0.7,0.3331603,3.5855743190840963,1.8618113371703642
4,4,False,0.6,0.08254829,3.1156790288318073,0.6841968349219891
7,7,False,0.5,0.22407249,2.6457834585,1.3492126027760065
0,0,True,0.45,0.37436888,2.410835673334096,2.05544851364087
6,6,False,0.4,0.5016815,2.175888028207952,2.6536847818030447
1,1,False,0.55,0.081334285,2.880731243665904,0.6784922803142057
1,1,False,0.55,0.12693408,2.880731243665904,0.8927636501386859
3,3,False,0.45,0.10490467,2.410835673334096,0.7892484306303491
3,3,True,0.45,0.0669018,2.410835673334096,0.61067470089611
0,0,True,0.45,0.07268208,2.410835673334096,0.6378359723845137
1,1,False,0.35,0.06743186,1.9409402430420482,0.613165413046284
2,2,True,0.65,0.20629255,3.3506265339181924,1.2656655125161511
3,3,True,0.5,0.12149354,2.6457834585,0.8671987968971342
1,1,True,0.55,0.073993154,2.880731243665904,0.6439966364885576
2,2,False,0.55,0.07767768,2.880731243665904,0.6613100670286454
6,6,True,0.5,0.093779504,2.6457834585,0.736971798518024
6,6,True,0.45,0.102018364,2.410835673334096,0.7756858250051657
5,5,True,0.65,0.08948735,3.3506265339181924,0.7168031673440678
4,4,True,0.6,0.15517561,3.1156790288318073,1.0254693172486644
6,6,True,0.5,0.089982726,2.6457834585,0.7191309082242777
7,7,False,0.55,0.23768677,2.880731243665904,1.4131854956304815
4,4,True,0.6,0.11964972,3.1156790288318073,0.8585347820546332
6,6,False,0.5,0.14043845,2.6457834585,0.9562200763606129
7,7,True,0.55,0.11044802,2.880731243665904,0.8152963860317796
2,2,True,0.65,0.12761514,3.3506265339181924,0.8959639087396364
6,6,True,0.6,0.1765055,3.1156790288318073,1.1256975235251225
5,5,False,0.55,0.046996154,2.880731243665904,0.5171389597098945
6,6,True,0.4,0.059437625,2.175888028207952,0.5756008679139724
5,5,True,0.6,0.11795633,3.1156790288318073,0.8505776178975407
3,3,True,0.65,0.072311364,3.3506265339181924,0.6360939828077989
1,1,False,0.55,0.10541982,2.880731243665904,0.7916691229008392
6,6,False,0.5,0.2477265,2.6457834585,1.4603617396668753
0,0,True,0.4,0.45969835,2.175888028207952,2.456407831946813
7,7,False,0.5,0.14101376,2.6457834585,0.9589234038754471
1,1,False,0.55,0.2135737,2.880731243665904,1.299879256306192
6,6,True,0.4,0.06106929,2.175888028207952,0.5832679922244444
4,4,False,0.75,0.14907983,3.82052210425,0.9968255148477146
4,4,True,0.6,0.14674859,3.1156790288318073,0.985871114730815
5,5,False,0.7,0.002052469,3.5855743190840963,0.3059506253612285
2,2,True,0.7,0.09866759,3.5855743190840963,0.7599406997302368
4,4,False,0.55,0.15508352,2.880731243665904,1.0250365943922184
7,7,True,0.55,0.08545737,2.880731243665904,0.6978664659332692
7,7,False,0.6,0.19621952,3.1156790288318073,1.218332774048664
7,7,True,0.5,0.15096068,2.6457834585,1.00566356410117
4,4,False,0.6,0.021378584,3.1156790288318073,0.3967631632333251
5,5,False,0.6,0.2766311,3.1156790288318073,1.5961830813631463
0,0,True,0.4,0.061228283,2.175888028207952,0.5840150868357011
6,6,False,0.45,0.06854939,2.410835673334096,0.6184166239430542
5,5,True,0.6,0.07132811,3.1156790288318073,0.63147372104686
5,5,True,0.6,0.109796055,3.1156790288318073,0.8122328412459118
2,2,True,0.6,0.13153721,3.1156790288318073,0.9143935611917043
7,7,True,0.6,0.10538245,3.1156790288318073,0.7914935130425922
5,5,True,0.55,0.3541763,2.880731243665904,1.960564574681282
6,6,False,0.4,0.19859551,2.175888028207952,1.229497443864254
7,7,False,0.5,0.22876143,2.6457834585,1.3712457583161242
2,2,False,0.65,0.29218093,3.3506265339181924,1.669251066449396
4,4,False,0.55,0.09648309,2.880731243665904,0.7496758203785239
5,5,True,0.6,0.082241625,3.1156790288318073,0.6827558257980954
1,1,True,0.55,0.054788746,2.880731243665904,0.5537559958303244
5,5,False,0.65,0.25331038,3.3506265339181924,1.4866001491410459
2,2,False,0.75,0.10931866,3.82052210425,0.8099895793505404
0,0,False,0.4,0.093747504,2.175888028207952,0.736821430826403
3,3,True,0.6,0.13512029,3.1156790288318073,0.9312302613809648
5,5,True,0.7,0.15473796,3.5855743190840963,1.0234128333823498
0,0,True,0.45,0.2384025,2.410835673334096,1.4165486904914562
3,3,True,0.6,0.08213807,3.1156790288318073,0.6822692226442324
2,2,False,0.65,0.16896923,3.3506265339181924,1.0902848993551348
7,7,True,0.55,0.1059908,2.880731243665904,0.7943521096406253
6,6,True,0.6,0.07858027,3.1156790288318073,0.6655512761709159
7,7,False,0.5,0.10082912,2.6457834585,0.7700976084274772
6,6,True,0.5,0.067342825,2.6457834585,0.612747044265173
5,5,True,0.75,0.07588406,3.82052210425,0.6528819141508595
7,7,True,0.65,0.1567192,3.3506265339181924,1.0327225365453554
4,4,True,0.55,0.08658303,2.880731243665904,0.7031559076843467
6,6,True,0.55,0.11700645,2.880731243665904,0.8461141656571537
5,5,False,0.65,0.28903455,3.3506265339181924,1.6544663688541505
3,3,False,0.6,0.30815935,3.1156790288318073,1.7443329633151126
5,5,True,0.65,0.12348159,3.3506265339181924,0.8765405341550951
5,5,False,0.6,0.09348454,3.1156790288318073,0.7355857900096221
3,3,True,0.55,0.16272089,2.880731243665904,1.0609242334259816
7,7,True,0.6,0.11263508,3.1156790288318073,0.825573308802798
5,5,True,0.7,0.17377773,3.5855743190840963,1.112879824389956
3,3,False,0.6,0.15231526,3.1156790288318073,1.0120286512439507
5,5,True,0.55,0.09919364,2.880731243665904,0.762412576532776
7,7,True,0.6,0.119085886,3.1156790288318073,0.8558853348372157
7,7,True,0.65,0.117722325,3.3506265339181924,0.8494780257069855
5,5,True,0.65,0.22689603,3.3506265339181924,1.3624803196779012
3,3,True,0.5,0.17388764,2.6457834585,1.1133962910225041
0,0,False,0.45,0.13219401,2.410835673334096,0.9174798274285295
5,3,False,0.5,0.11113965,2.6457834585,0.8185463237373657
0,0,True,0.5,0.055511497,2.6457834585,0.5571521700546302
3,3,True,0.45,0.12784857,2.410835673334096,0.897060770154884
0,0,False,0.45,0.16926731,2.410835673334096,1.0916855770283305
5,5,True,0.6,0.1372475,3.1156790288318073,0.9412259493052331
1,1,True,0.45,0.06758445,2.410835673334096,0.6138824166142467
1,1,True,0.55,0.05665747,2.880731243665904,0.562537048901717
3,3,False,0.55,0.12792057,2.880731243665904,0.8973991062135163
0,0,False,0.5,0.15496992,2.6457834585,1.0245027628295087
7,7,True,0.5,0.06684519,2.6457834585,0.610408695373191
2,2,True,0.65,0.05097781,3.3506265339181924,0.5358485866508784
5,5,True,0.7,0.09966538,3.5855743190840963,0.7646292658838074
1,1,True,0.45,0.060847126,2.410835673334096,0.5822240483332679
0,0,True,0.45,0.07792485,2.410835673334096,0.6624714867729615
3,3,False,0.5,0.097730614,2.6457834585,0.755537884705656
1,1,True,0.55,0.08259604,2.880731243665904,0.684421213626436
0,0,False,0.45,0.11659031,2.410835673334096,0.8441587554871626
3,3,False,0.55,0.30059785,2.880731243665904,1.70880179548882
7,7,False,0.6,0.7193503,3.1156790288318073,3.6765004543644344
7,7,True,0.7,0.09829837,3.5855743190840963,0.7582057471514303
3,3,True,0.6,0.1180202,3.1156790288318073,0.8508777231018657
2,2,True,0.7,0.22464961,3.5855743190840963,1.3519244727161621
2,2,True,0.65,0.08160003,3.3506265339181924,0.6797410148484876
4,4,True,0.55,0.07364176,2.880731243665904,0.6423454626957927
0,0,True,0.5,0.09786964,2.6457834585,0.7561911701831063
2,2,False,0.6,0.05533974,3.1156790288318073,0.5563450859114544
7,7,True,0.6,0.23218937,3.1156790288318073,1.387353481537996
1,1,True,0.6,0.08792618,3.1156790288318073,0.7094672895794101
6,6,True,0.55,0.08001216,2.880731243665904,0.6722796614594364
1,1,False,0.5,0.09160597,2.6457834585,0.7267584537977585
5,5,True,0.6,0.10441547,3.1156790288318073,0.7869497129902681
7,7,True,0.6,0.08553796,3.1156790288318073,0.6982451684525393
1,1,True,0.7,0.11583911,3.5855743190840963,0.8406288783026004
4,4,False,0.65,0.1200846,3.3506265339181924,0.8605782422233267
5,5,True,0.7,0.24373105,3.5855743190840963,1.441587309327244
3,3,True,0.55,0.10826407,2.880731243665904,0.8050340974156149
4,4,False,0.6,0.052057393,3.1156790288318073,0.5409214919240337
6,6,True,0.55,0.12550676,2.880731243665904,0.8860567259432884
7,7,False,0.6,0.11602935,3.1156790288318073,0.8415228221065242
7,7,True,0.6,0.14960396,3.1156790288318073,0.9992883940957145
5,5,False,0.65,0.09028847,3.3506265339181924,0.7205675761156309
7,7,True,0.5,0.21989684,2.6457834585,1.3295914220313583
5,5,False,0.55,0.21700034,2.880731243665904,1.3159808877985315
4,4,False,0.55,0.07631543,2.880731243665904,0.6549089196478274
1,1,True,0.7,0.04345996,3.5855743190840963,0.5005225420621195
7,7,True,0.55,0.121114366,2.880731243665904,0.8654170710386988
3,3,True,0.6,0.066788316,3.1156790288318073,0.6101414294924377
6,6,True,0.45,0.18373026,2.410835673334096,1.1596463120904401
1,1,False,0.55,0.10996366,2.880731243665904,0.8130204248525957
1,1,True,0.55,0.09544966,2.880731243665904,0.7448198016826895
1,1,True,0.6,0.08391225,3.1156790288318073,0.6906060345889709
0,0,False,0.4,0.10855507,2.175888028207952,0.8064015156459609
6,6,True,0.4,0.14024967,2.175888028207952,0.9553329945048982
0,0,True,0.45,0.2150548,2.410835673334096,1.3068388822473687
1,1,True,0.6,0.14887328,3.1156790288318073,0.9958549692954167
6,6,True,0.5,0.06705682,2.6457834585,0.611403117704461
7,7,True,0.6,0.13558266,3.1156790288318073,0.933402908227675
0,0,False,0.4,0.16720107,2.175888028207952,1.0819764104517287
6,6,True,0.5,0.06612663,2.6457834585,0.6070321967350762
6,6,True,0.55,0.21715882,2.880731243665904,1.3167256192388488
7,7,True,0.5,0.09082934,2.6457834585,0.7231091226984556
5,5,False,0.55,0.21397938,2.880731243665904,1.301785547530585
5,5,True,0.7,0.4209842,3.5855743190840963,2.2744918432956243
0,0,True,0.4,0.05817949,2.175888028207952,0.5696889494325053
4,4,True,0.65,0.093699984,3.3506265339181924,0.7365981374300912
6,6,True,0.45,0.1692022,2.410835673334096,1.0913795901541121
7,7,False,0.7,0.2563673,3.5855743190840963,1.5009644473786694
2,2,True,0.55,0.11110483,2.880731243665904,0.8183827222884843
6,6,False,0.4,0.0756754,2.175888028207952,0.6519014257756466
6,6,False,0.5,0.5122526,2.6457834585,2.703358004768844
2,2,True,0.65,0.10591787,3.3506265339181924,0.7940094323494525
0,0,False,0.5,0.08421434,2.6457834585,0.6920255125998617
1,1,False,0.5,0.14198172,2.6457834585,0.9634718252398303
6,6,True,0.55,0.073699474,2.880731243665904,0.6426166496898084
4,4,False,0.6,0.06656204,3.1156790288318073,0.6090781776194385
0,0,False,0.45,0.12114289,2.410835673334096,0.8655510890884137
5,5,True,0.7,0.16401066,3.5855743190840963,1.0669848041120173
5,5,True,0.6,0.15796155,3.1156790288318073,1.0385603039742373
5,5,False,0.7,0.080404304,3.5855743190840963,0.6741223396231366
0,0,False,0.45,0.0616615,2.410835673334096,0.5860507572927799
1,1,True,0.6,0.1558742,3.1156790288318073,1.0287519192281231
1,1,True,0.75,0.04374549,3.82052210425,0.5018642454916517
6,6,True,0.5,0.14583585,2.6457834585,0.98158218704054
3,3,False,0.6,0.27288976,3.1156790288318073,1.5786027700516434
5,5,True,0.6,0.14785786,3.1156790288318073,0.9910835346142404
7,7,True,0.45,0.06208974,2.410835673334096,0.5880630411100443
1,1,False,0.6,0.08693498,3.1156790288318073,0.7048096722126598
0,0,True,0.35,0.046843708,1.9409402430420482,0.516422621330789
7,7,True,0.55,0.115765855,2.880731243665904,0.8402846605740746
4,4,True,0.65,0.09133903,3.3506265339181924,0.7255041176731019
0,0,True,0.4,0.107216865,2.175888028207952,0.8001133453410126
0,0,True,0.55,0.058522034,2.880731243665904,0.5712985489217077
0,0,True,0.5,0.123430565,2.6457834585,0.8763007860870576
5,5,True,0.8,0.70341426,4.055469889415903,3.601617834076298
6,6,True,0.4,0.21158837,2.175888028207952,1.2905502976762735
0,0,True,0.45,0.086657844,2.410835673334096,0.7035074424902994
1,1,True,0.55,0.111002475,2.880731243665904,0.817901755734936
6,6,True,0.5,0.106130354,2.6457834585,0.7950078808238045
5,5,True,0.55,0.41580057,2.880731243665904,2.2501341677897617
6,6,False,0.45,0.09134225,2.410835673334096,0.7255192419671137
1,1,False,0.5,0.106532015,2.6457834585,0.7968952666806827
5,5,False,0.6,0.23580024,3.1156790288318073,1.4043207688028667
1,1,False,0.5,0.17420831,2.6457834585,1.1149031188333005
0,0,False,0.4,0.13520347,2.175888028207952,0.93162111234936
4,4,True,0.65,0.13145727,3.3506265339181924,0.9140179045372006
6,6,False,0.6,0.09825702,3.1156790288318073,0.7580114419853077
2,2,True,0.7,0.1607274,3.5855743190840963,1.051556903901996
5,5,True,0.6,0.18564813,3.1156790288318073,1.16865829072503
5,5,True,0.65,0.20613077,3.3506265339181924,1.2649053066824236
0,0,True,0.5,0.09522477,2.6457834585,0.7437630266485609
0,0,False,0.65,0.07760781,3.3506265339181924,0.6609817438128078
4,4,True,0.6,0.1734315,3.1156790288318073,1.1112529124855017
7,7,True,0.55,0.12926751,2.880731243665904,0.9037283431778991
5,5,True,0.65,0.22517554,3.3506265339181924,1.3543958243696035
4,4,False,0.65,0.09602937,3.3506265339181924,0.7475438200719702
7,7,True,0.6,0.115491554,3.1156790288318073,0.8389957346288542
6,6,False,0.55,0.104796164,2.880731243665904,0.7887385808764311
5,5,True,0.7,0.22287461,3.5855743190840963,1.3435838446879809
2,2,False,0.65,0.25889567,3.3506265339181924,1.5128451404839067
4,4,False,0.7,0.10632152,3.5855743190840963,0.7959061658602686
7,7,True,0.5,0.034875814,2.6457834585,0.46018603242791356
6,6,True,0.5,0.11123315,2.6457834585,0.8189856984823819
1,1,True,0.55,0.11954908,2.880731243665904,0.8580618677872485
4,4,False,0.6,0.08796582,3.1156790288318073,0.7096535774693089
2,2,True,0.85,0.10494333,4.290417674581807,0.7894300972081888
2,2,True,0.55,0.07090175,2.880731243665904,0.6294702772394057
2,2,True,0.65,0.29415944,3.3506265339181924,1.678548025994299
7,7,False,0.6,0.1722637,3.1156790288318073,1.1057654545146782
7,7,False,0.55,0.18709704,2.880731243665904,1.1754666737260893
7,7,True,0.65,0.09273915,3.3506265339181924,0.7320832205781365
4,4,False,0.6,0.114882804,3.1156790288318073,0.8361352474940696
4,4,False,0.65,0.048299856,3.3506265339181924,0.5232649989834348
4,4,False,0.65,0.09987881,3.3506265339181924,0.7656321606205192
6,6,False,0.4,0.19752556,2.175888028207952,1.2244698064433144
4,4,True,0.55,0.105283335,2.880731243665904,0.7910277758128751
4,4,True,0.55,0.10416941,2.880731243665904,0.7857935097269884
4,4,True,0.6,0.080021374,3.1156790288318073,0.672322968755021
0,0,False,0.4,0.11719046,2.175888028207952,0.8469788061414297
7,7,False,0.5,0.13221788,2.6457834585,0.917591999275783
4,4,True,0.6,0.11491158,3.1156790288318073,0.8362704558817392
3,3,False,0.55,0.09145805,2.880731243665904,0.7260634014620767
0,0,True,0.4,0.05766788,2.175888028207952,0.5672849218933798
2,2,True,0.7,0.13087383,3.5855743190840963,0.911276346168059
0,0,True,0.5,0.09491133,2.6457834585,0.7422901934893509
4,4,False,0.65,0.1477704,3.3506265339181924,0.9906725879403758
7,7,True,0.5,0.07459235,2.6457834585,0.6468122408804649
3,3,False,0.45,0.113739245,2.410835673334096,0.8307617118674918
2,2,True,0.5,0.23558916,2.6457834585,1.403328937207145
4,4,True,0.6,0.15024713,3.1156790288318073,1.0023105921426287
2,2,True,0.65,0.10289826,3.3506265339181924,0.7798204288806175
0,0,False,0.4,0.18856822,2.175888028207952,1.1823796664273964
4,4,True,0.55,0.07108942,2.880731243665904,0.6303521076041442
1,1,True,0.55,0.09845517,2.880731243665904,0.7589425313354037
4,4,False,0.6,0.082342975,3.1156790288318073,0.683232066009765
3,3,True,0.6,0.037983734,3.1156790288318073,0.4747900087136949
7,7,False,0.55,0.119101934,2.880731243665904,0.8559607462476353
2,2,False,0.7,0.31123325,3.5855743190840963,1.7587770842155757
0,0,True,0.45,0.07776862,2.410835673334096,0.6617373633444161
2,2,True,0.65,0.115677536,3.3506265339181924,0.8398696527471884
0,0,True,0.4,0.08290936,2.175888028207952,0.6858934866266084
7,7,False,0.5,0.22696047,2.6457834585,1.3627830856376542
0,0,True,0.4,0.082801975,2.175888028207952,0.6853888883636667
5,5,False,0.6,0.11629328,3.1156790288318073,0.8427630142154845
6,6,True,0.55,0.06466017,2.880731243665904,0.6001413653256892
4,4,True,0.55,0.04176301,2.880731243665904,0.4925486606587526
5,5,True,0.6,0.12372571,3.1156790288318073,0.8776876698439557
3,3,True,0.5,0.092423156,2.6457834585,0.7305983790095607
0,0,False,0.4,0.45121184,2.175888028207952,2.416530110069265
2,2,True,0.7,0.047946144,3.5855743190840963,0.5216029195944093
7,7,False,0.6,0.079294674,3.1156790288318073,0.6689082392625989
3,3,False,0.65,0.09032493,3.3506265339181924,0.7207389147612173
4,4,False,0.6,0.058841474,3.1156790288318073,0.5727995825874604
2,2,True,0.7,0.12862764,3.5855743190840963,0.9007216195243948
2,2,True,0.75,0.13508266,3.82052210425,0.9310534611847631
1,1,True,0.55,0.11205659,2.880731243665904,0.8228549970337116
4,4,False,0.55,0.16325042,2.880731243665904,1.0634124598704269
4,4,False,0.65,0.22670946,3.3506265339181924,1.3616036007643797
7,7,False,0.55,0.07928933,2.880731243665904,0.6688831371357322
1,2,True,0.8,0.07709625,4.055469889415903,0.6585779613432612
6,6,True,0.45,0.23249783,2.410835673334096,1.3888028930474516
0,0,True,0.45,0.16173913,2.410835673334096,1.056310973653011
5,5,True,0.6,0.24893868,3.1156790288318073,1.4660577168393973
3,3,True,0.55,0.22723381,2.880731243665904,1.3640675303105747
7,7,True,0.6,0.10597797,3.1156790288318073,0.7942918225242175
6,6,True,0.5,0.086855374,2.6457834585,0.7044356260153886
0,0,False,0.5,0.105024144,2.6457834585,0.7898098500256541
1,1,True,0.55,0.06504344,2.880731243665904,0.6019423466510375
7,7,True,0.5,0.049882717,2.6457834585,0.5307027906829723
2,2,True,0.65,0.2817552,3.3506265339181924,1.6202610974695513
4,4,True,0.55,0.073702626,2.880731243665904,0.6426314588943616
1,1,True,0.5,0.059622064,2.6457834585,0.5764675389747592
4,4,True,0.75,0.13709478,3.82052210425,0.9405083155583532
0,0,False,0.4,0.17388016,2.175888028207952,1.113361141042903
5,5,True,0.6,0.10878136,3.1156790288318073,0.8074648375388399
6,6,True,0.5,0.040618513,2.6457834585,0.4871707137797546
1,1,True,0.55,0.09286034,2.880731243665904,0.7326526922596053
4,4,True,0.6,0.11385422,3.1156790288318073,0.8313019852591323
0,0,False,0.4,0.0710381,2.175888028207952,0.630110959138513
3,3,True,0.5,0.08019442,2.6457834585,0.6731361096177895
1,1,True,0.6,0.07704129,3.1156790288318073,0.6583196930170474
1,1,True,0.65,0.15397666,3.3506265339181924,1.0198355177293017
2,2,True,0.55,0.17133088,2.880731243665904,1.1013822100464692
5,5,True,0.65,0.09466918,3.3506265339181924,0.7411523354345484
0,0,True,0.45,0.08910675,2.410835673334096,0.7150147545871226
0,0,False,0.5,0.10704223,2.6457834585,0.7992927473610578
3,3,True,0.45,0.13438413,2.410835673334096,0.9277710692649433
0,0,False,0.35,0.040577732,1.9409402430420482,0.48697908687402985
5,5,True,0.6,0.24215186,3.1156790288318073,1.4341667425181086
1,1,False,0.55,0.15149073,2.880731243665904,1.0081542412414042
6,6,True,0.5,0.113720834,2.6457834585,0.8306752023061423
4,4,False,0.65,0.048550762,3.3506265339181924,0.5244439937175515
2,2,True,0.7,0.19518514,3.5855743190840963,1.2134722740805297
4,4,False,0.7,0.09934507,3.5855743190840963,0.7631241535600631
1,1,True,0.7,0.11000071,3.5855743190840963,0.8131944942734898
6,6,True,0.5,0.10943641,2.6457834585,0.8105428764398022
2,2,False,0.65,0.45021158,3.3506265339181924,2.411829955625607
2,2,True,0.45,0.060508512,2.410835673334096,0.5806329165873321
5,5,True,0.6,0.27151984,3.1156790288318073,1.5721655624327882
1,1,True,0.65,0.14211515,3.3506265339181924,0.9640987832425196
1,1,True,0.45,0.16395882,2.410835673334096,1.0667412049505973
5,5,True,0.55,0.06379065,2.880731243665904,0.5960555302964372
5,5,False,0.65,0.36022365,3.3506265339181924,1.9889807424533796
6,6,True,0.5,0.1256466,2.6457834585,0.8867138625141214
5,5,True,0.65,0.13167398,3.3506265339181924,0.9150362036474428
1,1,True,0.55,0.22942029,2.880731243665904,1.3743416872963456
5,5,True,0.65,0.17046933,3.3506265339181924,1.0973338006429083
3,3,False,0.55,0.065349236,2.880731243665904,0.6033792596119697
7,7,True,0.6,0.0626868,3.1156790288318073,0.5908685976492167
3,3,False,0.5,0.009318686,2.6457834585,0.34009424971206925
3,3,True,0.5,0.1511527,2.6457834585,1.0065658402707758
0,0,True,0.4,0.14652112,2.175888028207952,0.984802261267441
7,7,True,0.6,0.10061643,3.1156790288318073,0.7690982146847496
0,0,False,0.5,0.074183494,2.6457834585,0.6448910354216992
5,5,True,0.65,0.11933144,3.3506265339181924,0.857039192434526
0,0,True,0.55,0.12179919,2.880731243665904,0.8686350446692094
1,1,True,0.6,0.10540118,3.1156790288318073,0.7915815280313548
4,4,True,0.55,0.06319771,2.880731243665904,0.5932693342539972
7,7,True,0.65,0.06579267,3.3506265339181924,0.6054629462015416
7,7,False,0.6,0.16679727,3.1156790288318073,1.080078941732176
2,2,True,0.6,0.057227444,3.1156790288318073,0.5652153268045943
3,3,True,0.5,0.09143386,2.6457834585,0.72594972418741
6,6,False,0.55,0.08513056,2.880731243665904,0.6963307899320428
6,6,False,0.45,0.09028142,2.410835673334096,0.7205344567125405
4,4,True,0.65,0.21498053,3.3506265339181924,1.3064899031670243
3,3,True,0.5,0.12439425,2.6457834585,0.8808291117459717
6,6,True,0.5,0.029914562,2.6457834585,0.4368733336064531
7,7,True,0.55,0.087390155,2.880731243665904,0.7069485344674225
0,0,True,0.4,0.08942501,2.175888028207952,0.7165102391774103
7,7,True,0.6,0.099198304,3.1156790288318073,0.762434492755117
0,0,True,0.5,0.09170079,2.6457834585,0.7272040253021266
7,7,True,0.6,0.098778464,3.1156790288318073,0.7604616826450246
2,2,True,0.6,0.12205241,3.1156790288318073,0.8698248924846771
0,0,True,0.4,0.15914947,2.175888028207952,1.044142288782634
4,4,True,0.55,0.20884472,2.880731243665904,1.2776580273692435
5,5,True,0.55,0.18590447,2.880731243665904,1.169862842715231
5,5,True,0.65,0.12100726,3.3506265339181924,0.8649138031534712
2,2,True,0.55,0.12782197,2.880731243665904,0.8969357846696483
0,0,True,0.5,0.11855125,2.6457834585,0.8533730915740388
7,7,True,0.55,0.11428461,2.880731243665904,0.8333243694440411
3,3,True,0.4,0.09907556,2.175888028207952,0.7618577390061612
3,3,False,0.5,0.22446617,2.6457834585,1.351062527997254
1,1,False,0.65,0.15735006,3.3506265339181924,1.0356869681915306
1,1,True,0.65,0.22833355,3.3506265339181924,1.3692351374710023
5,5,True,0.8,0.093598984,4.055469889415903,0.736123542685594
2,2,True,0.6,0.11654943,3.1156790288318073,0.84396665594725
4,4,True,0.55,0.05157546,2.880731243665904,0.5386569089752986
6,6,False,0.5,0.4308483,2.6457834585,2.3208427630101847
6,6,True,0.55,0.16675645,2.880731243665904,1.0798871572817217
3,3,False,0.5,0.16388752,2.6457834585,1.0664061598263102
7,7,True,0.7,0.12429292,3.5855743190840963,0.8803529415541816
0,0,True,0.5,0.09121297,2.6457834585,0.7249117845009163
6,6,True,0.55,0.11017965,2.880731243665904,0.8140353279986733
3,3,True,0.5,0.12411508,2.6457834585,0.8795172893000948
2,2,False,0.7,0.39466,3.5855743190840963,2.150795564084687
0,0,True,0.35,0.08382597,1.9409402430420482,0.6902005844756615
5,5,True,0.6,0.33667055,3.1156790288318073,1.8783057801877299
4,4,False,0.6,0.2668355,3.1156790288318073,1.5501541130553724
7,7,True,0.6,0.17739597,3.1156790288318073,1.1298817714952705
6,6,False,0.4,0.2067826,2.175888028207952,1.2679681862794343
4,4,False,0.6,0.08545463,3.1156790288318073,0.6978535822754073
1,2,True,0.8,0.11156864,4.055469889415903,0.8205621260535841
1,1,False,0.55,0.16497695,2.880731243665904,1.0715253832498761
0,0,True,0.45,0.11487424,2.410835673334096,0.8360949860632514
6,6,True,0.55,0.08357073,2.880731243665904,0.6890012489664965
2,2,True,0.55,0.11520446,2.880731243665904,0.8376466966169253
6,6,True,0.45,0.19912376,2.410835673334096,1.2319796485990466
1,1,True,0.6,0.1007915,3.1156790288318073,0.7699208432412152
5,5,True,0.7,0.1363327,3.5855743190840963,0.9369273588715616
7,7,True,0.65,0.09022358,3.3506265339181924,0.7202626745495476
5,5,False,0.55,0.14471927,2.880731243665904,0.9763354574160696
0,0,True,0.4,0.059981924,2.175888028207952,0.5781585015641544
6,6,True,0.55,0.08365,2.880731243665904,0.6893737197164749
4,4,True,0.65,0.09222667,3.3506265339181924,0.7296750968760495
0,0,False,0.45,0.13124298,2.410835673334096,0.913010948647467
6,6,True,0.5,0.07291783,2.6457834585,0.6389437218910521
6,6,True,0.4,0.14065345,2.175888028207952,0.9572303231846915
0,0,False,0.45,0.10896925,2.410835673334096,0.8083477182017735
1,1,True,0.6,0.08244127,3.1156790288318073,0.6836939521460996
5,5,True,0.65,0.17666084,3.3506265339181924,1.126427410750947
0,0,False,0.5,0.106363595,2.6457834585,0.796103866990556
2,2,True,0.65,0.12912044,3.3506265339181924,0.9030372469654194
6,6,True,0.6,0.16724841,3.1156790288318073,1.0821988636094841
3,3,True,0.55,0.115944594,2.880731243665904,0.8411245490308824
2,2,True,0.65,0.09079562,3.3506265339181924,0.722950667710731
0,0,False,0.4,0.07191615,2.175888028207952,0.634236880548884
0,0,True,0.4,0.054243617,2.175888028207952,0.55119445857185
4,4,True,0.55,0.08399977,2.880731243665904,0.691017261342354
2,2,True,0.75,0.12200784,3.82052210425,0.8696154630245426
5,5,True,0.6,0.13274573,3.1156790288318073,0.9200723134738241
2,2,False,0.7,0.28272718,3.5855743190840963,1.6248283541815696
5,5,True,0.85,0.13882303,4.290417674581807,0.9486292912239661
0,0,False,0.4,0.104460776,2.175888028207952,0.7871626084344467
2,2,False,0.55,0.17451762,2.880731243665904,1.1163565214758984
4,4,True,0.55,0.119251706,2.880731243665904,0.8566645160583376
5,5,True,0.6,0.20018137,3.1156790288318073,1.2369493095596082
1,1,False,0.5,0.13488199,2.6457834585,0.9301105034650605
3,3,False,0.6,0.07835659,3.1156790288318073,0.6645002077569816
5,5,True,0.6,0.18427409,3.1156790288318073,1.162201757619382
7,7,True,0.6,0.066102415,3.1156790288318073,0.60691841443059
7,7,False,0.5,0.114511006,2.6457834585,0.8343881814760779
1,1,True,0.5,0.07061634,2.6457834585,0.6281291514738812
0,0,False,0.6,0.10187407,3.1156790288318073,0.7750077875002472
7,7,True,0.6,0.10595124,3.1156790288318073,0.7941662418700046
0,0,False,0.45,0.20288408,2.410835673334096,1.2496492352571464
6,6,True,0.65,0.15370423,3.3506265339181924,1.0185553442690418
3,3,True,0.6,0.09487572,3.1156790288318073,0.7421228809868463
7,7,True,0.55,0.096003324,2.880731243665904,0.7474214253222828
2,2,True,0.65,0.11414605,3.3506265339181924,0.8326732545828609
0,0,False,0.4,0.17977463,2.175888028207952,1.141058974869324
1,1,True,0.55,0.13844058,2.880731243665904,0.9468321609920004
6,6,True,0.5,0.20675057,2.6457834585,1.2678177135579936
6,6,True,0.55,0.1358316,2.880731243665904,0.9345726603376734
6,6,True,0.65,0.08208899,3.3506265339181924,0.6820386121704937
7,7,True,0.55,0.07725064,2.880731243665904,0.6593034023067257
5,5,True,0.6,0.10262652,3.1156790288318073,0.778543511344763
0,0,True,0.45,0.07990615,2.410835673334096,0.6717815400353655
5,5,True,0.65,0.1577872,3.3506265339181924,1.0377410713819362
0,0,True,0.45,0.075229466,2.410835673334096,0.6498060108562276
1,1,False,0.55,0.17821611,2.880731243665904,1.1337355956531898
7,7,False,0.5,0.40255255,2.6457834585,2.1878822935580367
7,7,False,0.6,0.09550494,3.1156790288318073,0.7450795404263766
2,2,False,0.65,0.0045608636,3.3506265339181924,0.3177374579118103
7,7,True,0.55,0.09610972,2.880731243665904,0.7479213672632254
0,0,True,0.45,0.08239882,2.410835673334096,0.6834944655088804
2,2,True,0.6,0.14194746,3.1156790288318073,0.9633108495364372
4,4,True,0.65,0.17831387,3.3506265339181924,1.134194926063916
6,6,False,0.5,0.1493086,2.6457834585,0.9979005300605008
5,5,True,0.6,0.07738215,3.1156790288318073,0.6599213627548757
5,5,True,0.6,0.10931221,3.1156790288318073,0.8099592607426372
4,4,True,0.6,0.10716609,3.1156790288318073,0.79987475260099
2,2,True,0.6,0.06895608,3.1156790288318073,0.6203276415093257
3,3,True,0.65,0.17739789,3.3506265339181924,1.1298908040597495
7,7,False,0.5,0.09331462,2.6457834585,0.7347873183116472
0,0,True,0.4,0.113249056,2.175888028207952,0.8284583379054118
2,2,True,0.6,0.06344115,3.1156790288318073,0.5944132490283922
7,7,True,0.75,0.10024266,3.82052210425,0.7673418710326997
1,1,False,0.55,0.047412317,2.880731243665904,0.5190944924146751
3,3,True,0.6,0.20621262,3.1156790288318073,1.2652899258815271
1,1,True,0.5,0.11114957,2.6457834585,0.8185929569772351
2,2,True,0.7,0.1706786,3.5855743190840963,1.0983171598331882
3,3,False,0.55,0.050848447,2.880731243665904,0.5352407090654031
4,4,True,0.55,0.08243894,2.880731243665904,0.6836829940349292
1,1,True,0.45,0.12092542,2.410835673334096,0.8645292189643076
0,0,True,0.5,0.10399155,2.6457834585,0.784957752443082
2,2,True,0.55,0.14560527,2.880731243665904,0.980498699422312
7,7,True,0.55,0.068716004,2.880731243665904,0.6191995512277393
6,6,True,0.55,0.28807285,2.880731243665904,1.649947425859114
0,0,True,0.65,0.08911232,3.3506265339181924,0.7150409070121846
2,2,False,0.5,0.34841433,2.6457834585,1.93348928760513
1,1,True,0.55,0.19156387,2.880731243665904,1.1964561129396394
1,1,True,0.55,0.119327635,2.880731243665904,0.8570213023552667
6,6,True,0.45,0.039408598,2.410835673334096,0.48148537962894455
3,3,False,0.5,0.10342783,2.6457834585,0.7823088303747621
3,3,False,0.45,0.0016483718,2.410835673334096,0.304051791254022
5,5,False,0.7,0.0020873083,3.5855743190840963,0.30611433402805066
0,0,True,0.45,0.09043434,2.410835673334096,0.721253035727796
3,3,True,0.45,0.119664185,2.410835673334096,0.8586027363478663
3,3,True,0.5,0.16933121,2.6457834585,1.0919858222724148
5,5,True,0.6,0.16119842,3.1156790288318073,1.0537702322988027
3,3,True,0.5,0.0658197,2.6457834585,0.6055899622632881
5,5,True,0.65,0.35372967,3.3506265339181924,1.9584657988076382
5,5,True,0.55,0.15090679,2.880731243665904,1.0054103021963532
1,1,False,0.5,0.1658365,2.6457834585,1.07556433996968
4,4,True,0.65,0.11659321,3.3506265339181924,0.8441723743537611
6,6,False,0.55,0.08001378,2.880731243665904,0.672287293626322
5,5,False,0.65,0.033795133,3.3506265339181924,0.45510796318863167
1,1,True,0.55,0.13438302,2.880731243665904,0.9277658877938468
0,0,True,0.45,0.09123102,2.410835673334096,0.7249965785752135
5,5,False,0.65,0.009288015,3.3506265339181924,0.3399501269184675
7,7,False,0.5,0.101733394,2.6457834585,0.7743467648260918
3,3,True,0.5,0.16649072,2.6457834585,1.0786384927673196
4,4,True,0.6,0.11232564,3.1156790288318073,0.8241192409713433
0,0,False,0.4,0.26748464,2.175888028207952,1.5532043190541605
6,6,True,0.5,0.10540197,2.6457834585,0.791585239084978
5,5,True,0.65,0.12877406,3.3506265339181924,0.9014096348621683
7,7,False,0.6,0.0773457,3.1156790288318073,0.659750094129169
1,1,True,0.6,0.06989217,3.1156790288318073,0.6247262903510654
7,7,False,0.4,0.41894343,2.175888028207952,2.2649023406934017
7,7,True,0.7,0.038848046,3.5855743190840963,0.4788513717949974
0,0,True,0.45,0.10727372,2.410835673334096,0.8003805061919465
3,3,False,0.6,0.17386626,3.1156790288318073,1.1132958124951577
1,1,False,0.55,0.21614206,2.880731243665904,1.311947882768501
5,5,True,0.6,0.22092108,3.1156790288318073,1.3344043084813075
5,5,True,0.65,0.09808225,3.3506265339181924,0.7571902138264355
3,3,True,0.5,0.106746756,2.6457834585,0.7979043231668067
7,7,True,0.6,0.09679678,3.1156790288318073,0.7511498438756885
6,6,True,0.65,0.073848836,3.3506265339181924,0.6433184939538195
1,1,True,0.7,0.17110889,3.5855743190840963,1.100339053878939
4,4,False,0.6,0.04130135,3.1156790288318073,0.4903793397563273
5,5,False,0.6,0.18601371,3.1156790288318073,1.1703761584531935
4,4,True,0.6,0.08203463,3.1156790288318073,0.6817831796494069
6,6,True,0.55,0.12399162,2.880731243665904,0.878937174596914
2,2,True,0.65,0.33015734,3.3506265339181924,1.8477005108971962
5,5,False,0.55,0.45671558,2.880731243665904,2.442391952630496
3,3,True,0.5,0.10170986,2.6457834585,0.7742361684261312
1,1,True,0.75,0.12235462,3.82052210425,0.8712449656645452
3,3,False,0.75,0.19563168,3.82052210425,1.2155705598150157
5,5,True,0.65,0.104636885,3.3506265339181924,0.7879901383824903
1,1,False,0.55,0.13692167,2.880731243665904,0.9396948946160659
6,6,True,0.55,0.19811125,2.880731243665904,1.2272219378142883
1,1,True,0.7,0.08443349,3.5855743190840963,0.6930552949703721
4,4,True,0.6,0.14096639,3.1156790288318073,0.958700810677932
5,5,True,0.7,0.17438698,3.5855743190840963,1.11574265719071
3,3,True,0.5,0.10322757,2.6457834585,0.7813678332116909
1,1,True,0.55,0.12541173,2.880731243665904,0.8856102091705446
7,7,True,0.7,0.08414218,3.5855743190840963,0.6916864413324926
3,3,False,0.55,0.1551267,2.880731243665904,1.0252395120035422
2,2,True,0.6,0.2699905,3.1156790288318073,1.564979282141075
6,6,True,0.65,0.07453019,3.3506265339181924,0.6465201529523636
1,1,False,0.5,0.14338334,2.6457834585,0.9700579651427732
3,3,True,0.55,0.1227399,2.880731243665904,0.873055399673651
7,7,True,0.65,0.15436825,3.3506265339181924,1.0216755701475138
3,3,True,0.5,0.07128839,2.6457834585,0.6312870830575626
4,4,True,0.5,0.12519297,2.6457834585,0.8845822473169059
6,6,False,0.4,0.0787104,2.175888028207952,0.6661627597801949
5,5,True,0.7,0.14413898,3.5855743190840963,0.9736086732415413
7,7,False,0.6,0.053955156,3.1156790288318073,0.5498389962359602
6,6,False,0.55,0.12287731,2.880731243665904,0.8737010529842157
0,0,False,0.55,0.10150389,2.880731243665904,0.7732683186392011
1,1,True,0.5,0.079675674,2.6457834585,0.6706985425562955
1,1,True,0.6,0.060391482,3.1156790288318073,0.580082997957265
5,5,False,0.6,0.07311568,3.1156790288318073,0.6398734108435544
0,0,False,0.45,0.15369323,2.410835673334096,1.0185036695978353
6,6,True,0.5,0.56653523,2.6457834585,2.958429503355887
6,6,False,0.45,0.1613893,2.410835673334096,1.0546671869575528
0,0,True,0.45,0.06377628,2.410835673334096,0.5959879961224821
4,4,True,0.65,0.14338575,3.3506265339181924,0.970069308363282
7,7,False,0.65,0.0651713,3.3506265339181924,0.6025431522286648
7,7,True,0.65,0.107357584,3.3506265339181924,0.8007745780748071
4,4,False,0.65,0.094907865,3.3506265339181924,0.7422739138673244
1,1,True,0.6,0.07586894,3.1156790288318073,0.6528108789829202
2,2,True,0.65,0.1109482,3.3506265339181924,0.8176467083231875
1,1,True,0.45,0.06473706,2.410835673334096,0.6005026679048578
0,0,True,0.65,0.07705725,3.3506265339181924,0.6583946843081887
5,5,True,0.6,0.2444093,3.1156790288318073,1.4447743341709343
1,1,True,0.5,0.107694946,2.6457834585,0.8023598281508496
1,1,True,0.5,0.060397316,2.6457834585,0.5801104107401612
2,2,True,0.5,0.139339,2.6457834585,0.9510537995778992
4,4,True,0.6,0.24901983,3.1156790288318073,1.4664390451041556
4,4,True,0.65,0.13419452,3.3506265339181924,0.9268801363158461
5,5,True,0.6,0.12835415,3.1156790288318073,0.8994364746526773
7,7,True,0.55,0.068597905,2.880731243665904,0.6186446086713049
1,1,True,0.5,0.102801025,2.6457834585,0.7793635141557406
6,6,True,0.45,0.48866367,2.410835673334096,2.592514574672675
7,7,True,0.5,0.09029413,2.6457834585,0.7205941836699108
6,6,False,0.45,0.09882838,2.410835673334096,0.7606962492419653
6,6,True,0.5,0.21026485,2.6457834585,1.2843311319627537
5,5,False,0.6,0.053362276,3.1156790288318073,0.5470530802730389
2,2,True,0.6,0.173546,3.1156790288318073,1.1117909452409926
1,1,False,0.65,0.25895548,3.3506265339181924,1.5131262002809578
4,4,False,0.55,0.12595001,2.880731243665904,0.8881395372843643
3,3,False,0.6,0.23549119,3.1156790288318073,1.4028685564982237
4,4,True,0.6,0.070425525,3.1156790288318073,0.6272325119045895
2,2,False,0.6,0.09943463,3.1156790288318073,0.7635449730369631
7,7,True,0.7,0.108126886,3.5855743190840963,0.8043894944032454
3,3,True,0.55,0.15815,2.880731243665904,1.039445845392599
6,6,True,0.45,0.11081453,2.410835673334096,0.8170185949924835
6,6,True,0.4,0.07459904,2.175888028207952,0.6468436798064429
7,7,False,0.5,0.14256774,2.6457834585,0.9662254970481572
7,7,True,0.55,0.045663286,2.880731243665904,0.5108758740268431
3,3,True,0.55,0.09632756,2.880731243665904,0.7489449878843237
4,4,False,0.55,0.050687827,2.880731243665904,0.5344859647822908
1,1,True,0.55,0.07150107,2.880731243665904,0.6322864417903504
0,0,True,0.4,0.10414383,2.175888028207952,0.7856732855935712
1,1,True,0.6,0.058821622,3.1156790288318073,0.5727062986027516
4,4,False,0.7,0.12977277,3.5855743190840963,0.9061025072383394
2,2,True,0.65,0.11090915,3.3506265339181924,0.817463221228476
1,1,True,0.55,0.08878615,2.880731243665904,0.7135082418657848
6,6,True,0.4,0.087610126,2.175888028207952,0.7079821679313155
6,6,False,0.5,0.16923869,2.6457834585,1.0915510688394578
3,3,False,0.5,0.09527083,2.6457834585,0.7439794580966637
4,4,False,0.55,0.21423642,2.880731243665904,1.3029933904551314
2,2,False,0.6,0.1461677,3.1156790288318073,0.9831415297610994
3,3,True,0.55,0.2429501,2.880731243665904,1.437917637452893
0,0,True,0.65,0.12592357,3.3506265339181924,0.8880153220178052
4,4,True,0.6,0.4179679,3.1156790288318073,2.2603182792102596
0,0,True,0.5,0.069848455,2.6457834585,0.6245208870340129
0,0,True,0.35,0.09400081,1.9409402430420482,0.7380116987611487
3,3,True,0.5,0.09127409,2.6457834585,0.7251989710374397
4,4,True,0.65,0.12655097,3.3506265339181924,0.890963439032014
0,0,False,0.4,0.34605345,2.175888028207952,1.9223956179475392
1,1,True,0.6,0.09552971,3.1156790288318073,0.7451959484763511
4,4,True,0.7,0.2426865,3.5855743190840963,1.4366789857812856
5,5,True,0.65,0.19187328,3.3506265339181924,1.1979100057213952
5,5,True,0.7,0.19564947,3.5855743190840963,1.215654163551358
5,5,True,0.7,0.15550022,3.5855743190840963,1.0269946303076976
5,5,False,0.6,0.5966552,3.1156790288318073,3.0999618064789325
0,0,True,0.45,0.04937668,2.410835673334096,0.5283249505788485
6,6,False,0.6,0.17800932,3.1156790288318073,1.1327638597629375
6,6,True,0.45,0.12368087,2.410835673334096,0.8774769450160471
1,1,True,0.55,0.068419375,2.880731243665904,0.6178057004928126
5,5,True,0.7,0.21962796,3.5855743190840963,1.328327983322343
2,2,False,0.6,0.12696381,3.1156790288318073,0.8929033397986552
6,6,True,0.45,0.1522253,2.410835673334096,1.0116059412302993
2,2,True,0.65,0.06436963,3.3506265339181924,0.5987761177116134
5,5,False,0.7,0.104467675,3.5855743190840963,0.7871950276387404
6,6,True,0.45,0.1017203,2.410835673334096,0.7742852523617896
2,2,True,0.65,0.09312996,3.3506265339181924,0.7339196319626049
6,6,False,0.4,0.13109672,2.175888028207952,0.91232370352837
7,7,True,0.5,0.09036187,2.6457834585,0.7209124940429537
1,1,True,0.55,0.061152652,2.880731243665904,0.5836597009363658
2,2,True,0.65,0.15206236,3.3506265339181924,1.0108402738459565
4,4,True,0.65,0.18597437,3.3506265339181924,1.1701913059708282
2,2,True,0.5,0.26019982,2.6457834585,1.5189732803538374
5,5,True,0.6,0.24853894,3.1156790288318073,1.4641793635469982
5,5,False,0.65,0.05086957,3.3506265339181924,0.5353399622448549
7,7,True,0.65,0.074950084,3.3506265339181924,0.648493208132035
0,0,True,0.4,0.08902551,2.175888028207952,0.7146330062030862
0,0,False,0.4,0.084987655,2.175888028207952,0.6956592992858748
5,5,True,0.65,0.15881793,3.3506265339181924,1.042584416479548
1,1,True,0.55,0.09579248,2.880731243665904,0.7464306790346962
5,5,True,0.65,0.1046883,3.3506265339181924,0.7882317419773395
2,2,False,0.6,0.20563905,3.1156790288318073,1.2625947206727361
3,3,True,0.6,0.24811046,3.1156790288318073,1.462165941906689
0,0,False,0.45,0.08623747,2.410835673334096,0.7015321116645383
5,5,True,0.65,0.051495887,3.3506265339181924,0.5382830028177867
0,0,False,0.35,0.12859218,1.9409402430420482,0.9005549722107472
2,2,True,0.55,0.086538434,2.880731243665904,0.702946338184453
2,2,True,0.65,0.11749365,3.3506265339181924,0.8484035006333571
7,7,True,0.55,0.07718698,2.880731243665904,0.6590042773807163
3,3,True,0.6,0.09395155,3.1156790288318073,0.7377802480488538
6,6,False,0.45,0.25064918,2.410835673334096,1.4740952988283067
7,7,True,0.7,0.42646492,3.5855743190840963,2.300245435122864
2,2,True,0.6,0.059199914,3.1156790288318073,0.5744838757833157
1,1,True,0.55,0.07137924,2.880731243665904,0.6317139592540553
6,6,False,0.5,0.21644388,2.6457834585,1.3133661354314974
4,4,True,0.65,0.025214164,3.3506265339181924,0.41478637654128325
6,6,True,0.55,0.1285753,2.880731243665904,0.9004756396870653
5,5,True,0.7,0.15954374,3.5855743190840963,1.045994944779189
2,2,True,0.65,0.086885735,3.3506265339181924,0.7045782915202444
7,7,False,0.5,0.15964559,2.6457834585,1.046473530656828
2,2,False,0.6,0.08058397,3.1156790288318073,0.6749665693124848
7,7,False,0.55,0.06262056,2.880731243665904,0.5905573242740823
2,2,True,0.55,0.112115994,2.880731243665904,0.8231341312840712
0,0,True,0.45,0.05911038,2.410835673334096,0.5740631613362353
0,0,True,0.4,0.08398873,2.175888028207952,0.6909654116214481
4,4,True,0.55,0.39918324,2.880731243665904,2.1720500985627202
0,0,True,0.35,0.12211536,1.9409402430420482,0.8701206914664015
4,4,True,0.55,0.23229036,2.880731243665904,1.3878280062626134
6,6,True,0.45,0.06850549,2.410835673334096,0.6182103453775056
1,1,True,0.65,0.09168395,3.3506265339181924,0.7271248678281441
2,2,True,0.7,0.08871236,3.5855743190840963,0.7131615034215902
1,1,True,0.45,0.085547835,2.410835673334096,0.6982915566228298
2,2,True,0.55,0.112010665,2.880731243665904,0.8226391957645259
3,3,False,0.55,0.12551606,2.880731243665904,0.8861004183482112
1,1,True,0.5,0.09784447,2.6457834585,0.7560728715963805
0,0,True,0.5,0.062366914,2.6457834585,0.5893654633870735
1,1,True,0.5,0.16874197,2.6457834585,1.0892170261700764
7,7,True,0.55,0.10317047,2.880731243665904,0.7810995170327424
1,1,True,0.5,0.13779679,2.6457834585,0.9438070221101392
0,0,True,0.4,0.093489595,2.175888028207952,0.7356095267488348
0,0,True,0.4,0.10997664,2.175888028207952,0.8130814121678004
3,3,False,0.45,0.06314321,2.410835673334096,0.5930132365440535
7,7,False,0.65,0.07717215,3.3506265339181924,0.658934607600431
4,4,False,0.65,0.062217936,3.3506265339181924,0.5886654221349643
5,5,False,0.65,0.122553006,3.3506265339181924,0.8721771753327162
0,0,False,0.45,0.11186472,2.410835673334096,0.8219534210629023
2,2,True,0.75,0.07656955,3.82052210425,0.6561030036660159
6,6,True,0.55,0.14889659,2.880731243665904,0.9959644803872423
2,2,True,0.75,0.27072018,3.82052210425,1.568408015609434
1,1,True,0.7,0.035473663,3.5855743190840963,0.46299530002070943
7,7,True,0.75,0.09546041,3.82052210425,0.7448702860159415
2,2,False,0.75,0.2785908,3.82052210425,1.6053916758198885
2,2,False,0.7,0.09862021,3.5855743190840963,0.759718071522782
1,1,True,0.5,0.18482958,2.6457834585,1.1648119586942365
4,4,True,0.65,0.17749912,3.3506265339181924,1.1303664491024419
1,1,True,0.45,0.079946056,2.410835673334096,0.6719690532731588
7,7,True,0.6,0.16088358,3.1156790288318073,1.0522907822609626
2,2,True,0.6,0.18022856,3.1156790288318073,1.1431919904641332
5,5,True,0.6,0.15428644,3.1156790288318073,1.0212911610080493
3,3,False,0.55,0.823794,2.880731243665904,4.167276793056523
5,5,True,0.55,0.43084708,2.880731243665904,2.3208370213800507
0,0,False,0.45,0.1265275,2.410835673334096,0.890853157721512
7,7,True,0.55,0.05414388,2.880731243665904,0.5507257980121562
0,0,False,0.45,0.109170265,2.410835673334096,0.8092922863787088
3,3,True,0.6,0.08461604,3.1156790288318073,0.693913108516379
5,5,False,0.7,0.23768023,3.5855743190840963,1.4131547569033003
2,2,True,0.6,0.34039387,3.1156790288318073,1.8958015074845747
6,6,False,0.55,0.17927526,2.880731243665904,1.1387124686613586
6,6,True,0.45,0.07253538,2.410835673334096,0.6371466266690262
2,2,True,0.55,0.0743758,2.880731243665904,0.6457946769789592
4,4,False,0.55,0.22644728,2.880731243665904,1.360371671001222
0,0,True,0.5,0.14068943,2.6457834585,0.957399421194128
6,6,True,0.6,0.04847079,3.1156790288318073,0.5240682145282582
4,4,True,0.65,0.14571151,3.3506265339181924,0.9809979411644579
4,4,True,0.6,0.20711671,3.1156790288318073,1.2695381720217056
1,1,True,0.6,0.16411856,3.1156790288318073,1.0674918180608082
6,6,True,0.45,0.16185553,2.410835673334096,1.0568579689531012
2,2,True,0.75,0.040820498,3.82052210425,0.48811983324886926
4,4,False,0.75,0.35925528,3.82052210425,1.9844304305522449
3,3,True,0.45,0.13888171,2.410835673334096,0.9489050295101611
0,0,False,0.4,0.10636041,2.175888028207952,0.7960889177462435
0,0,True,0.5,0.08481701,2.6457834585,0.6948574316237353
0,0,False,0.4,0.1624652,2.175888028207952,1.0597227623104863
5,5,True,0.6,0.101966895,3.1156790288318073,0.7754439763407377
2,2,True,0.6,0.076980144,3.1156790288318073,0.6580323664407646
6,6,False,0.55,0.06516923,2.880731243665904,0.6025334194653887
3,3,False,0.5,0.2228544,2.6457834585,1.3434888977311297
3,3,True,0.45,0.081893556,2.410835673334096,0.6811202664385001
2,2,True,0.75,0.185637,3.82052210425,1.168605985874906
6,6,True,0.65,0.099795796,3.3506265339181924,0.7652420798708004
6,6,True,0.5,0.32844064,2.6457834585,1.8396338006383384
6,6,True,0.55,0.14635594,2.880731243665904,0.9840260909011455
0,0,True,0.5,0.08952192,2.6457834585,0.7169656134649343
5,5,True,0.6,0.12250325,3.1156790288318073,0.8719433789544518
0,0,True,0.5,0.14629897,2.6457834585,0.9837584049011141
0,0,False,0.45,0.06054595,2.410835673334096,0.5808088415350378
6,6,False,0.55,0.0874177,2.880731243665904,0.7070779662150182
0,0,True,0.35,0.12945515,1.9409402430420482,0.9046100335028782
0,0,False,0.5,0.16100809,2.6457834585,1.052875868375601
5,5,True,0.65,0.12516099,3.3506265339181924,0.8844319846551043
6,6,True,0.45,0.049204152,2.410835673334096,0.527514242906899
6,6,True,0.6,0.07394619,3.1156790288318073,0.6437759688377339
2,2,False,0.55,0.10553326,2.880731243665904,0.7922021492349327
6,6,True,0.4,0.11305338,2.175888028207952,0.8275388718553432
4,4,True,0.65,0.13155554,3.3506265339181924,0.9144796856437155
0,0,True,0.45,0.16401795,2.410835673334096,1.0670190438331828
2,2,True,0.5,0.1286492,2.6457834585,0.9008229382902972
3,3,True,0.45,0.11269137,2.410835673334096,0.8258378088983038
2,2,True,0.7,0.023826478,3.5855743190840963,0.4082657052258448
7,7,True,0.5,0.08951794,2.6457834585,0.7169469181570587
5,5,True,0.75,0.08265108,3.82052210425,0.6846798320520482
5,5,False,0.6,0.1619237,3.1156790288318073,1.0571783099026548
4,4,False,0.6,0.11005718,3.1156790288318073,0.8134598696174916
7,7,False,0.55,0.17234741,2.880731243665904,1.106158826198742
1,1,True,0.55,0.16780858,2.880731243665904,1.0848310509265595
0,0,True,0.45,0.089291304,2.410835673334096,0.7158819507970071
7,7,False,0.4,0.022506397,2.175888028207952,0.4020627053520471
5,5,True,0.7,0.05313298,3.5855743190840963,0.5459756318694337
4,4,False,0.55,0.31898907,2.880731243665904,1.7952213112729458
6,6,True,0.45,0.08548153,2.410835673334096,0.6979800031681764
3,3,True,0.6,0.09848193,3.1156790288318073,0.7590682870393158
3,3,False,0.5,0.46826646,2.6457834585,2.496668982685509
6,6,False,0.65,0.1079155,3.3506265339181924,0.8033961923900502
1,1,False,0.5,0.09043057,2.6457834585,0.721235320698236
0,0,False,0.5,0.105342686,2.6457834585,0.7913066649936559
2,2,True,0.55,0.5635257,2.880731243665904,2.944287728295899
6,6,False,0.5,0.25971314,2.6457834585,1.5166864310833628
0,0,True,0.4,0.07344922,2.175888028207952,0.6414407008204579
6,6,False,0.6,0.0603367,3.1156790288318073,0.5798255873745772
5,5,True,0.7,0.09272041,3.5855743190840963,0.7319951705794341
3,3,True,0.55,0.034036737,2.880731243665904,0.4562432480128557
5,5,False,0.65,0.15613306,3.3506265339181924,1.029968304577991
6,6,False,0.5,0.06899932,2.6457834585,0.6205308392001683
6,6,True,0.45,0.075282,2.410835673334096,0.650052865942053
5,5,True,0.65,0.13237289,3.3506265339181924,0.9183203460642545
6,6,True,0.55,0.14250268,2.880731243665904,0.9659197902534575
5,5,True,0.7,0.13452941,3.5855743190840963,0.9284537630918609
5,5,True,0.65,0.13564779,3.3506265339181924,0.9337089651217731
6,6,False,0.4,0.12682968,2.175888028207952,0.8922730908616209
5,5,True,0.65,0.08275204,3.3506265339181924,0.6851542517468462
2,2,False,0.6,0.07133308,3.1156790288318073,0.6314970726767346
6,6,True,0.5,0.07213468,2.6457834585,0.6352637570943875
3,3,True,0.55,0.06411021,2.880731243665904,0.5975571416261972
0,0,True,0.45,0.10117709,2.410835673334096,0.7717327126578545
3,3,True,0.5,0.13070187,2.6457834585,0.9104683167565073
0,0,False,0.45,0.121741086,2.410835673334096,0.8683620021483821
5,5,True,0.6,0.043527156,3.1156790288318073,0.5008382967095539
0,0,False,0.6,0.104476996,3.1156790288318073,0.7872388250734826
4,4,True,0.6,0.1891466,3.1156790288318073,1.1850974180374454
4,4,False,0.6,0.087730326,3.1156790288318073,0.7085469832907854
6,6,True,0.5,0.13854936,2.6457834585,0.9473433061136924
0,0,True,0.45,0.084370635,2.410835673334096,0.6927599511178656
7,7,True,0.5,0.060349293,2.6457834585,0.5798847541729101
7,7,True,0.55,0.18057345,2.880731243665904,1.144812600579416
0,0,True,0.5,0.05140826,2.6457834585,0.5378712509153059
4,4,True,0.6,0.07146168,3.1156790288318073,0.6321013442384062
2,2,True,0.6,0.07394559,3.1156790288318073,0.6437731330326066
2,2,True,0.6,0.11342175,3.1156790288318073,0.8292698333010078
6,1,True,0.65,0.08189034,3.3506265339181924,0.6811051421444885
5,5,False,0.65,0.0847888,3.3506265339181924,0.6947248839914937
5,5,False,0.6,0.12513414,3.1156790288318073,0.884305808831914
7,7,False,0.55,0.6296686,2.880731243665904,3.25509028975947
2,2,True,0.6,0.16328445,3.1156790288318073,1.063572385275625
1,1,False,0.5,0.09418348,2.6457834585,0.7388700724661932
3,3,True,0.55,0.059727613,2.880731243665904,0.5769635072875299
3,3,True,0.55,0.15125768,2.880731243665904,1.0070591303231486
4,4,True,0.6,0.24693182,3.1156790288318073,1.4566275794833354
4,4,False,0.65,0.106549114,3.3506265339181924,0.7969756144926199
0,0,True,0.45,0.09237516,2.410835673334096,0.7303728449770991
2,2,True,0.6,0.097474635,3.1156790288318073,0.754335048202507
1,1,True,0.55,0.06383888,2.880731243665904,0.596282149637034
2,2,True,0.6,0.12594427,3.1156790288318073,0.888112579630686
1,1,False,0.5,0.06760813,2.6457834585,0.6139937132130042
1,1,False,0.45,0.0873203,2.410835673334096,0.7066202812714646
2,2,True,0.7,0.044778444,3.5855743190840963,0.5067180410563062
7,7,False,0.7,0.11816631,3.5855743190840963,0.8515643030321057
5,5,True,0.7,0.12325735,3.5855743190840963,0.8754868399956727
7,7,True,0.5,0.11144794,2.6457834585,0.8199949650281448
0,0,True,0.4,0.08710651,2.175888028207952,0.7056157060576405
7,7,True,0.7,0.13171604,3.5855743190840963,0.9152338697677903
2,2,False,0.65,0.2923624,3.3506265339181924,1.670103768544186
2,2,True,0.65,0.05767182,3.3506265339181924,0.5673034246465862
7,7,True,0.55,0.1663767,2.880731243665904,1.0781027006479786
1,1,True,0.55,0.05667203,2.880731243665904,0.5626054583241681
1,1,True,0.6,0.08436051,3.1156790288318073,0.6927123726096205
2,2,False,0.55,0.13701846,2.880731243665904,0.9401496737346126
3,3,True,0.5,0.1512159,2.6457834585,1.006862794580515
4,4,True,0.6,0.2144534,3.1156790288318073,1.304012949923208
4,4,True,0.65,0.18076219,3.3506265339181924,1.1456994723754916
3,3,True,0.5,0.14433227,2.6457834585,0.9745169711208003
4,4,False,0.6,0.14045218,3.1156790288318073,0.9562845646698017
7,7,True,0.65,0.1878874,3.3506265339181924,1.1791805281445207
2,2,True,0.7,0.05587349,3.5855743190840963,0.5588531629917901
6,6,False,0.45,0.1563188,2.410835673334096,1.0308411023782504
7,7,False,0.6,0.065706365,3.1156790288318073,0.6050573910584127
5,5,True,0.65,0.18177676,3.3506265339181924,1.1504669159235261
6,6,False,0.6,0.08033311,3.1156790288318073,0.673787819647947
1,1,False,0.55,0.12562843,2.880731243665904,0.8866284382609071
3,3,True,0.5,0.09397798,2.6457834585,0.7379044283054731
0,0,True,0.5,0.054565445,2.6457834585,0.5527067129233221
5,5,True,0.65,0.077908635,3.3506265339181924,0.6623953051438655
0,0,False,0.4,0.073941626,2.175888028207952,0.6437545077446107
3,3,True,0.6,0.06460677,3.1156790288318073,0.5998904490868421
4,4,True,0.6,0.34654787,3.1156790288318073,1.9247188775554493
3,3,False,0.5,0.12203332,2.6457834585,0.869735197018802
6,6,True,0.4,0.173368,2.175888028207952,1.110954557778169
6,6,False,0.5,0.07328118,2.6457834585,0.6406510866372631
7,7,True,0.5,0.047672916,2.6457834585,0.5203190350805261
2,2,False,0.7,0.12550683,3.5855743190840963,0.8860570760426869
1,1,True,0.5,0.04707938,2.6457834585,0.5175300382428988
7,7,True,0.5,0.09255631,2.6457834585,0.7312240766544156
7,7,True,0.55,0.08408506,2.880731243665904,0.6914180551336644
4,4,False,0.6,0.14477742,3.1156790288318073,0.976608674986596
1,1,True,0.55,0.10953316,2.880731243665904,0.8109975155185895
5,5,True,0.7,0.06325063,3.5855743190840963,0.5935180098566943
3,3,True,0.65,0.06975201,3.3506265339181924,0.6240676833627591
7,7,True,0.6,0.043328114,3.1156790288318073,0.4999030061666769
1,1,False,0.55,0.013970271,2.880731243665904,0.3619518347801223
5,5,True,0.75,0.15510146,3.82052210425,1.0251208983273576
7,7,True,0.4,0.15321155,2.175888028207952,1.0162402769870549
3,3,True,0.6,0.16693641,3.1156790288318073,1.0807327873686636
0,0,False,0.45,0.4762878,2.410835673334096,2.534360963998845
3,3,True,0.55,0.20378372,2.880731243665904,1.2538766154731795
3,3,True,0.5,0.07750823,2.6457834585,0.6605138359668206
7,7,False,0.55,0.08630988,2.880731243665904,0.701872373269862
7,7,True,0.5,0.12336125,2.6457834585,0.8759750886167081
6,6,False,0.6,0.14562832,3.1156790288318073,0.980607020176183
3,3,False,0.55,0.09641196,2.880731243665904,0.749341580482853
7,7,False,0.5,0.24796483,2.6457834585,1.4614816376225388
6,6,True,0.4,0.13182828,2.175888028207952,0.9157612595015691
0,0,False,0.4,0.13050488,2.175888028207952,0.9095426539470868
6,6,False,0.55,0.20269245,2.880731243665904,1.248748779604412
7,7,True,0.5,0.1606248,2.6457834585,1.0510748170303728
0,0,False,0.4,0.20830896,2.175888028207952,1.2751405326150902
6,6,False,0.55,0.33721173,2.880731243665904,1.880848762178088
0,0,True,0.55,0.1853518,2.880731243665904,1.1672658753976368
0,0,True,0.55,0.124100424,2.880731243665904,0.8794484247484257
7,7,True,0.55,0.17211866,2.880731243665904,1.1050839510257153
5,5,True,0.55,0.13142052,2.880731243665904,0.9138452355139002
7,7,True,0.55,0.057330217,2.880731243665904,0.5656982539147738
5,5,True,0.65,0.26127687,3.3506265339181924,1.5240343172573863
6,6,False,0.45,0.19513336,2.410835673334096,1.2132289549986282
1,1,True,0.55,0.14616863,2.880731243665904,0.9831459410135195
4,4,False,0.55,0.115267605,2.880731243665904,0.8379434058570856
2,2,False,0.6,0.09323883,3.1156790288318073,0.7344311972035751
1,1,True,0.5,0.03400899,2.6457834585,0.45611287099688436
7,7,True,0.7,0.088604055,3.5855743190840963,0.7126525989360479
1,1,True,0.55,0.13351876,2.880731243665904,0.9237047347721834
0,0,True,0.5,0.050945178,2.6457834585,0.5356952431143708
1,1,True,0.55,0.10275332,2.880731243665904,0.7791393455109328
1,1,True,0.6,0.116212614,3.1156790288318073,0.8423839615968159
5,5,True,0.55,0.12595879,2.880731243665904,0.8881807789934981
0,0,False,0.55,0.14460857,2.880731243665904,0.9758152797298982
2,2,True,0.6,0.19220008,3.1156790288318073,1.1994456117027417
4,4,True,0.55,0.08264512,2.880731243665904,0.6846518241001747
6,6,True,0.6,0.08139096,3.1156790288318073,0.6787586009265834
5,5,True,0.6,0.0815411,3.1156790288318073,0.679464086224338
2,2,False,0.65,0.13220464,3.3506265339181924,0.9175297516027441
7,7,True,0.6,0.054314494,3.1156790288318073,0.5515275081295663
2,2,True,0.65,0.09038759,3.3506265339181924,0.721033348355288
2,2,True,0.55,0.112300426,2.880731243665904,0.8240007673349182
1,1,True,0.55,0.13575882,2.880731243665904,0.9342306832452975
7,7,True,0.6,0.094377115,3.1156790288318073,0.739779945792745
2,2,False,0.55,0.13223164,2.880731243665904,0.9176566276247312
0,0,True,0.6,0.09280143,3.1156790288318073,0.7323758686652752
5,5,True,0.7,0.09876836,3.5855743190840963,0.7604142091665989
2,2,False,0.65,0.09559885,3.3506265339181924,0.7455208057081443
1,1,True,0.55,0.16625126,2.880731243665904,1.0775132733008002
2,2,True,0.65,0.08559482,3.3506265339181924,0.698512329303473
2,2,True,0.55,0.19238679,2.880731243665904,1.2003229607951802
7,7,True,0.65,0.11416153,3.3506265339181924,0.8327460052378525
2,2,False,0.55,0.19122154,2.880731243665904,1.1948474762237828
5,5,True,0.6,0.14725128,3.1156790288318073,0.9882332353719497
3,3,True,0.55,0.068717785,2.880731243665904,0.6192079186033614
6,6,True,0.5,0.16073424,2.6457834585,1.051589043026771
2,2,False,0.6,0.1098219,3.1156790288318073,0.8123542907272234
6,6,True,0.5,0.14117105,2.6457834585,0.9596625337253898
7,7,True,0.5,0.09566894,2.6457834585,0.7458501792221771
5,5,True,0.55,0.2639111,2.880731243665904,1.5364124315878978
0,0,True,0.45,0.10813106,2.410835673334096,0.8044090999695569
7,7,True,0.55,0.0880796,2.880731243665904,0.710188214260635
5,5,False,0.6,0.09627859,3.1156790288318073,0.7487149025596825
3,3,True,0.6,0.11208233,3.1156790288318073,0.8229759563758654
7,7,False,0.55,0.26440936,2.880731243665904,1.5387537563247664
1,1,False,0.55,0.22637264,2.880731243665904,1.3600209414238855
2,2,False,0.6,0.17459273,3.1156790288318073,1.1167094916893847
5,5,True,0.75,0.15357378,3.82052210425,1.0179423902422895
5,5,False,0.6,0.2871375,3.1156790288318073,1.6455522780113587
6,6,True,0.6,0.15472679,3.1156790288318073,1.0233603184725868
4,4,True,0.6,0.121983305,3.1156790288318073,0.8695001752926431
2,2,False,0.5,0.14422607,2.6457834585,0.9740179394382934
3,3,True,0.55,0.07590652,2.880731243665904,0.6529874691194829
4,4,False,0.55,0.104206875,2.880731243665904,0.7859695397045137
0,0,False,0.4,0.123187274,2.175888028207952,0.8751575715114593
6,6,True,0.5,0.11642285,2.6457834585,0.8433718370693356
2,2,True,0.75,0.07614685,3.82052210425,0.6541167497390241
2,2,True,0.6,0.042849317,3.1156790288318073,0.49765316240261515
3,3,True,0.6,0.077188,3.1156790288318073,0.6590090737424747
1,1,True,0.55,0.033929862,2.880731243665904,0.4557410479307932
0,0,False,0.45,0.12950659,2.410835673334096,0.9048517421275468
0,0,False,0.5,0.1556667,2.6457834585,1.0277768924035255
1,1,True,0.7,0.072568774,3.5855743190840963,0.6373035412193977
6,6,True,0.45,0.14253594,2.410835673334096,0.9660760746249119
0,0,False,0.45,0.27432385,2.410835673334096,1.5853414832724173
6,6,False,0.4,0.14704369,2.175888028207952,0.987257788428074
2,2,True,0.65,0.09509935,3.3506265339181924,0.7431737043312017
6,6,True,0.5,0.064107165,2.6457834585,0.5975428225608019
5,5,False,0.55,0.14017439,2.880731243665904,0.9549792540727353
0,0,True,0.3,0.09189076,1.7059925979159036,0.7280966737382762
5,5,True,0.7,0.37410623,3.5855743190840963,2.0542143432415623
5,5,False,0.45,0.102791406,2.410835673334096,0.7793183163234046
2,2,True,0.6,0.1249589,3.1156790288318073,0.8834823750468319
0,0,False,0.45,0.16109504,2.410835673334096,1.0532844343735561
6,6,False,0.55,0.0063020666,2.880731243665904,0.3259192917934746
4,4,True,0.55,0.3248627,2.880731243665904,1.8228211872876892
3,3,False,0.6,0.43632415,3.1156790288318073,2.346573528356647
3,3,True,0.55,0.06923137,2.880731243665904,0.621621223776545
5,5,True,0.7,0.13407068,3.5855743190840963,0.9262982010957935
0,0,True,0.55,0.09621445,2.880731243665904,0.7484135019875835
4,4,True,0.65,0.21068439,3.3506265339181924,1.2863025416752527
3,3,True,0.5,0.20534387,2.6457834585,1.2612076968760788
2,2,True,0.55,0.097100146,2.880731243665904,0.7525753435962322
1,1,False,0.6,0.20325194,3.1156790288318073,1.2513778160269018
0,0,True,0.5,0.09743364,2.6457834585,0.7541424235134967
7,7,True,0.55,0.22622414,2.880731243665904,1.3593231233029563
6,6,True,0.45,0.054385554,2.410835673334096,0.5518614154308087
6,6,True,0.45,0.10855864,2.410835673334096,0.8064182854071451
5,5,True,0.65,0.080538474,3.3506265339181924,0.67475279861981
3,3,False,0.5,0.13873869,2.6457834585,0.9482329787049555
1,1,True,0.5,0.24712974,2.6457834585,1.4575575835252963
5,5,True,0.75,0.22909147,3.82052210425,1.3727965586113622
7,7,True,0.6,0.101889454,3.1156790288318073,0.7750800830260207
3,3,True,0.5,0.07419334,2.6457834585,0.6449373185621703
5,5,True,0.6,0.066644795,3.1156790288318073,0.6094670330212627
2,2,True,0.65,0.14319487,3.3506265339181924,0.9691723537045318
0,0,True,0.45,0.09282189,2.410835673334096,0.7324720059600811
3,3,True,0.5,0.105113246,2.6457834585,0.7902285338962238
3,3,True,0.55,0.10052751,2.880731243665904,0.7686803710527361
2,2,True,0.7,0.10958381,3.5855743190840963,0.8112355130896348
3,3,True,0.5,0.23082192,2.6457834585,1.3809278972191683
5,5,True,0.6,0.35719186,3.1156790288318073,1.974734497732903
0,0,False,0.45,0.15678933,2.410835673334096,1.0330521201190273
5,5,True,0.6,0.3154027,3.1156790288318073,1.7783690666703957
4,4,True,0.75,0.1540307,3.82052210425,1.0200894098130355
7,7,False,0.55,0.1390994,2.880731243665904,0.9499279499324625
6,6,True,0.55,0.1389496,2.880731243665904,0.9492240400820008
1,1,True,0.7,0.15054208,3.5855743190840963,1.003696565641091
1,1,False,0.55,0.12098105,2.880731243665904,0.8647906381851073
7,7,True,0.6,0.08721946,3.1156790288318073,0.7061464567456439
2,2,True,0.65,0.19283514,3.3506265339181924,1.2024297189351079
6,6,True,0.55,0.11924083,2.880731243665904,0.8566134015461684
5,5,True,0.65,0.13791808,3.3506265339181924,0.9443769839307657
5,5,True,0.65,0.064312615,3.3506265339181924,0.5985082216519431
2,2,True,0.7,0.10391432,3.5855743190840963,0.7845948394066805
1,1,True,0.45,0.121847704,2.410835673334096,0.8688629943875201
6,6,True,0.55,0.07822008,2.880731243665904,0.6638587556391978
5,5,True,0.55,0.12919734,2.880731243665904,0.9033986195644678
3,3,False,0.35,0.1910215,1.9409402430420482,1.1939075293589068
2,2,False,0.5,0.1440807,2.6457834585,0.9733348254920978
6,6,True,0.45,0.07067625,2.410835673334096,0.6284106664001501
2,2,False,0.7,0.08651217,3.5855743190840963,0.7028229281465102
1,1,False,0.45,0.076004855,2.410835673334096,0.6534495303055167
2,2,False,0.75,0.104092576,3.82052210425,0.7854324522173985
0,0,True,0.35,0.09358578,1.9409402430420482,0.7360615050721941
7,7,True,0.6,0.12126424,3.1156790288318073,0.866121330988559
0,0,True,0.4,0.08609582,2.175888028207952,0.7008665026882637
3,3,True,0.65,0.07453551,3.3506265339181924,0.6465451500494108
5,5,True,0.6,0.36864087,3.1156790288318073,2.0285328718903974
7,7,True,0.45,0.10561078,2.410835673334096,0.7925664276589879
0,0,True,0.4,0.10610947,2.175888028207952,0.7949097479624275
4,4,False,0.55,0.156018,2.880731243665904,1.0294276810869523
2,2,False,0.7,0.15519083,3.5855743190840963,1.0255408075458217
5,5,True,0.7,0.0734287,3.5855743190840963,0.6413442834461333
4,4,True,0.55,0.101341605,2.880731243665904,0.7725057671395041
1,1,True,0.55,0.06732334,2.880731243665904,0.6126554932724864
3,3,True,0.45,0.10492987,2.410835673334096,0.7893668692568343
1,1,True,0.65,0.15579458,3.3506265339181924,1.0283778030109723
5,5,True,0.7,0.12057212,3.5855743190840963,0.8628690826269433
7,7,False,0.55,0.26269,2.880731243665904,1.5306745825273247
6,6,True,0.55,0.07441906,2.880731243665904,0.6459979446896814
7,7,False,0.45,0.13199294,2.410835673334096,0.9165349791720756
2,2,False,0.55,0.24472024,2.880731243665904,1.4462354390002972
4,4,True,0.6,0.10798329,3.1156790288318073,0.8037147478326719
1,1,True,0.6,0.08318957,3.1156790288318073,0.6872101754541236
4,4,False,0.65,0.2525373,3.3506265339181924,1.4829675177830477
6,6,True,0.4,0.19737896,2.175888028207952,1.2237809508669848
1,1,True,0.45,0.12598062,2.410835673334096,0.8882833581172349
3,3,True,0.4,0.167904,2.175888028207952,1.0852794582360548
7,7,False,0.6,0.24864446,3.1156790288318073,1.4646751743150397
5,5,True,0.6,0.5129047,3.1156790288318073,2.7064220747038097
3,3,True,0.6,0.060450554,3.1156790288318073,0.5803605742653017
2,2,True,0.65,0.09992239,3.3506265339181924,0.7658369337586546
3,3,True,0.5,0.18544678,2.6457834585,1.1677121821107417
2,2,True,0.55,0.10826166,2.880731243665904,0.805022789205046
5,5,True,0.65,0.11399727,3.3506265339181924,0.8319741761040974
4,4,True,0.7,0.12301479,3.5855743190840963,0.8743470914041188
5,5,True,0.75,0.09734684,3.82052210425,0.7537345577143382
3,3,True,0.6,0.08884402,3.1156790288318073,0.7137801990784768
6,6,False,0.4,0.06474938,2.175888028207952,0.6005605743453564
3,3,False,0.5,0.29646802,2.6457834585,1.6893959258741995
0,0,False,0.45,0.29953966,2.410835673334096,1.7038294037529509
7,7,False,0.7,0.07459296,3.5855743190840963,0.6468151116955319
5,5,False,0.6,0.23278151,3.1156790288318073,1.3901359315168729
3,3,True,0.55,0.09471618,2.880731243665904,0.7413731781350713
5,5,True,0.65,0.13153265,3.3506265339181924,0.9143721351085211
4,4,True,0.6,0.0657823,3.1156790288318073,0.6054142123652817
2,2,True,0.8,0.09599607,4.055469889415903,0.7473873256408767
6,6,False,0.55,0.29946768,2.880731243665904,1.7034912077340778
4,4,False,0.65,0.1314381,3.3506265339181924,0.9139278589719271
2,2,True,0.6,0.112281546,3.1156790288318073,0.8239120521473587
1,1,False,0.5,0.12567016,2.6457834585,0.8868245639439015
5,5,True,0.65,0.16180138,3.3506265339181924,1.05660351671033
5,5,False,0.65,0.15844706,3.3506265339181924,1.0408416916940966
2,2,False,0.65,0.043408822,3.3506265339181924,0.5002822513400145
5,5,True,0.6,0.12591304,3.1156790288318073,0.8879658179628687
0,0,True,0.6,0.05806098,3.1156790288318073,0.5691320813293796
6,6,True,0.55,0.09682085,2.880731243665904,0.7512629609913177
7,7,True,0.55,0.146029,2.880731243665904,0.9824897847210021
3,3,False,0.6,0.096217394,3.1156790288318073,0.748427330913821
6,6,False,0.6,0.0019532181,3.1156790288318073,0.3054842502941699
6,6,True,0.5,0.083156765,2.6457834585,0.6870560266889995
1,1,False,0.45,0.06704803,2.410835673334096,0.6113618059754475
0,0,False,0.5,0.23473926,2.6457834585,1.3993352833494968
6,6,True,0.45,0.05925301,2.410835673334096,0.5747333741195992
3,3,True,0.5,0.0959568,2.6457834585,0.7472028232579098
0,0,False,0.45,0.17351753,2.410835673334096,1.1116571372509165
5,5,True,0.8,0.19496316,4.055469889415903,1.2124291879328792
3,3,True,0.6,0.2824594,3.1156790288318073,1.6235700969436508
5,5,True,0.55,0.116852514,2.880731243665904,0.8453908252900797
1,1,True,0.6,0.08128247,3.1156790288318073,0.6782487861826052
7,7,True,0.5,0.15712284,2.6457834585,1.0346192350462315
1,1,True,0.6,0.1657912,3.1156790288318073,1.0753514795354409
0,0,False,0.35,0.14909002,1.9409402430420482,0.9968734084454184
2,2,False,0.65,0.0802901,3.3506265339181924,0.6735857072652396
6,6,True,0.6,0.19033103,3.1156790288318073,1.190663018193996
3,3,True,0.55,0.18537733,2.880731243665904,1.1673858194515354
1,1,True,0.5,0.13115579,2.6457834585,0.9126012623314368
5,5,False,0.65,0.079357155,3.3506265339181924,0.6692018326181133
5,5,True,0.65,0.15791456,3.3506265339181924,1.0383395312935941
0,0,False,0.45,0.11324996,2.410835673334096,0.8284625741081326
0,0,True,0.4,0.1291519,2.175888028207952,0.9031850589314321
0,0,True,0.5,0.06448827,2.6457834585,0.5993336159936562
0,0,True,0.45,0.059252735,2.410835673334096,0.5747320787518251
7,7,True,0.65,0.050459016,3.3506265339181924,0.5334107920247754
5,5,True,0.7,0.1971336,3.5855743190840963,1.2226280035281105
2,2,True,0.6,0.23706585,3.1156790288318073,1.410267837263935
5,5,True,0.65,0.19713354,3.3506265339181924,1.2226277234485918
6,6,True,0.5,0.11973197,2.6457834585,0.8589212567805482
7,7,False,0.5,0.08559438,2.6457834585,0.6985102637170223
3,3,False,0.5,0.10142325,2.6457834585,0.7728894060602919
2,2,False,0.55,0.10925136,2.880731243665904,0.8096733345639482
7,7,False,0.5,0.10669772,2.6457834585,0.797673922752707
4,4,True,0.6,0.13030215,3.1156790288318073,0.9085900334839879
2,2,True,0.55,0.14191855,2.880731243665904,0.9631750109698505
4,4,False,0.5,0.11995704,2.6457834585,0.8599788370432931
4,4,True,0.55,0.14349866,2.880731243665904,0.9705998489916465
0,0,True,0.5,0.08738123,2.6457834585,0.706906592559492
1,1,False,0.7,0.093062535,3.5855743190840963,0.7336027920070355
5,5,True,0.6,0.10929575,3.1156790288318073,0.8098819237855265
6,6,True,0.45,0.13737783,2.410835673334096,0.941838343172948
2,2,True,0.6,0.061398134,3.1156790288318073,0.5848132084342775
7,7,True,0.75,0.07453095,3.82052210425,0.6465237239662275
1,1,False,0.55,0.19765428,2.880731243665904,1.2250746381640236
4,4,True,0.6,0.089013755,3.1156790288318073,0.7145777605180157
0,0,True,0.35,0.04853833,1.9409402430420482,0.5243855796329252
3,3,True,0.5,0.09847286,2.6457834585,0.7590256799425282
5,5,True,0.6,0.09023281,3.1156790288318073,0.7203060518650117
7,7,True,0.5,0.12859997,2.6457834585,0.9005915926078218
6,6,True,0.55,0.18252154,2.880731243665904,1.1539665795300047
7,7,True,0.45,0.12045959,2.410835673334096,0.8623402924955709
6,6,False,0.6,0.21612501,3.1156790288318073,1.3118677800261427
1,1,False,0.55,0.10664854,2.880731243665904,0.7974428221398104
5,5,True,0.85,0.12595834,4.290417674581807,0.8881786783971076
2,2,False,0.7,0.091314495,3.5855743190840963,0.7253888299412025
7,7,False,0.45,0.2520359,2.410835673334096,1.4806113488316859
6,6,False,0.6,0.16575697,3.1156790288318073,1.075190643871807
1,1,True,0.5,0.087339915,2.6457834585,0.7067124624430684
0,0,True,0.45,0.082671195,2.410835673334096,0.6847743588896215
3,3,True,0.5,0.13011165,2.6457834585,0.9076948993421096
4,4,True,0.7,0.19010037,3.5855743190840963,1.1895791804763696
7,7,False,0.55,0.20599058,2.880731243665904,1.264246559654358
4,4,True,0.7,0.21104504,3.5855743190840963,1.287997232823241
1,1,True,0.55,0.28934085,2.880731243665904,1.6559056975009319
7,7,True,0.6,0.15487017,3.1156790288318073,1.024034049754905
5,5,True,0.6,0.09259024,3.1156790288318073,0.7313835119204558
2,2,True,0.6,0.11772645,3.1156790288318073,0.8494974212136579
0,0,True,0.3,0.064559996,1.7059925979159036,0.5996706566845145
5,5,True,0.7,0.19674823,3.5855743190840963,1.2208171493997266
1,1,False,0.45,0.0683734,2.410835673334096,0.6175896541540482
1,1,True,0.7,0.14424236,3.5855743190840963,0.9740944711667879
6,6,False,0.55,0.32033765,2.880731243665904,1.801558250424094
4,4,True,0.6,0.09517696,3.1156790288318073,0.7435383678645953
0,0,False,0.45,0.5041711,2.410835673334096,2.665383143141585
7,7,True,0.55,0.17719783,2.880731243665904,1.128950717155114
5,5,True,0.65,0.16095929,3.3506265339181924,1.052646553269636
3,3,False,0.5,3.984929e-05,2.6457834585,0.29649341699655135
5,5,True,0.6,0.17391467,3.1156790288318073,1.1135233070842507
1,1,False,0.65,0.050393727,3.3506265339181924,0.5331039999219406
4,4,True,0.6,0.100543484,3.1156790288318073,0.7687554323637573
3,3,True,0.5,0.11176798,2.6457834585,0.8214988169940548
3,3,True,0.45,0.19028202,2.410835673334096,1.1904327228097158
7,7,True,0.75,0.12932654,3.82052210425,0.9040056919213268
1,1,True,0.55,0.09032642,2.880731243665904,0.7207459167491858
7,7,True,0.6,0.048815556,3.1156790288318073,0.5256882469795335
6,6,False,0.45,0.10645903,2.410835673334096,0.7965523093099912
5,5,True,0.7,0.21765195,3.5855743190840963,1.3190427871172266
5,5,True,0.6,0.09390689,3.1156790288318073,0.7375703634595014
0,0,True,0.5,0.10253029,2.6457834585,0.7780913579717045
0,0,False,0.4,0.10209471,2.175888028207952,0.7760445718587259
3,3,False,0.55,0.53221047,2.880731243665904,2.7971389905836523
3,3,True,0.45,0.13415724,2.410835673334096,0.9267049465768771
6,6,True,0.55,0.11536808,2.880731243665904,0.8384155499057938
4,4,True,0.6,0.12157594,3.1156790288318073,0.867585971821846
1,1,False,0.5,0.10290543,2.6457834585,0.7798541084427455
5,5,False,0.65,0.54479873,3.3506265339181924,2.8562906646224957
6,6,True,0.55,0.10904629,2.880731243665904,0.808709720979739
3,3,True,0.5,0.10880059,2.6457834585,0.8075551981935719
7,7,True,0.55,0.0878678,2.880731243665904,0.7091929516908086
1,1,True,0.6,0.059651636,3.1156790288318073,0.5766064934259918
5,5,True,0.6,0.48348713,3.1156790288318073,2.5681902286295424
5,5,True,0.6,0.12336796,3.1156790288318073,0.8760065975625659
0,0,True,0.5,0.083207086,2.6457834585,0.6872924838226919
7,7,False,0.55,0.4138714,2.880731243665904,2.241069114086372
6,6,False,0.5,0.080012895,2.6457834585,0.6722831274434808
1,1,True,0.55,0.08817954,2.880731243665904,0.7106578375936745
7,7,False,0.55,0.15230024,2.880731243665904,1.0119580712052294
5,5,True,0.6,0.03666155,3.1156790288318073,0.46857712728437684
2,2,True,0.55,0.07361254,2.880731243665904,0.6422081537117328
5,5,False,0.65,0.20198475,3.3506265339181924,1.245423325458587
0,0,False,0.45,0.1476524,2.410835673334096,0.9901181005131594
7,7,False,0.55,0.14912093,2.880731243665904,0.9970186296758827
0,0,False,0.55,0.071938165,2.880731243665904,0.634340334921117
6,6,False,0.55,0.08843055,2.880731243665904,0.7118373224669491
5,5,True,0.65,0.15515241,3.3506265339181924,1.0253602962959967
4,4,True,0.6,0.13023764,3.1156790288318073,0.9082869174248366
6,6,True,0.7,0.08332879,3.5855743190840963,0.6878643711900096
2,2,True,0.7,0.06727404,3.5855743190840963,0.6124238325005524
2,2,False,0.6,0.17620906,3.1156790288318073,1.1243045480386922
5,5,True,0.7,0.11430723,3.5855743190840963,0.8334306596214012
0,0,True,0.5,0.06908316,2.6457834585,0.6209248060532095
4,4,True,0.6,0.2837829,3.1156790288318073,1.6297891226174113
2,2,False,0.65,0.18310015,3.3506265339181924,1.1566854514581286
5,5,True,0.65,0.08356918,3.3506265339181924,0.6889939318890697
1,1,True,0.65,0.078436926,3.3506265339181924,0.6648777199382971
2,2,True,0.65,0.15011263,3.3506265339181924,1.0016785927086023
4,4,True,0.7,0.13411056,3.5855743190840963,0.9264855742938275
1,1,True,0.6,0.2120146,3.1156790288318073,1.2925531463147504
0,0,True,0.4,0.10236094,2.175888028207952,0.7772955820390974
7,7,True,0.5,0.05198316,2.6457834585,0.5405726703884186
7,7,False,0.6,0.094548054,3.1156790288318073,0.7405831788425382
1,1,False,0.6,0.058508847,3.1156790288318073,0.5712365813281877
1,1,True,0.6,0.12428662,3.1156790288318073,0.8803233581550153
4,4,True,0.5,0.082563214,2.6457834585,0.6842669598314924
0,0,False,0.45,0.65727943,2.410835673334096,3.384832365461829
7,7,True,0.65,0.1322893,3.3506265339181924,0.9179276045591077
5,5,True,0.65,0.12478343,3.3506265339181924,0.8826578209436748
5,5,True,0.65,0.12211333,3.3506265339181924,0.8701111687627645
7,7,False,0.65,0.1596126,3.3506265339181924,1.0463185066432081
2,2,True,0.6,0.22506683,3.1156790288318073,1.3538849593274302
1,1,False,0.6,0.13317473,3.1156790288318073,0.9220881858099222
0,0,False,0.4,0.0878941,2.175888028207952,0.7093165367784506
5,5,False,0.7,0.0018619299,3.5855743190840963,0.3050552910062567
7,7,True,0.55,0.16302334,2.880731243665904,1.0623454269239248
7,7,True,0.55,0.5972314,2.880731243665904,3.1026693351865475
6,6,False,0.55,0.13521555,2.880731243665904,0.9316778984717836
6,6,False,0.5,0.2343529,2.6457834585,1.3975198079090538
6,6,True,0.45,0.091921,2.410835673334096,0.7282387790840946
4,4,True,0.6,0.088626735,3.1156790288318073,0.7127591691929268
1,1,False,0.5,0.114516936,2.6457834585,0.834416049388192
5,5,True,0.65,0.1171896,3.3506265339181924,0.8469747799983479
5,5,True,0.6,0.07741656,3.1156790288318073,0.6600830736670055
4,4,False,0.6,0.11321172,3.1156790288318073,0.8282829030968639
5,5,True,0.75,0.13392727,3.82052210425,0.9256243297737161
2,2,True,0.65,0.081511304,3.3506265339181924,0.6793240814749101
6,6,True,0.45,0.20679322,2.410835673334096,1.268018110453649
3,3,True,0.5,0.09169818,2.6457834585,0.7271917368132421
2,2,True,0.75,0.07807332,3.82052210425,0.6631691648541314
3,3,True,0.65,0.27814284,3.3506265339181924,1.6032867381968325
1,1,True,0.55,0.119360335,2.880731243665904,0.8571749609812329
7,7,True,0.5,0.0945012,2.6457834585,0.7403630013308724
1,1,True,0.5,0.14069413,2.6457834585,0.9574214774562284
1,1,True,0.65,0.097914375,3.3506265339181924,0.7564013698619173
6,6,True,0.55,0.08211066,2.880731243665904,0.682140421075554
2,2,True,0.6,0.067778386,3.1156790288318073,0.6147937253483321
3,3,True,0.5,0.07449777,2.6457834585,0.6463677896941715
2,2,True,0.55,0.09769635,2.880731243665904,0.755376873992323
6,6,False,0.4,0.15229616,2.175888028207952,1.011938885758196
5,5,True,0.7,0.15954155,3.5855743190840963,1.0459846518568754
2,2,False,0.65,0.45774877,3.3506265339181924,2.4472468510082557
0,0,True,0.45,0.057866827,2.410835673334096,0.5682197573070389
5,5,True,0.75,0.10586133,3.82052210425,0.7937437419159922
7,7,True,0.6,0.10033468,3.1156790288318073,0.7677742787996873
4,4,True,0.65,0.1362188,3.3506265339181924,0.9363921269112583
1,1,True,0.55,0.07398494,2.880731243665904,0.6439580555348517
6,6,True,0.5,0.20237859,2.6457834585,1.2472739508786312
6,6,True,0.55,0.09113058,2.880731243665904,0.7245246095762046
7,7,True,0.75,0.15523344,3.82052210425,1.0257410644017178
1,1,True,0.55,0.05440378,2.880731243665904,0.551947049743662
4,4,True,0.6,0.12232884,3.1156790288318073,0.8711238312726922
4,4,True,0.55,0.1289987,2.880731243665904,0.9024651845484024
7,7,True,0.8,0.11997766,4.055469889415903,0.8600757445567756
6,6,True,0.65,0.1032992,3.3506265339181924,0.7817044187733311
3,3,True,0.55,0.056247883,2.880731243665904,0.560612412468847
0,0,False,0.45,0.16349678,2.410835673334096,1.06457009854124
7,7,True,0.65,0.15744908,3.3506265339181924,1.0361522502920297
6,6,True,0.5,0.10188898,2.6457834585,0.7750778423898709
5,5,False,0.7,0.0018562463,3.5855743190840963,0.3050285838924604
7,7,True,0.55,0.16230445,2.880731243665904,1.058967387848457
0,0,False,0.5,0.30055666,2.6457834585,1.7086082605413737
0,0,True,0.5,0.12595256,2.6457834585,0.8881515106837903
6,6,False,0.4,0.15450297,2.175888028207952,1.0223086198797353
2,2,False,0.6,0.17216863,3.1156790288318073,1.1053187276822953
0,0,False,0.5,0.072560854,2.6457834585,0.6372663256533457
2,2,False,0.65,0.36353382,3.3506265339181924,2.00453509856611
7,7,True,0.55,0.0884053,2.880731243665904,0.7117186737808248
3,3,True,0.5,0.09649053,2.6457834585,0.749710795308426
6,6,True,0.45,0.1705058,2.410835673334096,1.0975052093083741
6,6,True,0.7,0.17728472,3.5855743190840963,1.1293590030735507
6,6,True,0.45,0.093467444,2.410835673334096,0.7355054421976848
6,6,False,0.55,0.089103155,2.880731243665904,0.7149978447861789
2,2,False,0.85,0.22336426,4.290417674581807,1.3458846979343924
1,1,True,0.6,0.05136444,3.1156790288318073,0.5376653399541256
5,5,True,0.65,0.14975372,3.3506265339181924,0.9999920938865372
5,5,True,0.7,0.07700626,3.5855743190840963,0.6581550762799107
2,2,True,0.55,0.09351192,2.880731243665904,0.7357144165286013
5,5,True,0.6,0.0085527,3.1156790288318073,0.3364949171831032
6,6,True,0.5,0.13728347,2.6457834585,0.9413949772947898
2,2,True,0.6,0.13639821,3.1156790288318073,0.9372351662626519
5,5,False,0.6,0.12663075,3.1156790288318073,0.8913383254678414
6,6,True,0.6,0.08580252,3.1156790288318073,0.6994883013964464
0,0,True,0.45,0.078880966,2.410835673334096,0.6669642423329962
6,6,True,0.5,0.11382173,2.6457834585,0.8311493069114817
4,4,False,0.7,0.14069617,3.5855743190840963,0.957431070179745
6,6,True,0.5,0.1311523,2.6457834585,0.9125848776795907
4,4,True,0.6,0.13782261,3.1156790288318073,0.9439283665616314
4,4,True,0.6,0.14593495,3.1156790288318073,0.9820478892603173
0,0,True,0.5,0.080094315,2.6457834585,0.6726657160660734
5,5,True,0.7,0.13125697,3.5855743190840963,0.9130766973144901
6,6,True,0.5,0.2392279,2.6457834585,1.4204272316669042
5,5,True,0.6,0.32342133,3.1156790288318073,1.8160483043656295
7,7,True,0.7,0.1322815,3.5855743190840963,0.9178909141421534
5,5,True,0.6,0.15310681,3.1156790288318073,1.015748107252757
3,3,True,0.45,0.17909545,2.410835673334096,1.1378675387732136
3,3,True,0.5,0.077928364,2.6457834585,0.6624880114645668
0,0,True,0.45,0.18256485,2.410835673334096,1.1541701273202456
5,5,True,0.65,0.21074396,3.3506265339181924,1.2865824811542286
0,0,False,0.5,0.038244445,2.6457834585,0.4760150765286436
0,0,True,0.45,0.10640969,2.410835673334096,0.7963204734883579
2,2,True,0.65,0.06251916,3.3506265339181924,0.5900808740027734
4,4,False,0.55,0.72871286,2.880731243665904,3.7204947850083547
2,2,True,0.6,0.10490617,3.1156790288318073,0.7892555026381971
4,4,True,0.6,0.0019819478,3.1156790288318073,0.305619249716261
6,6,True,0.5,0.07063227,2.6457834585,0.6282040027252631
0,0,False,0.4,0.06040866,2.175888028207952,0.5801637133735705
2,2,False,0.6,0.17612551,3.1156790288318073,1.1239119465733047
5,5,True,0.6,0.29231197,3.1156790288318073,1.6698668212713357
0,0,False,0.45,0.18581392,2.410835673334096,1.1694373319063924
7,7,True,0.5,0.083775476,2.6457834585,0.6899633221133528
2,2,True,0.6,0.07980384,3.1156790288318073,0.6713007835414562
4,4,True,0.8,0.042354703,4.055469889415903,0.49532899253626905
1,1,False,0.6,0.34878105,3.1156790288318073,1.9352124768441497
6,6,True,0.6,0.26595652,3.1156790288318073,1.5460237803925814
2,2,False,0.65,0.09226665,3.3506265339181924,0.7298629602132413
1,1,True,0.6,0.20172131,3.1156790288318073,1.2441854440056561
3,3,True,0.6,0.0979152,3.1156790288318073,0.7564052559652397
7,7,True,0.75,0.14205611,3.82052210425,0.9638213644792122
1,1,True,0.7,0.077973604,3.5855743190840963,0.6627005918192871
3,3,True,0.55,0.12245635,2.880731243665904,0.8717229913831469
1,1,True,0.6,0.08446827,3.1156790288318073,0.6932187213695542
0,0,True,0.35,0.06626089,1.9409402430420482,0.6076630758510277
3,3,True,0.45,0.11933914,2.410835673334096,0.8570753577023826
6,6,True,0.45,0.0972957,2.410835673334096,0.7534942494872633
7,7,True,0.6,0.051933102,3.1156790288318073,0.5403374561075907
3,3,True,0.55,0.11016268,2.880731243665904,0.8139556103656532
7,7,True,0.7,0.13099813,3.5855743190840963,0.9118604520043817
0,0,True,0.7,0.07766353,3.5855743190840963,0.6612435831528856
2,2,True,0.75,0.139435,3.82052210425,0.9515048676428226
6,6,True,0.55,0.079325974,2.880731243665904,0.6690553160198748
5,5,False,0.7,0.1596423,3.5855743190840963,1.046458056263418
3,3,True,0.5,0.12435748,2.6457834585,0.880656302682912
6,6,True,0.5,0.076039694,2.6457834585,0.6536132367842176
1,1,True,0.6,0.10036116,3.1156790288318073,0.7678987041258856
0,0,True,0.4,0.098595105,2.175888028207952,0.7596000880255147
7,7,False,0.6,0.11683771,3.1156790288318073,0.8453212605396138
3,3,True,0.55,0.075094126,2.880731243665904,0.649170055298999
5,5,True,0.6,0.06794102,3.1156790288318073,0.6155579223152017
1,1,True,0.6,0.086988665,3.1156790288318073,0.7050619538391607
5,5,True,0.7,0.08094835,3.5855743190840963,0.6766788004403339
2,2,True,0.65,0.04879893,3.3506265339181924,0.5256101222987763
2,2,False,0.55,0.7812432,2.880731243665904,3.967332505903614
5,5,True,0.65,0.15951286,3.3506265339181924,1.045849863588484
3,3,False,0.45,0.12468706,2.410835673334096,0.8822050023817594
5,5,True,0.6,0.280698,3.1156790288318073,1.6152933270457415
1,1,True,0.65,0.07473334,3.3506265339181924,0.6474747339720935
1,1,True,0.7,0.22062792,3.5855743190840963,1.3330267373684075
2,2,True,0.6,0.044998616,3.1156790288318073,0.507752619788575
5,5,True,0.6,0.14970303,3.1156790288318073,0.9997538862558527
3,3,True,0.55,0.085937165,2.880731243665904,0.7001210010292696
6,6,False,0.4,0.10343217,2.175888028207952,0.7823292411696899
2,2,False,0.55,0.30934763,2.880731243665904,1.7499166286006216
6,6,True,0.5,0.051641192,2.6457834585,0.538965784169554
2,2,True,0.5,0.083820075,2.6457834585,0.6901728916132465
3,3,True,0.5,0.13106686,2.6457834585,0.9121833836894836
5,5,True,0.7,0.0770912,3.5855743190840963,0.6585542246040483
0,0,False,0.4,0.111035205,2.175888028207952,0.8180555544006616
1,1,False,0.5,0.16451193,2.6457834585,1.069340272864582
7,7,False,0.7,0.3361441,3.5855743190840963,1.8758319778384993
2,2,False,0.7,0.10088528,3.5855743190840963,0.7703615133540056
6,6,False,0.5,0.0026384678,2.6457834585,0.30870420745658456
6,6,False,0.65,0.1142549,3.3506265339181924,0.8331847498039515
3,3,False,0.55,0.03931259,2.880731243665904,0.48103424154414154
3,3,False,0.5,0.08141511,2.6457834585,0.6788720681416109
6,6,True,0.6,0.17991643,3.1156790288318073,1.1417252840443957
6,6,True,0.5,0.088875026,2.6457834585,0.713925875438159
5,5,True,0.6,0.25319374,3.1156790288318073,1.4860520335228806
0,0,True,0.4,0.1181207,2.175888028207952,0.8513499721803934
4,4,False,0.55,0.50083494,2.880731243665904,2.6497068123984455
4,4,False,0.6,0.10985945,3.1156790288318073,0.8125307408240268
6,6,True,0.45,0.103937894,2.410835673334096,0.7847056108563404
7,7,True,0.6,0.12329728,3.1156790288318073,0.8756744932732254
7,7,True,0.55,0.056332495,2.880731243665904,0.5610100028506617
7,7,True,0.45,0.106914684,2.410835673334096,0.7986934122009038
0,0,True,0.4,0.07156126,2.175888028207952,0.6325692870943334
5,5,True,0.7,0.13233347,3.5855743190840963,0.9181351434824907
1,1,True,0.5,0.044424705,2.6457834585,0.5050558391324913
6,6,True,0.6,0.12933777,3.1156790288318073,0.9040584869106084
7,7,True,0.65,0.045985673,3.3506265339181924,0.5123907541238033
0,0,True,0.35,0.07584867,1.9409402430420482,0.6527156169366104
3,3,False,0.6,0.17616366,3.1156790288318073,1.1240911974652954
4,4,True,0.5,0.18656416,2.6457834585,1.172962692808715
4,4,True,0.65,0.07822134,3.3506265339181924,0.663864707328971
3,3,True,0.55,0.06077384,2.880731243665904,0.5818796730600129
3,3,False,0.55,0.45903885,2.880731243665904,2.4533088921117647
5,5,False,0.65,0.24618033,3.3506265339181924,1.4530963369111194
4,4,False,0.75,0.11286046,3.82052210425,0.8266323594830163
6,6,True,0.45,0.0829583,2.410835673334096,0.6861234669214301
5,5,True,0.55,0.22274545,2.880731243665904,1.3429769123708812
0,0,True,0.45,0.0792778,2.410835673334096,0.6688289417488569
4,4,True,0.55,0.0717386,2.880731243665904,0.6334025936824509
0,0,True,0.5,0.072375834,2.6457834585,0.6363969238172511
1,1,True,0.5,0.1181649,2.6457834585,0.8515576511435358
7,7,True,0.65,0.10510628,3.3506265339181924,0.7901957996024715
0,0,True,0.45,0.12961885,2.410835673334096,0.9053792719010849
0,0,True,0.5,0.11699602,2.6457834585,0.846065151741375
0,0,False,0.55,0.0861382,2.880731243665904,0.7010656392260844
3,3,False,0.55,0.2853097,2.880731243665904,1.636963499529578
2,2,True,0.65,0.07189483,3.3506265339181924,0.6341367171109962
1,1,True,0.55,0.11334372,2.880731243665904,0.8289031742010433
3,3,False,0.5,0.099503145,2.6457834585,0.7638669244437495
3,3,True,0.5,0.2987563,2.6457834585,1.7001484586779707
5,5,True,0.6,0.15026432,3.1156790288318073,1.0023913950837842
4,4,False,0.5,0.07149689,2.6457834585,0.6322668012140991
2,2,True,0.8,0.17627232,4.055469889415903,1.1246017824279502
5,5,True,0.65,0.7480992,3.3506265339181924,3.811590368397528
5,5,True,0.6,0.08191084,3.1156790288318073,0.6812014894989333
3,3,True,0.65,0.91142577,3.3506265339181924,4.579054462853139
4,4,True,0.55,0.07987392,2.880731243665904,0.6716300870356093
5,5,True,0.65,0.30666476,3.3506265339181924,1.7373099693828222
1,1,False,0.55,0.1450197,2.880731243665904,0.9777471282103757
3,3,False,0.5,0.10793072,2.6457834585,0.8034677176971473
1,1,True,0.5,0.07622838,2.6457834585,0.6544998635107143
7,7,True,0.45,0.087685734,2.410835673334096,0.7083374488008314
2,2,False,0.75,0.10292289,3.82052210425,0.7799361367317952
3,3,True,0.55,0.07478561,2.880731243665904,0.6477203637100245
1,1,True,0.55,0.059952628,2.880731243665904,0.5780208424806959
0,0,False,0.45,0.14243995,2.410835673334096,0.9656250065599885
3,3,True,0.5,0.10917524,2.6457834585,0.8093156730185231
4,4,True,0.6,0.098118395,3.1156790288318073,0.7573600470446087
5,5,True,0.6,0.09721032,3.1156790288318073,0.7530930355766747
5,5,True,0.6,0.27221692,3.1156790288318073,1.575441092404399
0,0,False,0.4,0.24454905,2.175888028207952,1.445431050622489
4,4,False,0.7,0.15387228,3.5855743190840963,1.0193450284721164
0,0,True,0.35,0.099240765,1.9409402430420482,0.7626340144022762
3,3,False,0.5,0.05557775,2.6457834585,0.5574634959446747
4,4,True,0.6,0.10095462,3.1156790288318073,0.7706873508641144
6,6,False,0.5,0.275179,2.6457834585,1.5893597841277143
0,0,True,0.55,0.075551584,2.880731243665904,0.6513196305953535
6,6,False,0.55,0.15122627,2.880731243665904,1.0069115284167751
2,2,True,0.55,0.14360258,2.880731243665904,0.9710881676325617
0,0,True,0.35,0.11899358,1.9409402430420482,0.8554515966925141
4,4,False,0.55,0.10789968,2.880731243665904,0.8033218662877658
4,4,True,0.55,0.07854434,2.880731243665904,0.6653824582409982
2,2,False,0.75,0.12064052,3.82052210425,0.8631904738746922
4,4,True,0.6,0.3394247,3.1156790288318073,1.891247414509937
7,7,True,0.6,0.085107826,3.1156790288318073,0.6962239746055852
4,4,True,0.7,0.09768376,3.5855743190840963,0.7553177071939902
5,5,False,0.65,0.14411326,3.3506265339181924,0.973487818929207
2,2,False,0.7,0.13366851,3.5855743190840963,0.924408434563006
3,3,False,0.6,0.07969357,3.1156790288318073,0.6707826364317957
0,0,False,0.5,0.19461487,2.6457834585,1.2107926132850286
0,0,True,0.45,0.1541351,2.410835673334096,1.0205799690901005
5,5,True,0.85,0.11613447,4.290417674581807,0.8420167773477538
5,5,True,0.65,0.23915462,3.3506265339181924,1.420082873898619
1,1,True,0.4,0.10364008,2.175888028207952,0.7833061935409789
4,4,False,0.55,0.12165308,2.880731243665904,0.8679484647389694
4,4,False,0.6,0.17577018,3.1156790288318073,1.1222422525223636
4,4,True,0.65,0.07122931,3.3506265339181924,0.6310094542346162
1,1,True,0.6,0.07602667,3.1156790288318073,0.6535520394093739
7,7,True,0.6,0.07477001,3.1156790288318073,0.6476470528959954
4,4,False,0.55,0.21963635,2.880731243665904,1.3283674045146048
2,2,True,0.55,0.08251282,2.880731243665904,0.6840301525984016
5,5,True,0.75,0.12442086,3.82052210425,0.8809541322411473
2,2,True,0.5,0.06604051,2.6457834585,0.6066275168404435
1,1,True,0.6,0.042622495,3.1156790288318073,0.4965873372990375
0,0,True,0.5,0.0845801,2.6457834585,0.6937442205665816
5,5,True,0.65,0.093309924,3.3506265339181924,0.7347652620495468
5,5,True,0.65,0.14236785,3.3506265339181924,0.965286250382078
1,1,True,0.6,0.07514615,3.1156790288318073,0.6494145297089151
2,2,True,0.55,0.11399239,2.880731243665904,0.8319512445935009
2,2,True,0.65,0.0945441,3.3506265339181924,0.7405645885644822
4,4,False,0.6,0.09634418,3.1156790288318073,0.7490230950601111
2,2,True,0.6,0.4750246,3.1156790288318073,2.528425238758286
6,6,True,0.55,0.23700723,2.880731243665904,1.4099923790572588
2,2,False,0.65,0.17631757,3.3506265339181924,1.12481443280255
0,0,False,0.4,0.08452831,2.175888028207952,0.6935008664747403
2,2,True,0.65,0.07045999,3.3506265339181924,0.6273944678862983
1,1,True,0.65,0.08346733,3.3506265339181924,0.6885153460114305
0,0,True,0.45,0.09255219,2.410835673334096,0.7312047161576831
7,7,True,0.55,0.15056358,2.880731243665904,1.0037976043274748
3,3,True,0.5,0.49495223,2.6457834585,2.622064224257095
6,6,True,0.5,0.07823813,2.6457834585,0.6639435847234347
7,7,True,0.6,0.07000218,3.1156790288318073,0.6252432471227714
2,2,True,0.7,0.07588756,3.5855743190840963,0.6528983688225852
3,3,True,0.45,0.08222551,2.410835673334096,0.6826800992982173
2,2,True,0.6,0.067930266,3.1156790288318073,0.6155074029720098
5,5,True,0.65,0.1268982,3.3506265339181924,0.8925950422684072
7,7,True,0.55,0.061040625,2.880731243665904,0.5831332914809026
6,6,False,0.7,0.10372421,3.5855743190840963,0.783701525781674
6,6,False,0.55,0.13680586,2.880731243665904,0.9391507001111631
3,3,True,0.55,0.17285757,2.880731243665904,1.1085560267995986
4,4,True,0.6,0.20348266,3.1156790288318073,1.2524619338240468
1,1,True,0.55,0.13665101,2.880731243665904,0.9384230535214885
5,5,False,0.65,0.1632252,3.3506265339181924,1.0632939862340018
3,3,True,0.5,0.1334779,2.6457834585,0.9235127402620902
1,1,False,0.45,0.09608274,2.410835673334096,0.7477945962710579
3,3,True,0.5,0.12104508,2.6457834585,0.8650915136081088
0,0,False,0.45,0.1393925,2.410835673334096,0.9513051709459642
5,5,False,0.65,0.063092925,3.3506265339181924,0.5927769544600603
1,1,True,0.55,0.08485761,2.880731243665904,0.6950482357958737
5,5,True,0.65,0.06843434,3.3506265339181924,0.617876035461955
0,0,True,0.45,0.075671405,2.410835673334096,0.6518826604478913
0,0,False,0.4,0.094615795,2.175888028207952,0.740901489215581
4,4,True,0.55,0.019354384,2.880731243665904,0.3872515402422812
2,2,True,0.6,0.19091095,3.1156790288318073,1.193388051871532
7,7,True,0.5,0.09387888,2.6457834585,0.7374387610956357
7,7,True,0.65,0.12367212,3.3506265339181924,0.8774358433466727
0,0,False,0.4,0.044307638,2.175888028207952,0.504505745452725
6,6,True,0.5,0.15127471,2.6457834585,1.0071391630456272
5,5,True,0.6,0.07726822,3.1156790288318073,0.6593860257647527
3,3,False,0.5,0.058900803,2.6457834585,0.5730783667384217
4,4,True,0.7,0.20347556,3.5855743190840963,1.2524286043613173
4,4,True,0.6,0.08139849,3.1156790288318073,0.6787939609658237
6,6,False,0.5,0.035195123,2.6457834585,0.46168645341971903
4,4,False,0.6,0.08937425,3.1156790288318073,0.7162717164572673
3,3,True,0.4,0.42752963,2.175888028207952,2.3052484955660346
2,2,True,0.55,0.22148015,2.880731243665904,1.3370313143272863
5,5,True,0.6,0.18785192,3.1156790288318073,1.1790138108109935
6,6,False,0.45,0.25940332,2.410835673334096,1.5152305777449762
5,5,True,0.65,0.23280501,3.3506265339181924,1.3902463528671343
6,6,True,0.55,0.15720771,2.880731243665904,1.0350180682809107
2,2,False,0.7,0.06691111,3.5855743190840963,0.6107184283109726
5,5,True,0.65,0.17090866,3.3506265339181924,1.0993981967556272
5,5,True,0.65,0.077182956,3.3506265339181924,0.6589853720132017
5,5,True,0.65,0.2856053,3.3506265339181924,1.6383525539027464
7,7,False,0.6,0.09564325,3.1156790288318073,0.7457294649496022
6,6,False,0.65,0.045036197,3.3506265339181924,0.5079292099251377
1,1,True,0.55,0.14308636,2.880731243665904,0.968662468940674
6,6,True,0.45,0.055212617,2.410835673334096,0.5557477463178715
6,6,True,0.45,0.13057573,2.410835673334096,0.9098755984749834
7,7,True,0.45,0.10607204,2.410835673334096,0.7947338580246617
6,6,True,0.6,0.15209636,3.1156790288318073,1.011000059211395
3,3,True,0.5,0.089492045,2.6457834585,0.7168252236061681
0,0,False,0.45,0.14328536,2.410835673334096,0.9695975844338519
6,6,False,0.5,0.13623269,2.6457834585,0.9364573854391237
0,0,False,0.35,0.18061773,1.9409402430420482,1.1450206996618362
4,4,False,0.65,0.054978214,3.3506265339181924,0.5546462986005046
7,7,True,0.6,0.1003253,3.1156790288318073,0.7677302012854264
0,0,True,0.45,0.08812201,2.410835673334096,0.7103874908382153
4,4,False,0.6,0.07534979,3.1156790288318073,0.6503714213846747
1,1,True,0.6,0.053545706,3.1156790288318073,0.5479150074869772
0,0,True,0.45,0.1263343,2.410835673334096,0.8899452799615312
7,7,True,0.55,0.110069156,2.880731243665904,0.8135161305908176
4,4,True,0.6,0.12819813,3.1156790288318073,0.8987033665123874
5,5,True,0.6,0.41837463,3.1156790288318073,2.26222954184611
7,7,True,0.55,0.08752502,2.880731243665904,0.7075822493885012
5,5,True,0.7,0.20177184,3.5855743190840963,1.244422881417664
5,5,True,0.65,0.1308583,3.3506265339181924,0.9112033854534284
7,7,False,0.5,0.101140626,2.6457834585,0.7715613740122681
7,7,True,0.55,0.081192926,2.880731243665904,0.6778280367255849
2,2,True,0.65,0.062072877,3.3506265339181924,0.587983796111212
0,0,True,0.45,0.07577103,2.410835673334096,0.6523507783535176
6,6,True,0.5,0.22561233,2.6457834585,1.3564482470828967
6,6,True,0.45,0.07701572,2.410835673334096,0.6581995389035098
2,2,True,0.6,0.20732799,3.1156790288318073,1.270530983895743
7,7,True,0.55,0.14859045,2.880731243665904,0.9945259219591376
1,1,True,0.6,0.10224493,3.1156790288318073,0.7767504422658189
0,0,False,0.5,0.15166445,2.6457834585,1.0089705329987586
2,2,False,0.55,0.14740479,2.880731243665904,0.9889545801724529
2,2,False,0.65,0.07410112,3.3506265339181924,0.644503965526807
7,7,True,0.7,0.24602464,3.5855743190840963,1.4523647692081825
7,7,False,0.5,0.18461828,2.6457834585,1.1638190768003196
7,7,True,0.6,0.103283346,3.1156790288318073,0.7816299176213475
0,0,True,0.5,0.095926926,2.6457834585,0.7470624333991436
0,0,True,0.4,0.102114044,2.175888028207952,0.7761354226526158
4,3,True,0.5,0.121732496,2.6457834585,0.8683216356877445
5,5,False,0.6,0.17362641,3.1156790288318073,1.1121687725117666
4,4,True,0.55,0.091701895,2.880731243665904,0.7272092067732232
7,7,True,0.6,0.12885539,3.1156790288318073,0.9017918033654828
1,1,True,0.55,0.23353904,2.880731243665904,1.3936955321403608
3,3,False,0.5,0.16843723,2.6457834585,1.087785049610662
0,0,True,0.4,0.06309785,2.175888028207952,0.5928000960302958
6,6,False,0.5,0.41432983,2.6457834585,2.2432232056649655
6,6,True,0.55,0.16646728,2.880731243665904,1.0785283514965769
4,4,True,0.55,0.1233403,2.880731243665904,0.8758766406658727
2,2,False,0.5,0.10376448,2.6457834585,0.7838907545065196
3,3,False,0.65,0.057843078,3.3506265339181924,0.5681081631237928
4,4,True,0.6,0.25047928,3.1156790288318073,1.4732969321601515
5,5,False,0.6,0.19994874,3.1156790288318073,1.2358562292178634
1,1,True,0.6,0.059206918,3.1156790288318073,0.5745167851267671
7,7,True,0.55,0.15911289,2.880731243665904,1.0439703899780102
6,6,True,0.55,0.06447284,2.880731243665904,0.5992611104082436
1,1,False,0.5,0.14340827,2.6457834585,0.9701751084014842
6,6,True,0.45,0.05900754,2.410835673334096,0.5735799191365971
5,5,True,0.7,0.12381139,3.5855743190840963,0.878090249142198
1,1,True,0.55,0.12377725,2.880731243665904,0.8779298335978423
7,7,True,0.55,0.13920717,2.880731243665904,0.9504343337023361
1,1,True,0.5,0.16746746,2.6457834585,1.0832281558408368
6,6,True,0.45,0.10883753,2.410835673334096,0.8077287774753081
6,6,True,0.5,0.21965183,2.6457834585,1.3284401551695963
3,3,False,0.5,0.066392176,2.6457834585,0.6082799860009824
4,4,False,0.55,0.27517527,2.880731243665904,1.5893422791577934
6,6,True,0.55,0.13983959,2.880731243665904,0.9534060474159985
6,6,False,0.55,0.022520993,2.880731243665904,0.40213128982419744
3,3,False,0.45,0.07787278,2.410835673334096,0.6622268373133462
6,6,True,0.4,0.17187749,2.175888028207952,1.1039506792730323
7,7,False,0.5,0.10349194,2.6457834585,0.7826100909071019
2,2,True,0.55,0.06465392,2.880731243665904,0.6001119919861617
0,0,True,0.45,0.068029016,2.410835673334096,0.6159714247146746
3,3,False,0.5,0.2831453,2.6457834585,1.6267931120054986
5,5,False,0.9,0.10472929,4.525365179668192,0.7884243316564099
3,3,True,0.5,0.0702486,2.6457834585,0.6264011308631633
0,0,True,0.4,0.06570276,2.175888028207952,0.6050404462475292
0,0,True,0.55,0.07844728,2.880731243665904,0.6649263837546773
5,5,True,0.7,0.17111728,3.5855743190840963,1.1003784750712011
3,3,True,0.55,0.14677522,2.880731243665904,0.98599624025581
0,0,False,0.45,0.1332189,2.410835673334096,0.9222957247333052
5,5,True,0.65,0.19654617,3.3506265339181924,1.2198676798312136
2,2,True,0.75,0.126665,3.82052210425,0.8914992311513549
1,1,True,0.5,0.104206935,2.6457834585,0.7859698197840324
3,3,True,0.5,0.076594606,2.6457834585,0.6562207420937043
1,1,True,0.6,0.075905465,3.1156790288318073,0.6529824977080254
5,5,True,0.6,0.16769995,3.1156790288318073,1.084320606003664
5,5,False,0.75,0.10255309,3.82052210425,0.7781984883876207
1,1,False,0.55,0.23713538,2.880731243665904,1.4105945500225399
6,6,False,0.55,0.1259507,2.880731243665904,0.8881427581988298
5,5,True,0.6,0.14834574,3.1156790288318073,0.9933760554949693
5,5,True,0.65,0.18082063,3.3506265339181924,1.1459740903436115
6,6,True,0.45,0.0704728,2.410835673334096,0.6274546499728866
7,7,True,0.5,0.059996918,2.6457834585,0.5782289590680862
3,3,True,0.55,0.09659514,2.880731243665904,0.7502023348638066
2,2,True,0.7,0.16823652,3.5855743190840963,1.0868419518512
1,1,True,0.6,0.06127371,3.1156790288318073,0.5842285424389173
3,3,True,0.5,0.1003079,2.6457834585,0.7676484180659555
0,0,False,0.5,0.115604505,2.6457834585,0.8395264853168578
5,5,False,0.6,0.21155818,3.1156790288318073,1.290408437400034
5,5,True,0.6,0.117709115,3.1156790288318073,0.8494159530836457
2,2,True,0.55,0.11631178,2.880731243665904,0.842849943896112
1,1,True,0.55,0.12767395,2.880731243665904,0.8962402772047485
6,6,False,0.45,0.0017963747,2.410835673334096,0.3047472500332241
3,3,True,0.5,0.20896126,2.6457834585,1.2782056528482508
0,0,False,0.55,0.07290988,2.880731243665904,0.6389063662852408
3,3,False,0.55,0.16715473,2.880731243665904,1.0817586486259119
0,0,True,0.45,0.18478015,2.410835673334096,1.1645797027533251
7,7,True,0.6,0.089526325,3.1156790288318073,0.7169863043393808
5,5,True,0.6,0.38961852,3.1156790288318073,2.127105878231009
6,6,True,0.5,0.1805352,2.6457834585,1.1446328595482673
0,0,True,0.5,0.16286005,2.6457834585,1.061578149082349
2,2,False,0.7,0.10625343,3.5855743190840963,0.7955862100200533
3,3,True,0.55,0.42954946,2.880731243665904,2.3147395502174213
3,3,True,0.45,0.09755206,2.410835673334096,0.7546988714973443
2,2,True,0.65,0.06665223,3.3506265339181924,0.609501972941225
5,5,True,0.65,0.21648169,3.3506265339181924,1.3135437758662554
5,5,False,0.55,0.22019677,2.880731243665904,1.3310007821696348
0,0,True,0.4,0.050813075,2.175888028207952,0.5350744993760035
7,7,False,0.65,0.09922529,3.3506265339181924,0.7625612987572246
3,3,True,0.5,0.11120775,2.6457834585,0.8188663495974607
5,5,True,0.55,0.18833385,2.880731243665904,1.1812783937597287
3,3,True,0.55,0.09855106,2.880731243665904,0.7593931092611692
6,6,True,0.6,0.23901589,3.1156790288318073,1.4194309888187624
3,3,True,0.5,0.12762588,2.6457834585,0.8960143930728884
7,7,False,0.75,0.10170535,3.82052210425,0.7742149874125268
7,7,True,0.6,0.12943277,3.1156790288318073,0.904504863643593
0,0,True,0.65,0.03697264,3.3506265339181924,0.47003891480756665
1,1,True,0.45,0.10805269,2.410835673334096,0.8040408654222995
2,2,False,0.5,0.17182659,2.6457834585,1.1037114913640322
6,6,False,0.5,0.20692505,2.6457834585,1.268637576329212
1,1,False,0.5,0.15235154,2.6457834585,1.0121991496509808
5,5,True,0.75,0.13930541,3.82052210425,0.9508959747690918
1,1,True,0.5,0.081915066,2.6457834585,0.6812213401348237
6,6,False,0.4,0.107432745,2.175888028207952,0.8011277583479325
0,0,True,0.6,0.118376054,3.1156790288318073,0.8525498678485958
7,7,True,0.55,0.07757712,2.880731243665904,0.660837537870599
2,2,True,0.65,0.10868171,3.3506265339181924,0.806996579593454
1,1,True,0.55,0.12310297,2.880731243665904,0.874761434042148
4,4,False,0.6,0.04820127,3.1156790288318073,0.5228017474594464
3,3,True,0.55,0.08598619,2.880731243665904,0.7003513664334295
1,1,True,0.65,0.08656852,3.3506265339181924,0.7030877083215346
4,4,True,0.65,0.054628745,3.3506265339181924,0.5530041573722191
2,2,False,0.65,0.18975054,3.3506265339181924,1.1879353237610317
2,2,True,0.7,0.07403914,3.5855743190840963,0.6442127178372619
7,7,False,0.65,0.18044469,3.3506265339181924,1.1442075587990677
2,2,True,0.6,0.12563711,3.1156790288318073,0.8866692598507628
0,0,True,0.45,0.110659376,2.410835673334096,0.8162895480052152
5,5,True,0.55,0.16548003,2.880731243665904,1.0738893244078827
1,1,False,0.55,0.17259865,2.880731243665904,1.107339361370212
3,3,False,0.6,0.14505143,3.1156790288318073,0.9778962705541023
5,5,True,0.6,0.23872231,3.1156790288318073,1.418051457149231
6,6,True,0.45,0.06759612,2.410835673334096,0.613937277189979
3,3,True,0.6,0.07128921,3.1156790288318073,0.6312909341509453
3,3,True,0.5,0.1417975,2.6457834585,0.9626061694672989
6,6,True,0.55,0.14707574,2.880731243665904,0.987408401189274
0,0,True,0.55,0.084708475,2.880731243665904,0.6943474418300579
6,6,True,0.45,0.062116563,2.410835673334096,0.5881890768934751
5,5,True,0.65,0.14547291,3.3506265339181924,0.9798767828509601
0,0,True,0.45,0.39105138,2.410835673334096,2.1338388498216485
6,6,False,0.5,0.088031776,2.6457834585,0.7099634854567897
6,6,False,0.55,0.16586311,2.880731243665904,1.0756893954747953
5,5,True,0.65,0.2811438,3.3506265339181924,1.6173881818061229
2,2,False,0.65,0.16496423,3.3506265339181924,1.0714655862726261
2,2,True,0.55,0.1162787,2.880731243665904,0.8426944997632139
0,0,True,0.55,0.17916736,2.880731243665904,1.138205454712568
6,6,True,0.5,0.18367603,2.6457834585,1.1593915097482705
2,2,True,0.65,0.13271894,3.3506265339181924,0.9199464177301526
3,3,True,0.5,0.20051098,2.6457834585,1.238498149298215
0,0,True,0.5,0.08246634,2.6457834585,0.6838117605936678
1,1,False,0.55,0.1322088,2.880731243665904,0.9175492871491759
2,2,False,0.7,0.07932452,3.5855743190840963,0.6690484890816055
1,1,True,0.5,0.16053087,2.6457834585,1.0506334117088458
7,7,True,0.55,0.13039002,2.880731243665904,0.9090029407144836
3,3,True,0.55,0.19112985,2.880731243665904,1.194416643904088
2,2,True,0.6,0.07834395,3.1156790288318073,0.6644408308990097
2,2,True,0.65,0.09654294,3.3506265339181924,0.7499570552252741
1,1,False,0.55,0.05500072,2.880731243665904,0.5547520461237971
2,2,False,0.65,0.2245171,3.3506265339181924,1.3513018559460133
1,1,True,0.5,0.25036812,2.6457834585,1.4727745838577098
6,6,False,0.5,0.65719515,2.6457834585,3.3844363330223373
6,6,False,0.55,0.28492403,2.880731243665904,1.6351512450036005
0,0,False,0.45,0.042580154,2.410835673334096,0.4963883758109158
1,1,True,0.55,0.086898685,2.880731243665904,0.7046391387956896
3,3,False,0.5,0.095230766,2.6457834585,0.7437912096501336
2,2,False,0.6,0.08824871,3.1156790288318073,0.7109828348652272
4,4,False,0.65,0.11170063,3.3506265339181924,0.8211823621478237
1,1,True,0.55,0.10607212,2.880731243665904,0.7947342431339999
3,3,True,0.5,0.3545512,2.6457834585,1.9623261348143684
5,5,False,0.6,0.23250431,3.1156790288318073,1.3888333516951141
1,1,True,0.6,0.05595466,3.1156790288318073,0.5592345787813979
0,0,True,0.45,0.43146047,2.410835673334096,2.3237193197073567
5,5,True,0.5,0.14803183,2.6457834585,0.9919010167095493
7,7,False,0.55,0.41559732,2.880731243665904,2.2491790966308742
1,1,False,0.5,0.19020888,2.6457834585,1.1900890652402274
7,7,True,0.65,0.08187805,3.3506265339181924,0.681047410753689
7,7,True,0.55,0.10020599,2.880731243665904,0.7671695521087978
6,6,True,0.55,0.06148026,2.880731243665904,0.5851991230011551
5,5,False,0.6,0.30956027,3.1156790288318073,1.7509158122837103
0,0,False,0.55,0.09158345,2.880731243665904,0.7266526537595561
4,4,True,0.55,0.1905497,2.880731243665904,1.1916905599283565
6,6,True,0.5,0.123787746,2.6457834585,0.8779791626030796
0,0,False,0.45,0.11921213,2.410835673334096,0.8564785432578973
1,1,True,0.5,0.09932269,2.6457834585,0.7630189837007779
0,0,True,0.45,0.045838963,2.410835673334096,0.511701373398376
4,4,True,0.6,0.07757557,3.1156790288318073,0.6608302558031118
0,0,True,0.55,0.12002144,2.880731243665904,0.8602814629632867
6,6,True,0.45,0.0492968,2.410835673334096,0.5279495915088334
5,5,True,0.7,0.15539475,3.5855743190840963,1.0264990295992953
1,1,True,0.65,0.03752425,3.3506265339181924,0.47263091071370356
3,3,False,0.5,0.16501434,2.6457834585,1.0717010631280028
1,1,True,0.5,0.06683842,2.6457834585,0.6103768713378747
3,3,False,0.5,0.12817143,2.6457834585,0.8985778908879939
1,1,True,0.45,0.06424916,2.410835673334096,0.5982100419943093
5,5,True,0.65,0.081509374,3.3506265339181924,0.6793150139004911
6,6,True,0.55,0.083676964,2.880731243665904,0.6895004206887627
1,1,True,0.55,0.13268681,2.880731243665904,0.9197954548695542
5,5,True,0.6,0.15873882,3.1156790288318073,1.0422126809383063
7,7,False,0.65,0.07835414,3.3506265339181924,0.6644887244967135
3,3,False,0.6,0.079421215,3.1156790288318073,0.669502848080874
7,7,False,0.6,0.17328653,3.1156790288318073,1.1105716890760575
2,2,True,0.65,0.07992291,3.3506265339181924,0.67186027739007
6,6,True,0.55,0.22338998,2.880731243665904,1.3460055522467267
1,1,False,0.55,0.13197112,2.880731243665904,0.9164324700682185
3,3,False,0.5,0.4226588,2.6457834585,2.2823606773744958
2,2,True,0.65,0.1385765,3.3506265339181924,0.9474708123145967
5,5,True,0.8,0.13665138,4.055469889415903,0.9384248040184805
1,1,True,0.55,0.09597968,2.880731243665904,0.7473103387831643
0,0,False,0.4,0.12798259,2.175888028207952,0.8976905289527605
3,3,True,0.55,0.09791843,2.880731243665904,0.7564204152691913
1,1,True,0.6,0.094910644,3.1156790288318073,0.7422869725748854
5,5,False,0.65,0.11455746,3.3506265339181924,0.8346064684509923
3,3,True,0.45,0.089767784,2.410835673334096,0.718120906469778
5,5,True,0.75,0.10893369,3.82052210425,0.808180615758908
0,0,False,0.5,0.11785987,2.6457834585,0.8501243442064073
1,1,True,0.5,0.14900373,2.6457834585,0.9964679233221692
1,1,True,0.6,0.08897665,3.1156790288318073,0.714403411017603
2,2,False,0.5,0.12145246,2.6457834585,0.8670057520888458
1,1,True,0.55,0.08014198,2.880731243665904,0.6728896746512422
1,1,False,0.7,0.0758237,3.5855743190840963,0.6525982986282001
6,6,True,0.6,0.082741134,3.1156790288318073,0.6851029971949176
2,2,True,0.65,0.07406159,3.3506265339181924,0.6443182027860057
3,3,True,0.5,0.3838905,2.6457834585,2.100190236480536
3,3,True,0.6,0.05154231,3.1156790288318073,0.5385011322479719
2,2,False,0.75,0.2036983,3.82052210425,1.2534752615228315
0,0,True,0.45,0.08735723,2.410835673334096,0.7067938255432611
4,4,False,0.6,0.13488774,3.1156790288318073,0.9301375311386185
0,0,True,0.4,0.081201985,2.175888028207952,0.6778706088124327
7,7,True,0.55,0.12887663,2.880731243665904,0.9018915816940323
6,6,False,0.4,0.043000698,2.175888028207952,0.49836449436032343
2,2,False,0.6,0.11569003,3.1156790288318073,0.8399283644163033
2,2,True,0.5,0.11034629,2.6457834585,0.8148183603131779
0,0,True,0.35,0.10351697,1.9409402430420482,0.7827277243049708
3,3,False,0.5,0.47065976,2.6457834585,2.507915015601292
6,6,False,0.5,0.08975828,2.6457834585,0.7180762337865396
7,7,True,0.55,0.11542318,2.880731243665904,0.8386744484109249
0,0,True,0.35,0.07286753,1.9409402430420482,0.6387073697871792
3,3,True,0.5,0.15879484,2.6457834585,1.0424758856660379
5,5,False,0.6,0.020689407,3.1156790288318073,0.3935247525504319
3,3,True,0.45,0.15274693,2.410835673334096,1.0140570571385124
1,1,True,0.55,0.058629327,2.880731243665904,0.5718027095604015
4,4,True,0.7,0.15928933,3.5855743190840963,1.0447994953733466
7,7,False,0.55,0.06208238,2.880731243665904,0.5880284512894803
6,6,True,0.5,0.15459464,2.6457834585,1.0227393821795505
2,2,True,0.7,0.22120352,3.5855743190840963,1.3357314652808352
7,7,True,0.6,0.11534942,3.1156790288318073,0.8383278500064898
3,3,True,0.35,0.20989352,1.9409402430420482,1.2825863065809118
7,7,True,0.45,0.11014549,2.410835673334096,0.8138748074244981
3,3,True,0.5,0.08791999,2.6457834585,0.7094381963194014
0,0,True,0.4,0.063739136,2.175888028207952,0.5958134715723701
0,0,True,0.4,0.1098663,2.175888028207952,0.8125629149587414
5,5,True,0.65,0.3692126,3.3506265339181924,2.0312193946341073
2,2,True,0.55,0.12924306,2.880731243665904,0.9036134405553379
3,3,True,0.6,0.09672664,3.1156790288318073,0.7508202603020167
1,1,True,0.6,0.18323994,3.1156790288318073,1.1573423079494427
2,2,True,0.65,0.2749851,3.3506265339181924,1.588448685453268
2,2,False,0.75,0.12877578,3.82052210425,0.9014176871483319
7,7,True,0.5,0.10784178,2.6457834585,0.8030498040452543
3,3,True,0.6,0.104010455,3.1156790288318073,0.785046572660461
5,5,True,0.6,0.17107975,3.1156790288318073,1.1002021650141571
2,2,True,0.65,0.06438431,3.3506265339181924,0.5988451223030418
7,7,True,0.55,0.09892245,2.880731243665904,0.7611382497324697
3,3,True,0.6,0.09238552,3.1156790288318073,0.7304215438034192
4,4,True,0.6,0.18762311,3.1156790288318073,1.1779386555584481
1,1,True,0.45,0.55952096,2.410835673334096,2.925469745591104
5,5,False,0.7,0.27086458,3.5855743190840963,1.5690865082435705
2,2,False,0.65,0.3126155,3.3506265339181924,1.7652722682948092
1,1,True,0.6,0.09458519,3.1156790288318073,0.7407576683827104
1,1,True,0.5,0.08995216,2.6457834585,0.7189872974510461
5,5,True,0.55,0.15894273,2.880731243665904,1.0431708329719003
1,1,True,0.6,0.116058685,3.1156790288318073,0.8416606562396818
3,3,True,0.5,0.06525458,2.6457834585,0.602934458326278
5,5,False,0.75,0.102902465,3.82052210425,0.7798401744866884
4,4,True,0.6,0.13962911,3.1156790288318073,0.9524170166154641
0,0,True,0.45,0.09947964,2.410835673334096,0.7637564680835482
6,6,True,0.4,0.13470298,2.175888028207952,0.9292693546504185
4,4,False,0.55,0.11494412,2.880731243665904,0.8364233792989687
2,2,True,0.65,0.070303716,3.3506265339181924,0.6266601343981139
2,2,True,0.55,0.15158,2.880731243665904,1.00857373034059
4,4,False,0.6,0.13860288,3.1156790288318073,0.9475948175215169
1,1,True,0.65,0.069146715,3.3506265339181924,0.6212234408400612
3,5,True,0.65,0.060882267,3.3506265339181924,0.5823891727145323
2,2,True,0.65,0.06568366,3.3506265339181924,0.6049507157717144
2,2,True,0.55,0.10330426,2.880731243665904,0.7817281905224838
5,5,True,0.7,0.11140065,3.5855743190840963,0.8197727569399682
3,3,True,0.6,0.15696324,3.1156790288318073,1.0338693221348176
6,6,True,0.5,0.14260212,2.6457834585,0.9663870329105879
5,5,True,0.6,0.05265604,3.1156790288318073,0.5437345055803926
4,4,True,0.65,0.11918368,3.3506265339181924,0.8563448753075809
4,4,True,0.7,0.12026275,3.5855743190840963,0.861415364894887
0,0,False,0.4,0.20310089,2.175888028207952,1.2506680245065467
5,5,True,0.6,0.20436518,3.1156790288318073,1.2566088611983228
1,1,True,0.65,0.0846268,3.3506265339181924,0.6939636628695107
6,6,False,0.65,0.07570082,3.3506265339181924,0.6520208796903872
1,1,True,0.55,0.070047796,2.880731243665904,0.6254575779744835
4,4,True,0.6,0.11833225,3.1156790288318073,0.8523440444122651
7,7,True,0.7,0.059075862,3.5855743190840963,0.5739009602849476
3,3,False,0.5,0.07345297,2.6457834585,0.6414583458301382
3,3,True,0.5,0.087214336,2.6457834585,0.7061223699070327
1,1,False,0.5,0.059208985,2.6457834585,0.5745265003850732
1,1,True,0.55,0.052398853,2.880731243665904,0.5425259974669892
7,7,True,0.65,0.08637693,3.3506265339181924,0.7021874277184994
6,6,True,0.55,0.068814784,2.880731243665904,0.6196637130101635
3,3,True,0.45,0.10068377,2.410835673334096,0.7694146345210409
5,5,True,0.7,0.098025076,3.5855743190840963,0.7569215475480886
4,4,True,0.65,0.24070014,3.3506265339181924,1.4273451957796688
6,6,True,0.5,0.08650664,2.6457834585,0.7027969507711473
3,3,False,0.6,0.08829865,3.1156790288318073,0.7112175064919877
0,0,True,0.55,0.11587088,2.880731243665904,0.8407781606860864
7,7,True,0.55,0.1537971,2.880731243665904,1.0189917781791114
7,7,False,0.65,0.076611064,3.3506265339181924,0.6562980790508152
0,0,True,0.45,0.10077609,2.410835673334096,0.7698484426856222
6,6,True,0.4,0.07316975,2.175888028207952,0.640127512986927
3,3,True,0.5,0.09680842,2.6457834585,0.7512045294017216
3,3,True,0.55,0.17191914,2.880731243665904,1.1041463848367485
1,1,True,0.65,0.088573635,3.3506265339181924,0.7125096533516735
4,4,True,0.6,0.088225536,3.1156790288318073,0.7108739539523188
5,5,False,0.65,0.121986635,3.3506265339181924,0.8695158247357525
4,4,True,0.6,0.09835774,3.1156790288318073,0.7584847063520908
7,7,True,0.4,0.08433908,2.175888028207952,0.6926116840226351
6,6,False,0.5,0.1685476,2.6457834585,1.0883036868594802
5,5,True,0.65,0.118038766,3.3506265339181924,0.8509649678719517
5,5,False,0.6,0.0885308,3.1156790288318073,0.7123083812075222
0,0,True,0.4,0.44311845,2.175888028207952,2.378499652657537
3,3,True,0.45,0.074919224,2.410835673334096,0.6483481969612097
1,1,True,0.65,0.050956953,3.3506265339181924,0.535750576324291
4,4,True,0.55,0.08373036,2.880731243665904,0.6897513369276098
4,4,False,0.6,0.19482927,3.1156790288318073,1.2118000593139198
5,5,True,0.75,0.77484846,3.82052210425,3.937283894656567
5,5,True,0.7,0.100725025,3.5855743190840963,0.7696084845579456
0,0,False,0.45,0.21363406,2.410835673334096,1.3001629068387914
5,5,True,0.65,0.21963012,3.3506265339181924,1.328338136204897
1,1,True,0.65,0.072969854,3.3506265339181924,0.6391881963009682
5,5,True,0.7,0.07063838,3.5855743190840963,0.6282327108759336
4,4,False,0.65,0.2931329,3.3506265339181924,1.6737243564828785
1,1,True,0.55,0.08390269,2.880731243665904,0.6905610818262138
4,4,True,0.6,0.14810766,3.1156790288318073,0.9922573478772604
2,2,True,0.6,0.13975465,3.1156790288318073,0.9530069341018006
1,1,True,0.55,0.1051985,2.880731243665904,0.7906291526378348
3,3,False,0.6,0.1520102,3.1156790288318073,1.010595204267063
0,0,True,0.5,0.27546597,2.6457834585,1.5907082269706658
2,2,False,0.8,0.11222944,4.055469889415903,0.8236671926281044
2,2,True,0.55,0.1293625,2.880731243665904,0.9041746498910039
1,1,False,0.6,0.032115795,3.1156790288318073,0.447216827778081
7,7,True,0.55,0.15094574,2.880731243665904,1.0055933341618468
6,6,True,0.5,0.2023152,2.6457834585,1.2469760863104562
0,0,True,0.4,0.06889067,2.175888028207952,0.6200202892474536
7,7,True,0.55,0.37563148,2.880731243665904,2.0613814380862423
7,7,True,0.55,0.1098088,2.880731243665904,0.8122927432529813
3,3,True,0.55,0.15646161,2.880731243665904,1.0315121729051404
1,1,True,0.6,0.072694786,3.1156790288318073,0.6378956643319442
5,5,True,0.7,0.23825014,3.5855743190840963,1.4158327372216888
0,0,True,0.4,0.05084936,2.175888028207952,0.5352449977830337
7,7,True,0.65,0.12734285,3.3506265339181924,0.8946844354781733
6,6,True,0.65,0.118629634,3.3506265339181924,0.8537414311511157
6,6,True,0.75,0.19339913,3.82052210425,1.205079901361262
4,4,True,0.75,0.17672153,3.82052210425,1.1267126017208995
3,3,True,0.7,0.19260116,3.5855743190840963,1.2013302667843122
0,0,True,0.5,0.14679363,2.6457834585,0.9860827848270993
1,1,True,0.55,0.07778637,2.880731243665904,0.6618207920310595
2,2,True,0.6,0.19142753,3.1156790288318073,1.1958154310405322
7,7,True,0.65,0.10378658,3.3506265339181924,0.7839945939880907
7,7,True,0.35,0.09381578,1.9409402430420482,0.7371422619151143
1,1,True,0.55,0.19344431,2.880731243665904,1.2052922016364636
3,3,True,0.45,0.093031466,2.410835673334096,0.7334568005578946
5,5,True,0.7,0.19851068,3.5855743190840963,1.229098820689214
2,2,True,0.6,0.08085466,3.1156790288318073,0.6762385504468216
6,6,False,0.5,0.12133433,2.6457834585,0.866450669492652
1,1,True,0.7,0.11213716,3.5855743190840963,0.8232335945231621
7,7,False,0.6,0.11759915,3.1156790288318073,0.8488992413815187
1,1,True,0.55,0.07383953,2.880731243665904,0.6432747665389569
0,0,False,0.5,0.1225343,2.6457834585,0.8720892653737732
0,0,True,0.45,0.07756355,2.410835673334096,0.660773749760207
4,4,True,0.55,0.11255164,2.880731243665904,0.8251811974765685
3,3,False,0.5,0.1443227,2.6457834585,0.9744719483381635
7,7,True,0.5,0.13569362,2.6457834585,0.9339243462716806
3,3,True,0.5,0.11443321,2.6457834585,0.8340226076842485
5,5,True,0.65,0.10016169,3.3506265339181924,0.7669613830064976
1,1,True,0.55,0.13736415,2.880731243665904,0.9417740649233982
0,0,False,0.55,0.12565446,2.880731243665904,0.8867507629907148
1,1,True,0.6,0.22483386,3.1156790288318073,1.3527902685284527
6,6,False,0.4,0.09552751,2.175888028207952,0.7451855855341578
7,7,True,0.55,0.06797051,2.880731243665904,0.615696491657096
0,0,False,0.5,0.092479445,2.6457834585,0.7308628791050664
3,3,False,0.55,0.1345224,2.880731243665904,0.9284207837285299
1,1,True,0.6,0.06053084,3.1156790288318073,0.5807378413770383
7,7,True,0.55,0.15598045,2.880731243665904,1.0292512309901487
3,3,True,0.55,0.15683226,2.880731243665904,1.0332538473923965
3,3,True,0.45,0.07729746,2.410835673334096,0.6595234047686924
7,7,False,0.55,0.18094546,2.880731243665904,1.1465606468757232
1,1,True,0.55,0.1993306,2.880731243665904,1.2329515945489382
2,2,True,0.6,0.09210524,3.1156790288318073,0.7291045048765057
4,4,True,0.6,0.12251556,3.1156790288318073,0.8720012153750707
5,5,False,0.6,0.0017871528,3.1156790288318073,0.30470391702721505
5,5,True,0.6,0.12688771,3.1156790288318073,0.8925457482731097
4,4,True,0.65,0.049271252,3.3506265339181924,0.5278295424251154
7,7,True,0.65,0.0691259,3.3506265339181924,0.6211256230681428
1,1,True,0.5,0.31954524,2.6457834585,1.797834733262266
2,2,False,0.75,0.07697878,3.82052210425,0.6580259596217736
7,7,True,0.65,0.08322504,3.3506265339181924,0.6873768577777108
7,7,False,0.55,0.098611616,2.880731243665904,0.7596776700522044
0,0,False,0.5,0.08530816,2.6457834585,0.6971653218680549
7,7,True,0.55,0.09865766,2.880731243665904,0.7598940314804274
5,5,True,0.65,0.035261318,3.3506265339181924,0.4619974992302446
6,6,True,0.5,0.1242014,2.6457834585,0.8799229144631033
4,4,True,0.5,0.14165473,2.6457834585,0.9619353090000479
1,1,False,0.5,0.15611772,2.6457834585,1.0298962541217964
3,3,True,0.5,0.13244452,2.6457834585,0.9186569316258948
1,1,True,0.6,0.08172474,3.1156790288318073,0.6803270112215618
2,2,False,0.55,0.072716,2.880731243665904,0.6379953376306742
3,3,True,0.5,0.1936789,2.6457834585,1.2063945246023264
7,7,False,0.5,0.29487288,2.6457834585,1.6819004377938025
4,4,True,0.6,0.13268477,3.1156790288318073,0.9197858621460375
7,7,False,0.45,0.13588588,2.410835673334096,0.9348277427593616
4,4,True,0.6,0.24091734,3.1156790288318073,1.4283658055459405
7,7,True,0.6,0.07511519,3.1156790288318073,0.6492690283989322
5,5,True,0.65,0.1780736,3.3506265339181924,1.1330659255238935
7,7,True,0.6,0.09856386,3.1156790288318073,0.7594532563378177
6,6,True,0.5,0.10147861,2.6457834585,0.7731495299133174
4,4,False,0.7,0.2441031,3.5855743190840963,1.4433355656831903
7,7,False,0.65,0.1376602,3.3506265339181924,0.943165219892957
3,3,True,0.4,0.05546839,2.175888028207952,0.5569496200476749
0,0,True,0.4,0.08307606,2.175888028207952,0.6866767990206317
2,2,False,0.65,0.4707321,3.3506265339181924,2.5082548920972774
7,7,False,0.55,0.050678153,2.880731243665904,0.5344405043754061
5,5,True,0.65,0.089243956,3.3506265339181924,0.7156594626293117
0,0,True,0.45,0.09746768,2.410835673334096,0.7543023839286345
5,5,True,0.7,0.10078688,3.5855743190840963,0.7698991370785133
1,1,True,0.45,0.07305444,2.410835673334096,0.6395856641479936
5,5,True,0.8,0.10697658,4.055469889415903,0.7989842747811106
6,6,False,0.45,0.09714445,2.410835673334096,0.7527835126985323
3,3,True,0.45,0.10401563,2.410835673334096,0.785070904568651
0,0,True,0.45,0.12025207,2.410835673334096,0.8613651956510936
0,0,True,0.45,0.05534527,2.410835673334096,0.556371080791787
1,1,True,0.6,0.29988492,3.1156790288318073,1.7054517643652256
6,6,True,0.4,0.124919444,2.175888028207952,0.8832969624054291
6,6,True,0.45,0.078728564,2.410835673334096,0.6662481140135296
1,1,True,0.55,0.07299651,2.880731243665904,0.6393134618657226
3,3,True,0.5,0.072442174,2.6457834585,0.6367086523216037
2,2,True,0.6,0.14614731,3.1156790288318073,0.9830457425656919
3,3,True,0.5,0.10871709,2.6457834585,0.8071628417977634
7,7,True,0.5,0.08996318,2.6457834585,0.7190390771520723
2,2,True,0.6,0.104905926,3.1156790288318073,0.7892543473101823
1,1,True,0.5,0.07586885,2.6457834585,0.6528104588636421
5,5,True,0.6,0.09039729,3.1156790288318073,0.7210789312969621
1,1,True,0.5,0.05635024,2.6457834585,0.5610933790223953
5,5,True,0.65,0.1954217,3.3506265339181924,1.2145838396705106
2,2,True,0.55,0.11952933,2.880731243665904,0.8579690564367275
0,0,True,0.45,0.056672845,2.410835673334096,0.5626092919125808
5,5,True,0.55,0.19307107,2.880731243665904,1.2035383436901426
2,2,True,0.6,0.0764804,3.1156790288318073,0.6556841097358073
2,2,False,0.75,0.10105845,3.82052210425,0.7711752493857515
5,5,True,0.7,0.3597901,3.5855743190840963,1.9869434440340983
5,5,True,0.65,0.18845798,3.3506265339181924,1.1818616593574953
0,0,True,0.5,0.08299223,2.6457834585,0.6862829021874702
3,3,True,0.65,0.1560509,3.3506265339181924,1.0295822849812941
1,1,True,0.55,0.11189536,2.880731243665904,0.8220973819355323
1,1,False,0.5,0.07723011,2.6457834585,0.6592069499224613
6,6,True,0.65,0.08576997,3.3506265339181924,0.6993353779792169
3,3,False,0.5,0.09275128,2.6457834585,0.7321402167601991
7,7,True,0.75,0.1823769,3.82052210425,1.1532869665777932
7,7,False,0.6,0.07111804,3.1156790288318073,0.6304866157930169
1,1,True,0.6,0.11162158,3.1156790288318073,0.8208109066861008
1,1,False,0.65,0.053503107,3.3506265339181924,0.5477148381559309
6,6,False,0.5,0.14673176,2.6457834585,0.985792062286652
6,6,True,0.5,0.28280595,2.6457834585,1.6251984792655785
2,2,True,0.7,0.06918364,3.5855743190840963,0.6213969501019178
5,5,True,0.65,0.14078377,3.3506265339181924,0.9578427170524064
2,2,False,0.65,0.112088725,3.3506265339181924,0.8230059949042497
1,1,True,0.5,0.15753497,2.6457834585,1.0365558448785275
5,5,True,0.65,0.37544495,3.3506265339181924,2.06050492923236
3,3,True,0.45,0.14244772,2.410835673334096,0.9656615569371835
0,0,True,0.4,0.07372417,2.175888028207952,0.6427327076403844
1,1,True,0.65,0.108874165,3.3506265339181924,0.8079009213495109
2,2,True,0.7,0.10677959,3.5855743190840963,0.79805861197169
7,7,True,0.65,0.09958197,3.3506265339181924,0.7642373296072771
2,2,False,0.6,0.13902304,3.1156790288318073,0.9495690980490827
0,0,False,0.3,0.10848743,1.7059925979159036,0.8060836604021361
2,2,True,0.75,0.19864105,3.82052210425,1.2297114246165681
3,3,False,0.45,0.043748766,2.410835673334096,0.5018796323602122
7,7,True,0.55,0.18367915,2.880731243665904,1.1594061439031242
3,3,False,0.5,0.10910151,2.6457834585,0.8089692146538474
5,5,False,0.65,0.22132686,3.3506265339181924,1.3363110198249786
2,2,True,0.55,0.13504317,2.880731243665904,0.9308679085036008
2,2,True,0.55,0.10596681,2.880731243665904,0.7942393776343344
1,1,True,0.55,0.17731169,2.880731243665904,1.1294857390557784
4,4,True,0.7,0.079050235,3.5855743190840963,0.667759633156265
2,2,True,0.6,0.17970727,3.1156790288318073,1.1407424850131531
2,2,True,0.65,0.13084294,3.3506265339181924,0.9111311949574743
0,0,False,0.4,0.054111887,2.175888028207952,0.5505754653304749
4,4,False,0.6,0.20641944,3.1156790288318073,1.2662617317916591
6,6,True,0.45,0.14324938,2.410835673334096,0.9694284864244154
1,1,True,0.55,0.07636238,2.880731243665904,0.6551295172787713
5,5,True,0.55,0.27556694,2.880731243665904,1.5911826816754038
2,2,False,0.65,0.08326777,3.3506265339181924,0.6875776397827043
6,6,True,0.5,0.15905064,2.6457834585,1.0436779169405708
2,2,True,0.6,0.06977828,3.1156790288318073,0.6241911284106417
5,5,False,0.8,0.10915248,4.055469889415903,0.8092087176523061
2,2,True,0.7,0.088017255,3.5855743190840963,0.7098952510840377
1,1,True,0.5,0.22983396,2.6457834585,1.3762855091762491
2,2,True,0.55,0.07278168,2.880731243665904,0.6383039852603205
2,2,False,0.65,0.13844632,3.3506265339181924,0.9468591186456786
5,5,False,0.6,0.08875057,3.1156790288318073,0.7133410694030395
0,0,True,0.35,0.16564374,1.9409402430420482,1.0746585628060896
4,4,True,0.65,0.13324544,3.3506265339181924,0.9224204301390221
0,0,True,0.45,0.049728606,2.410835673334096,0.529978627582312
2,2,False,0.65,0.12898311,3.3506265339181924,0.902391943754253
4,4,False,0.65,0.11127932,3.3506265339181924,0.8192026550795822
0,0,True,0.4,0.0950018,2.175888028207952,0.7427153191888514
0,0,False,0.45,0.20757139,2.410835673334096,1.271674688610499
4,4,True,0.55,0.12644958,2.880731243665904,0.8904870237706451
5,5,True,0.7,0.22811873,3.5855743190840963,1.36822573088548
1,1,True,0.55,0.09123822,2.880731243665904,0.7250304331870407
4,4,True,0.6,0.121121734,3.1156790288318073,0.8654516958692026
7,7,False,0.55,0.09598943,2.880731243665904,0.7473561317844776
4,4,True,0.6,0.16080183,3.1156790288318073,1.051906653201017
2,2,True,0.6,0.13559964,3.1156790288318073,0.9334827308905146
7,7,False,0.55,0.127611,2.880731243665904,0.8959444432130843
5,5,True,0.65,0.100374915,3.3506265339181924,0.7679633324748336
2,2,True,0.65,0.085294805,3.3506265339181924,0.6971025840558581
1,1,True,0.6,0.10245609,3.1156790288318073,0.7777426939808187
1,1,False,0.55,0.11929792,2.880731243665904,0.8568816827151771
7,7,True,0.6,0.11622951,3.1156790288318073,0.8424633641403775
3,3,True,0.5,0.13879248,2.6457834585,0.9484857504706142
2,2,True,0.55,0.07446274,2.880731243665904,0.6462032079669746
7,7,False,0.65,0.2052536,3.3506265339181924,1.260783516444954
2,2,False,0.65,0.11897926,3.3506265339181924,0.855384307588138
5,5,True,0.6,0.10670649,3.1156790288318073,0.7977151294519009
5,5,True,0.65,0.12299705,3.3506265339181924,0.8742637327373551
5,5,True,0.6,0.119530275,3.1156790288318073,0.8579735026990875
0,0,True,0.55,0.07758617,2.880731243665904,0.660880039937567
6,6,True,0.55,0.07545187,2.880731243665904,0.6508510925704489
0,0,True,0.4,0.17240342,2.175888028207952,1.1064220309264736
6,6,True,0.4,0.1483543,2.175888028207952,0.9934163169257876
0,0,False,0.45,0.21807286,2.410835673334096,1.3210206386586565
0,0,False,0.4,0.08112737,2.175888028207952,0.6775199842649158
5,5,True,0.55,0.19678298,2.880731243665904,1.2209804357591494
7,7,True,0.65,0.13505462,3.3506265339181924,0.930921683771198
4,4,True,0.6,0.20632626,3.1156790288318073,1.2658238974839962
4,4,True,0.7,0.23117076,3.5855743190840963,1.3825670626025672
3,3,True,0.55,0.10463863,2.880731243665904,0.7879983307084133
3,3,True,0.45,0.11160614,2.410835673334096,0.8207383660907484
0,0,True,0.35,0.102804966,1.9409402430420482,0.779382034413917
5,5,True,0.8,0.41126052,4.055469889415903,2.228800650887445
0,0,True,0.45,0.086076155,2.410835673334096,0.7007741114570207
1,1,True,0.6,0.16241035,3.1156790288318073,1.05946501913337
4,4,False,0.6,0.24478535,3.1156790288318073,1.4465414258745155
0,0,False,0.4,0.5616283,2.175888028207952,2.9353719569759944
3,3,True,0.55,0.10258478,2.880731243665904,0.7783473856617684
5,5,False,0.6,0.08424172,3.1156790288318073,0.6921541741287808
0,0,False,0.45,0.112324424,2.410835673334096,0.8241135343511491
0,0,False,0.4,0.10551925,2.175888028207952,0.7921363305480298
5,5,False,0.6,0.16837098,3.1156790288318073,1.0874737412255875
6,6,True,0.5,0.21456102,2.6457834585,1.3045186334942849
0,0,True,0.45,0.061649323,2.410835673334096,0.5859935335461082
4,4,False,0.6,0.078524984,3.1156790288318073,0.6652915024172887
6,6,False,0.45,0.23117359,2.410835673334096,1.3825803663797072
2,2,True,0.6,0.07145858,3.1156790288318073,0.632086780103432
4,4,True,0.55,0.15464918,2.880731243665904,1.0229956549391934
6,6,False,0.5,0.25036767,2.6457834585,1.4727724832613194
4,4,True,0.55,0.0752987,2.880731243665904,0.6501313232172388
7,7,True,0.65,0.11052222,3.3506265339181924,0.8156450500226653
7,7,True,0.55,0.108756505,2.880731243665904,0.8073480443795272
4,4,True,0.6,0.4812831,3.1156790288318073,2.557833588225504
0,0,True,0.35,0.16353539,1.9409402430420482,1.064751520049501
4,4,False,0.7,0.28725824,3.5855743190840963,1.6461195790765573
2,2,True,0.65,0.21949878,3.3506265339181924,1.3277209809853636
3,3,True,0.55,0.12279286,2.880731243665904,0.8733042503260473
3,3,True,0.55,0.107915305,2.880731243665904,0.8033952821316144
5,5,True,0.65,0.17408298,3.3506265339181924,1.11431418162528
1,1,True,0.55,0.10173787,2.880731243665904,0.7743678057999368
1,1,True,0.5,0.104937084,2.6457834585,0.7894007588786012
1,1,False,0.45,0.117796384,2.410835673334096,0.8498260245090142
1,1,True,0.55,0.12816885,2.880731243665904,0.8985657774488086
3,3,False,0.6,0.07708477,3.1156790288318073,0.6585240110259648
2,2,True,0.55,0.11521435,2.880731243665904,0.8376931548070955
7,7,True,0.55,0.075007536,2.880731243665904,0.6487631697781562
6,6,False,0.45,0.06912268,2.410835673334096,0.6211104987741312
2,2,True,0.55,0.10195912,2.880731243665904,0.7754074259635427
1,1,True,0.6,0.10278659,3.1156790288318073,0.7792956999022668
5,5,True,0.6,0.18469235,3.1156790288318073,1.164167145622228
6,6,True,0.6,0.1226202,3.1156790288318073,0.8724929299801505
1,1,False,0.6,0.097574115,3.1156790288318073,0.7548025009192764
2,2,True,0.65,0.119459316,3.3506265339181924,0.857640068032033
6,6,True,0.5,0.07452076,2.6457834585,0.6464758303685237
5,5,True,0.7,0.39513752,3.5855743190840963,2.1530394211490362
7,7,True,0.55,0.06481901,2.880731243665904,0.6008877422331792
0,0,True,0.5,0.08434493,2.6457834585,0.6926391668254109
7,7,False,0.5,0.15660153,2.6457834585,1.0321696595753718
6,6,True,0.4,0.095927075,2.175888028207952,0.7470631335979405
0,0,True,0.55,0.09693455,2.880731243665904,0.7517972126733056
5,5,True,0.7,0.28201684,3.5855743190840963,1.6214905065170404
6,6,True,0.6,0.14635944,3.1156790288318073,0.9840425455728712
0,0,False,0.5,0.10666728,2.6457834585,0.7975308721385128
3,3,True,0.6,0.09069368,3.1156790288318073,0.7224716617138138
1,1,True,0.65,0.103800595,3.3506265339181924,0.7840604476849333
7,7,False,0.65,0.072159514,3.3506265339181924,0.6353804452238807
4,4,True,0.7,0.14319895,3.5855743190840963,0.9691915391515652
5,5,True,0.65,0.40507042,3.3506265339181924,2.1997136926679763
7,7,False,0.7,0.19001012,3.5855743190840963,1.1891550700651246
7,7,True,0.55,0.09689939,2.880731243665904,0.7516320007671915
0,0,True,0.5,0.06086015,2.6457834585,0.5822852457081116
5,5,True,0.6,0.20345151,3.1156790288318073,1.2523155922755076
3,3,False,0.55,0.07427071,2.880731243665904,0.6453008617774889
3,3,True,0.6,0.08483096,3.1156790288318073,0.6949230052410591
7,7,True,0.55,0.09623754,2.880731243665904,0.7485219977911535
5,5,True,0.6,0.2124613,3.1156790288318073,1.294652132248033
0,0,True,0.4,0.06797274,2.175888028207952,0.6157069946390485
6,6,True,0.6,0.05844018,3.1156790288318073,0.5709139122176345
0,0,True,0.4,0.044724107,2.175888028207952,0.506462713565039
7,7,True,0.55,0.16449837,2.880731243665904,1.06927655477407
6,6,True,0.45,0.17951481,2.410835673334096,1.1398381082471563
6,6,True,0.4,0.07088871,2.175888028207952,0.6294090098446824
4,4,True,0.75,0.1578988,3.82052210425,1.0382654502608886
7,7,True,0.55,0.15757032,2.880731243665904,1.0367219320331378
5,5,False,0.6,0.13195404,3.1156790288318073,0.9163522272861008
7,7,False,0.7,0.09327595,3.5855743190840963,0.7346056167238676
1,1,True,0.55,0.07436187,2.880731243665904,0.6457292083914548
3,3,True,0.5,0.07575743,2.6457834585,0.6522868852133061
2,2,False,0.55,0.07388939,2.880731243665904,0.6435090530563791
4,4,True,0.6,0.08457241,3.1156790288318073,0.6937080903086646
2,2,False,0.7,0.83101,3.5855743190840963,4.201184339912706
6,6,False,0.55,0.001971999,2.880731243665904,0.30557250050596585
3,3,False,0.5,0.17679317,2.6457834585,1.1270492573024193
2,2,True,0.65,0.07817256,3.3506265339181924,0.6636354622428859
1,1,True,0.65,0.14932624,3.3506265339181924,0.9979833635781669
1,1,True,0.55,0.35378549,2.880731243665904,1.958728093276934
1,1,True,0.5,0.05096209,2.6457834585,0.535774715677812
7,7,False,0.5,0.063117445,2.6457834585,0.5928921721720801
0,0,True,0.35,0.10920445,1.9409402430420482,0.8094529119827034
2,2,True,0.6,0.16816303,3.1156790288318073,1.0864966138045993
6,6,False,0.45,0.52562517,2.410835673334096,2.7661949651152082
3,3,True,0.55,0.06410356,2.880731243665904,0.5975258777499184
3,3,True,0.5,0.17033967,2.6457834585,1.0967245576697788
1,1,False,0.55,0.009371296,2.880731243665904,0.3403414592735356
3,3,True,0.55,0.1125102,2.880731243665904,0.8249864721911676
4,4,False,0.55,0.06955529,2.880731243665904,0.6231433159211127
2,2,True,0.7,0.08451437,3.5855743190840963,0.693435362877296
7,7,False,0.55,0.001880702,2.880731243665904,0.30514350019077935
7,7,True,0.7,0.114388175,3.5855743190840963,0.8338110076078439
6,6,True,0.55,0.3171024,2.880731243665904,1.786355954266414
3,3,True,0.55,0.086070456,2.880731243665904,0.7007473288530417
3,3,True,0.65,0.20322984,3.3506265339181924,1.2512739765453307
4,4,False,0.6,0.07667108,3.1156790288318073,0.6565800841162419
5,5,True,0.55,0.1384014,2.880731243665904,0.9466480787283115
3,3,True,0.55,0.22128196,2.880731243665904,1.336100049927491
1,1,True,0.55,0.09589123,2.880731243665904,0.746894700777361
7,7,True,0.55,0.091459826,2.880731243665904,0.7260717338277591
3,3,False,0.55,0.5744275,2.880731243665904,2.9955148324316427
3,3,True,0.55,0.11692801,2.880731243665904,0.8457455810104979
3,3,True,0.65,0.07798257,3.3506265339181924,0.6627427087769169
6,6,False,0.45,0.12360608,2.410835673334096,0.8771255152399139
4,4,True,0.6,0.22577861,3.1156790288318073,1.3572295989202887
4,4,True,0.55,0.15297303,2.880731243665904,1.0151194687729554
5,5,True,0.55,0.13112004,2.880731243665904,0.9124332846400752
5,5,True,0.65,0.17265046,3.3506265339181924,1.1075828204918725
2,2,True,0.65,0.14447702,3.3506265339181924,0.9751971442320492
4,4,False,0.55,0.09558342,2.880731243665904,0.7454483001227317
0,0,False,0.6,0.112958595,3.1156790288318073,0.8270934754006743
0,0,True,0.4,0.06802483,2.175888028207952,0.6159517491284834
0,0,False,0.5,0.07098999,2.6457834585,0.6298848999569537
6,6,True,0.45,0.06785299,2.410835673334096,0.6151442798759692
4,4,False,0.65,0.09877108,3.3506265339181924,0.7604269877946411
5,5,True,0.65,0.09257887,3.3506265339181924,0.731330086752257
7,7,True,0.5,0.13743988,2.6457834585,0.9421299059519516
7,7,False,0.5,0.14803019,2.6457834585,0.9918933145227841
2,2,False,0.6,0.08488058,3.1156790288318073,0.6951561714404064
1,1,False,0.6,0.06751357,3.1156790288318073,0.6135493670565305
6,6,True,0.55,0.13943665,2.880731243665904,0.9515126398494674
1,1,True,0.55,0.06474441,2.880731243665904,0.6005372227154818
7,7,True,0.65,0.0982692,3.3506265339181924,0.7580686832369492
4,4,True,0.55,0.021181164,2.880731243665904,0.39583549610484864
6,6,False,0.65,0.18427484,3.3506265339181924,1.162205258613366
1,1,False,0.5,0.5440468,2.6457834585,2.8527574614936486
4,4,True,0.7,0.100435615,3.5855743190840963,0.7682485584547258
6,6,True,0.5,0.19495262,2.6457834585,1.2123796838779428
5,5,True,0.65,0.11879409,3.3506265339181924,0.8545142055532465
7,7,False,0.5,0.17672072,2.6457834585,1.1267088206473965
3,3,True,0.55,0.24664994,2.880731243665904,1.455303013419356
2,2,False,0.6,0.127629,3.1156790288318073,0.8960290272277424
6,6,True,0.45,0.069466166,2.410835673334096,0.6227245270207236
5,5,False,0.65,0.11438226,3.3506265339181924,0.8337832097156094
7,7,True,0.6,0.11613286,3.1156790288318073,0.842009215200748
7,7,True,0.6,0.06158265,3.1156790288318073,0.5856802470994328
5,5,True,0.6,0.09727982,3.1156790288318073,0.7534196082955202
2,2,False,0.55,0.13794342,2.880731243665904,0.9444960177262284
2,2,True,0.6,0.17469919,3.1156790288318073,1.1172097137098462
6,6,True,0.5,0.10189412,2.6457834585,0.7751019992483618
2,2,True,0.6,0.12050203,3.1156790288318073,0.8625397441228503
7,7,False,0.5,0.0026892328,2.6457834585,0.30894274986981873
6,6,False,0.55,0.16487975,2.880731243665904,1.0710686435746983
2,2,False,0.6,0.2105416,3.1156790288318073,1.2856316111881219
3,3,True,0.5,0.121150665,2.6457834585,0.8655876394656087
3,3,True,0.5,0.10357579,2.6457834585,0.783004092770083
3,3,True,0.6,0.09024653,3.1156790288318073,0.7203705051642608
4,4,True,0.65,0.09254603,3.3506265339181924,0.7311757629374338
0,0,False,0.45,0.30100924,2.410835673334096,1.7107349043271316
5,5,True,0.65,0.11834406,3.3506265339181924,0.8523995351669146
0,0,False,0.4,0.13417926,2.175888028207952,0.9268084359590498
3,3,False,0.45,0.19301723,2.410835673334096,1.2032853618648447
5,5,True,0.6,0.31484458,3.1156790288318073,1.7757465420967167
7,7,False,0.75,0.198012,3.82052210425,1.2267555353957142
3,3,True,0.45,0.11314628,2.410835673334096,0.8279754107952323
4,4,False,0.55,0.19266778,2.880731243665904,1.2016433256663785
6,6,True,0.5,0.048249226,2.6457834585,0.523027088937239
3,3,False,0.5,0.09873973,2.6457834585,0.7602796659677864
0,0,False,0.45,0.49698284,2.410835673334096,2.631605973301373
5,5,True,0.6,0.15491334,3.1156790288318073,1.024236897346349
3,3,False,0.45,0.1222061,2.410835673334096,0.8705470775237363
1,1,False,0.5,0.12312101,2.6457834585,0.8748461931065052
3,3,True,0.45,0.12251059,2.410835673334096,0.8719778637451961
6,6,False,0.4,0.44820583,2.175888028207952,2.4024049997406416
6,6,True,0.45,0.12043988,2.410835673334096,0.862247691204689
0,0,True,0.4,0.11602184,2.175888028207952,0.8414875320871634
5,5,True,0.65,0.1808772,3.3506265339181924,1.1462398858068916
0,0,True,0.5,0.06644275,2.6457834585,0.6085176334726293
7,7,True,0.55,0.15091898,2.880731243665904,1.0054675784579348
5,5,True,0.7,0.13488594,3.5855743190840963,0.9301290587331768
7,7,True,0.6,0.06956955,3.1156790288318073,0.6232103249459702
0,0,True,0.35,0.15707156,1.9409402430420482,1.0343782966402395
4,4,True,0.6,0.10327795,3.1156790288318073,0.781604570424902
4,4,True,0.6,0.19014,3.1156790288318073,1.189765363336449
7,7,True,0.5,0.049980346,2.6457834585,0.531161543429691
6,6,False,0.45,0.09832454,2.410835673334096,0.7583287020601552
5,5,True,0.65,0.10140237,3.3506265339181924,0.7727913082088549
5,5,True,0.6,0.1863181,3.1156790288318073,1.1718064545354956
0,0,True,0.35,0.06312827,1.9409402430420482,0.5929430416146704
1,1,False,0.55,0.11164154,2.880731243665904,0.8209046983149373
3,3,True,0.55,0.11030741,2.880731243665904,0.8146356784470827
0,0,True,0.35,0.12839255,1.9409402430420482,0.8996169158826226
6,6,True,0.45,0.1300036,2.410835673334096,0.907187185194522
4,4,False,0.65,0.1358492,3.3506265339181924,0.9346553538155801
4,4,False,0.6,0.26953945,3.1156790288318073,1.5628597803830448
2,2,True,0.6,0.15051793,3.1156790288318073,1.0035830634161234
0,0,True,0.45,0.22634672,2.410835673334096,1.3598991068332356
2,2,True,0.6,0.09869112,3.1156790288318073,0.7600512611202577
2,2,True,0.7,0.09359051,3.5855743190840963,0.7360837363839937
7,7,True,0.65,0.16179657,3.3506265339181924,1.0565809002891922
2,2,True,0.65,0.27006495,3.3506265339181924,1.5653291014599755
6,6,True,0.55,0.18436705,2.880731243665904,1.1626385416288496
7,7,True,0.55,0.080462515,2.880731243665904,0.6743958722831216
2,2,False,0.5,0.045905795,2.6457834585,0.5120154125587579
7,7,False,0.5,0.15256163,2.6457834585,1.0131863599346436
7,7,True,0.6,0.17006713,3.1156790288318073,1.0954438940703612
4,4,True,0.55,0.15408239,2.880731243665904,1.0203323087756586
3,3,True,0.5,0.094477504,2.6457834585,0.740251669722175
3,3,True,0.45,0.065335415,2.410835673334096,0.6033143161735629
3,3,False,0.55,0.17040019,2.880731243665904,1.097008908401175
1,1,True,0.5,0.08822166,2.6457834585,0.7108557487836009
2,2,False,0.7,0.062764324,3.5855743190840963,0.591232876073272
2,2,True,0.6,0.07779014,3.1156790288318073,0.6618385070606194
1,1,False,0.55,0.096714094,2.880731243665904,0.7507613035633228
7,7,False,0.55,0.11877903,2.880731243665904,0.8544434504648261
1,1,True,0.5,0.0015479949,2.6457834585,0.30358012476277446
2,2,False,0.55,0.16470902,2.880731243665904,1.0702663557932808
6,6,True,0.45,0.17818233,2.410835673334096,1.1335768605859466
4,4,False,0.6,0.11836231,3.1156790288318073,0.8524852745095874
5,5,True,0.6,0.0669843,3.1156790288318073,0.6110623659599796
5,5,True,0.65,0.12475696,3.3506265339181924,0.8825334656373564
5,5,True,0.7,0.14351994,3.5855743190840963,0.9706998373798351
7,7,True,0.5,0.3179009,2.6457834585,1.7901080395391529
6,6,False,0.55,0.22411902,2.880731243665904,1.349431274860259
3,0,True,0.4,0.059141904,2.175888028207952,0.5742112883917064
6,6,False,0.55,0.143025,2.880731243665904,0.9683741270761359
4,4,True,0.55,0.2964575,2.880731243665904,1.6893464918391428
2,2,True,0.6,0.098833546,3.1156790288318073,0.7607205111302758
4,4,True,0.55,0.0026836907,2.880731243665904,0.30891670794487947
3,3,True,0.55,0.09107513,2.880731243665904,0.7242640656039009
7,7,True,0.55,0.06774363,2.880731243665904,0.6146304039789695
6,6,True,0.55,0.23506786,2.880731243665904,1.4008793617362851
4,4,False,0.65,0.13058122,3.3506265339181924,0.9099013657907071
2,2,False,0.6,0.2002835,3.1156790288318073,1.237429225814961
0,0,True,0.45,0.10861533,2.410835673334096,0.8066846760394024
1,1,True,0.6,0.05493308,3.1156790288318073,0.5544342083849423
5,5,True,0.65,0.107775904,3.3506265339181924,0.8027402461571719
3,3,True,0.65,0.13128607,3.3506265339181924,0.9132134461395127
3,3,False,0.5,0.108384185,2.6457834585,0.8055985276657465
7,7,True,0.45,0.10400778,2.410835673334096,0.7850340040920576
5,5,False,0.65,0.14986071,3.3506265339181924,1.0004948366226674
4,4,True,0.95,0.12597285,4.760312964834096,0.8882468777599196
2,2,False,0.6,0.09240898,3.1156790288318073,0.7305317550940416
4,4,True,0.65,0.12315122,3.3506265339181924,0.8749881584125643
0,0,False,0.45,0.026930964,2.410835673334096,0.4228535419293591
2,2,False,0.6,0.14202584,3.1156790288318073,0.9636791541035743
6,6,True,0.55,0.16916808,2.880731243665904,1.091219314649516
0,0,True,0.45,0.077473216,2.410835673334096,0.6603492892495635
2,2,True,0.65,0.06345033,3.3506265339181924,0.5944563812742776
2,2,True,0.55,0.12480798,2.880731243665904,0.8827732137053939
3,3,True,0.6,0.21147026,3.1156790288318073,1.2899953201098993
6,6,False,0.45,0.3986073,2.410835673334096,2.1693438302129397
1,1,True,0.65,0.15759908,3.3506265339181924,1.0368570704009277
6,6,True,0.6,0.16627651,3.1156790288318073,1.0776319569968642
2,2,True,0.7,0.09515152,3.5855743190840963,0.7434188439299749
1,1,True,0.55,0.0625045,2.880731243665904,0.5900119744411645
1,1,False,0.65,0.14853957,3.3506265339181924,0.9942868740898969
3,3,True,0.5,0.069927186,2.6457834585,0.6248908370683224
1,1,True,0.5,0.0022436995,2.6457834585,0.30684920907624197
3,3,True,0.6,0.2488588,3.1156790288318073,1.4656823402644121
2,2,False,0.55,0.121943764,2.880731243665904,0.8693143775419021
1,1,True,0.6,0.04233965,3.1156790288318073,0.4952582549528185
0,0,True,0.45,0.06589854,2.410835673334096,0.6059604024367555
4,4,True,0.7,0.08271913,3.5855743190840963,0.6849996128425644
0,0,True,0.4,0.1122174,2.175888028207952,0.8236106165653198
3,3,True,0.45,0.16149849,2.410835673334096,1.0551802226159963
7,7,True,0.55,0.087488204,2.880731243665904,0.7074092652757422
6,6,True,0.6,0.06168222,3.1156790288318073,0.5861481199354803
6,6,True,0.45,0.06456927,2.410835673334096,0.5997142440596177
6,6,True,0.5,0.121085204,2.6457834585,0.8652800421341575
7,7,False,0.65,0.08521407,3.3506265339181924,0.696723216347731
5,5,True,0.8,0.091561444,4.055469889415903,0.726549234397263
1,1,True,0.5,0.09194872,2.6457834585,0.7283690160603066
4,4,False,0.65,0.21682738,3.3506265339181924,1.315168167055041
1,1,False,0.55,0.052552078,2.880731243665904,0.5432459943848083
0,0,True,0.3,0.06680769,1.7059925979159036,0.6102324553360268
7,7,True,0.75,0.09146749,3.82052210425,0.7261077590558564
4,4,True,0.6,0.71215725,3.1156790288318073,3.6427007381229637
0,0,False,0.45,0.1532184,2.410835673334096,1.0162724861317094
7,7,True,0.5,0.10473853,2.6457834585,0.7884677789917538
7,7,False,0.7,0.061413128,3.5855743190840963,0.5848836659382095
0,0,False,0.4,0.014416638,2.175888028207952,0.36404929340477954
5,5,False,0.65,0.05053475,3.3506265339181924,0.5337666680632686
5,5,False,0.75,0.16488415,3.82052210425,1.0710892994392052
7,7,True,0.55,0.12581618,2.880731243665904,0.8875106887449237
5,5,True,0.7,0.13941716,3.5855743190840963,0.951421053846841
2,2,True,0.6,0.0591818,3.1156790288318073,0.5743987491145901
7,7,True,0.45,0.095122576,2.410835673334096,0.7432828303136889
5,5,True,0.65,0.33634263,3.3506265339181924,1.876764922715407
5,5,True,0.6,0.1667128,3.1156790288318073,1.0796820690541278
4,4,False,0.6,0.0043028896,3.1156790288318073,0.31652524968538975
6,6,True,0.4,0.10974728,2.175888028207952,0.8120036661797065
0,0,True,0.4,0.08638538,2.175888028207952,0.7022271289902802
1,1,True,0.5,0.120783396,2.6457834585,0.8638618594910408
7,7,False,0.55,0.172789,2.880731243665904,1.1082338653331731
5,5,True,0.7,0.11806285,3.5855743190840963,0.8510781199975209
2,2,False,0.7,0.2065794,3.5855743190840963,1.2670133952000653
7,7,True,0.6,0.08174659,3.1156790288318073,0.6804296953751181
2,2,True,0.7,0.081192546,3.5855743190840963,0.677826251218653
4,4,False,0.65,0.0956224,3.3506265339181924,0.7456314721279846
0,0,False,0.5,0.11575649,2.6457834585,0.8402406530796933
1,1,True,0.5,0.13077603,2.6457834585,0.9108168056976939
1,1,True,0.55,0.084876716,2.880731243665904,0.6951380012816284
0,0,False,0.4,0.08120907,2.175888028207952,0.6779039032652223
3,3,True,0.55,0.082563065,2.880731243665904,0.6842662596326956
2,2,True,0.6,0.23047645,3.1156790288318073,1.3793045563285777
2,2,False,0.8,0.119296126,4.055469889415903,0.8568732453196752
6,6,True,0.5,0.11057827,2.6457834585,0.815908429800096
6,6,True,0.5,0.14525309,2.6457834585,0.9788438495858639
5,5,True,0.65,0.18314102,3.3506265339181924,1.1568775159881013
6,6,True,0.55,0.101767674,2.880731243665904,0.7745078455593044
1,1,True,0.5,0.07449115,2.6457834585,0.646336700867592
4,4,True,0.55,0.24028559,2.880731243665904,1.425397242726864
2,2,True,0.7,0.22412148,3.5855743190840963,1.349442828140407
2,2,True,0.75,0.046520792,3.82052210425,0.5149052555281
4,4,True,0.65,0.09402016,3.3506265339181924,0.7381026195749183
3,3,False,0.55,0.07512265,2.880731243665904,0.6493040733487139
3,3,True,0.45,0.07564696,2.410835673334096,0.6517677928352699
1,1,False,0.6,0.19448443,3.1156790288318073,1.210179659258276
0,0,True,0.5,0.07098003,2.6457834585,0.629838091667385
1,1,False,0.6,0.15983938,3.1156790288318073,1.0473841391921166
1,1,True,0.6,0.07827379,3.1156790288318073,0.6641111422955183
7,7,True,0.5,0.1360998,2.6457834585,0.935832948152103
2,2,True,0.5,0.053003047,2.6457834585,0.5453650760235604
2,2,True,0.65,0.08566625,3.3506265339181924,0.6988479695967376
4,4,True,0.7,0.060083877,3.5855743190840963,0.5786375775809512
1,1,True,0.5,0.10488574,2.6457834585,0.7891595053831506
7,7,False,0.55,0.18182054,2.880731243665904,1.150672634330037
7,7,True,0.6,0.11139944,3.1156790288318073,0.8197670853297138
6,6,False,0.55,0.17761166,2.880731243665904,1.130895309253694
4,4,False,0.55,0.104531795,2.880731243665904,0.7874963231810199
0,0,True,0.45,0.074233815,2.410835673334096,0.6451274925553916
4,4,True,0.65,0.1677574,3.3506265339181924,1.0845906026597252
0,0,True,0.5,0.117789574,2.6457834585,0.8497940254239987
4,4,True,0.6,0.13806702,3.1156790288318073,0.9450768326282059
1,1,True,0.45,0.14262795,2.410835673334096,0.9665084473819596
7,7,False,0.6,0.27691707,3.1156790288318073,1.5975269028940389
4,4,True,0.6,0.101486094,3.1156790288318073,0.7731847149028586
7,7,True,0.6,0.072223395,3.1156790288318073,0.6356806204480854
6,6,True,0.6,0.14683609,3.1156790288318073,0.9862822714643186
2,2,True,0.55,0.13012037,2.880731243665904,0.9077358609717247
2,2,False,0.65,0.16642179,3.3506265339181924,1.078314580803902
7,7,True,0.55,0.07935491,2.880731243665904,0.6691912946262208
1,1,True,0.45,0.1241961,2.410835673334096,0.8798979873859358
7,7,False,0.65,0.09573505,3.3506265339181924,0.7461608224183945
6,6,True,0.45,0.15614507,2.410835673334096,1.0300247406010163
1,1,True,0.6,0.064437516,3.1156790288318073,0.599095128283453
3,3,False,0.6,0.11772147,3.1156790288318073,0.8494739995639037
0,0,False,0.35,0.06243992,1.9409402430420482,0.5897085082826148
1,1,False,0.5,0.18620975,2.6457834585,1.1712973399903142
1,1,True,0.55,0.116584554,2.880731243665904,0.8441316928036647
0,0,True,0.4,0.08799516,2.175888028207952,0.7097914116024666
2,2,False,0.85,0.120904036,4.290417674581807,0.8644287404369613
4,4,True,0.6,0.20816548,3.1156790288318073,1.2744663111936145
7,7,True,0.55,0.06570892,2.880731243665904,0.6050693994677785
7,7,True,0.55,0.104952715,2.880731243665904,0.7894742097323897
5,5,True,0.55,0.2270004,2.880731243665904,1.3629707389152068
5,5,False,0.65,0.12256579,3.3506265339181924,0.8722372523894849
0,0,True,0.4,0.07804609,2.175888028207952,0.6630412035240092
6,6,True,0.45,0.23600855,2.410835673334096,1.405299646720847
5,5,True,0.65,0.26903355,3.3506265339181924,1.560482605467778
4,4,False,0.6,0.77380866,3.1156790288318073,3.932397907452228
3,3,True,0.5,0.13487022,2.6457834585,0.9300551877601103
1,1,False,0.55,0.13863285,2.880731243665904,0.9477356274995611
5,5,True,0.6,0.46748713,3.1156790288318073,2.4930069429780435
7,7,True,0.4,0.08867473,2.175888028207952,0.7129847032253885
0,0,False,0.45,0.076477595,2.410835673334096,0.6556709109884868
4,4,True,0.6,0.14584507,3.1156790288318073,0.9816255293460643
7,7,True,0.5,0.09706851,2.6457834585,0.7524266913916634
6,6,True,0.55,0.04623681,2.880731243665904,0.5135708341660551
1,1,True,0.6,0.10054216,3.1156790288318073,0.7687492005944654
0,0,True,0.45,0.096998766,2.410835673334096,0.7520989633448032
1,1,True,0.55,0.24737535,2.880731243665904,1.4587117212021252
6,6,False,0.5,0.039958257,2.6457834585,0.48406820293084285
0,0,True,0.5,0.047463857,2.6457834585,0.5193366736735316
3,3,True,0.5,0.123730235,2.6457834585,0.8777089208774398
6,6,False,0.45,0.6788124,2.410835673334096,3.486014732638739
3,3,True,0.55,0.063176244,2.880731243665904,0.5931684706173126
2,2,True,0.65,0.06591301,3.3506265339181924,0.6060283917399285
0,0,False,0.4,0.113057435,2.175888028207952,0.8275579172626173
6,6,True,0.45,0.094211265,2.410835673334096,0.7390006245318637
4,4,False,0.55,0.09373773,2.880731243665904,0.7367754977853304
2,2,True,0.65,0.11392048,3.3506265339181924,0.8316133286541466
7,7,False,0.65,0.13477764,3.3506265339181924,0.9296201542476346
0,0,True,0.45,0.055894773,2.410835673334096,0.5589531688849486
2,2,True,0.3,0.061891444,1.7059925979159036,0.5871312515611513
0,0,True,0.45,0.049476173,2.410835673334096,0.5287924558105277
1,1,True,0.45,0.11929098,2.410835673334096,0.8568490534512444
6,6,False,0.55,0.120386794,2.880731243665904,0.8619982453833153
5,5,True,0.65,0.08496392,3.3506265339181924,0.6955477576175384
6,6,True,0.6,0.10107285,3.1156790288318073,0.7712428885895262
3,3,False,0.5,0.054518066,2.6457834585,0.5524840847158672
0,0,False,0.5,0.10864436,2.6457834585,0.8068210747650265
3,3,True,0.5,0.13223526,2.6457834585,0.9176736424554944
3,3,True,0.6,0.08045623,3.1156790288318073,0.674366323893895
4,4,True,0.8,0.19512488,4.055469889415903,1.213189113687088
2,2,False,0.65,0.09648693,3.3506265339181924,0.7496938855074824
7,7,True,0.55,0.5044188,2.880731243665904,2.6665471536214493
3,3,False,0.5,0.27368742,2.6457834585,1.5823509342111202
2,2,False,0.7,0.22900662,3.5855743190840963,1.3723978654164424
2,2,True,0.65,0.19623472,3.3506265339181924,1.2184041943259414
6,6,True,0.55,0.33902854,2.880731243665904,1.889385865988662
0,0,True,0.35,0.04612698,1.9409402430420482,0.5130547526428453
6,6,True,0.45,0.05779726,2.410835673334096,0.5678928694987349
7,7,False,0.6,0.14405362,3.1156790288318073,0.9732075993707122
0,0,True,0.45,0.068393,2.410835673334096,0.6176817653057722
7,7,False,0.65,0.10686938,3.3506265339181924,0.798480516756725
4,4,True,0.6,0.12335159,3.1156790288318073,0.8759296807247332
3,3,False,0.5,0.14326458,2.6457834585,0.9694999067016928
4,4,True,0.6,0.11205402,3.1156790288318073,0.822842918604466
6,6,False,0.4,0.012004984,2.175888028207952,0.35271703975965096
2,2,False,0.7,0.1288165,3.5855743190840963,0.9016090514795079
2,2,True,0.75,0.11032686,3.82052210425,0.8147270543900701
1,1,True,0.55,0.13222179,2.880731243665904,0.9176103444842603
6,6,False,0.55,0.14148451,2.880731243665904,0.9611354719144193
6,6,True,0.5,0.082019836,2.6457834585,0.681713649908881
1,1,True,0.55,0.103240505,2.880731243665904,0.7814286104672564
3,3,True,0.55,0.10391726,2.880731243665904,0.7846086683329181
4,4,True,0.6,0.11529026,3.1156790288318073,0.8380498710841449
6,6,True,0.5,0.14082107,2.6457834585,0.9580179768112551
1,1,True,0.6,0.18339139,3.1156790288318073,1.1580539900065494
2,2,True,0.6,0.07639165,3.1156790288318073,0.6552670713324102
5,5,False,0.6,0.08831162,3.1156790288318073,0.7112784587972525
7,7,True,0.55,0.04709334,2.880731243665904,0.5175956293651927
5,5,True,0.7,0.101629734,3.5855743190840963,0.773859671533071
3,3,True,0.5,0.09306235,2.6457834585,0.7336019167585395
7,7,True,0.65,0.24767423,3.3506265339181924,1.4601161099289444
0,0,True,0.45,0.055546504,2.410835673334096,0.5573166642569776
6,6,True,0.55,0.3849647,2.880731243665904,2.1052378295671854
6,6,True,0.5,0.29934022,2.6457834585,1.7028922576832621
4,4,False,0.65,0.10971759,3.3506265339181924,0.8118641515694365
1,1,True,0.6,0.09493117,3.1156790288318073,0.7423834249591499
3,3,True,0.5,0.04938216,2.6457834585,0.5283507003896023
1,1,True,0.55,0.0652735,2.880731243665904,0.6030233835734765
6,6,True,0.55,0.16548754,2.880731243665904,1.0739246144272432
2,2,True,0.6,0.05510709,3.1156790288318073,0.5552518830349203
7,7,True,0.6,0.08487518,3.1156790288318073,0.695130789234021
2,2,False,0.55,0.116638064,2.880731243665904,0.8443831341916095
3,3,False,0.45,0.16817175,2.410835673334096,1.0865375754342144
7,7,True,0.6,0.12119339,3.1156790288318073,0.8657883864606624
4,4,True,0.6,0.08854051,3.1156790288318073,0.7123539991591362
4,4,True,0.65,0.19008459,3.3506265339181924,1.1895050294237843
6,6,True,0.55,0.08700994,2.880731243665904,0.7051619072174093
1,1,True,0.5,0.10561787,2.6457834585,0.7925997571217174
1,1,True,0.45,0.07825043,2.410835673334096,0.6640013861341139
7,7,False,0.55,0.0023648257,2.880731243665904,0.3074183755147977
0,0,True,0.45,0.24869893,2.410835673334096,1.464931166995164
5,5,True,0.65,0.22474475,3.3506265339181924,1.3523715496479434
2,2,True,0.6,0.057853017,3.1156790288318073,0.5681548663835418
3,3,False,0.5,0.1005453,2.6457834585,0.7687639747890787
0,0,False,0.45,0.12396547,2.410835673334096,0.8788142897080689
6,6,True,0.55,0.20313638,2.880731243665904,1.2508348118599535
4,4,True,0.7,0.08236338,3.5855743190840963,0.6833279582349921
2,2,False,0.5,0.07335301,2.6457834585,0.6409886174672792
6,6,True,0.5,0.13786502,2.6457834585,0.9441276431392116
5,5,False,0.6,0.2505677,3.1156790288318073,1.4737124301261955
2,2,False,0.65,0.19397976,3.3506265339181924,1.2078082259731433
5,5,True,0.75,0.1765117,3.82052210425,1.125726651795071
3,3,True,0.65,0.12079062,3.3506265339181924,0.8638958191326875
4,4,False,0.6,0.08581602,3.1156790288318073,0.69955173940744
0,0,True,0.4,0.07088832,2.175888028207952,0.6294071543178708
7,7,True,0.6,0.081958026,3.1156790288318073,0.6814232074479523
1,1,True,0.65,0.12814349,3.3506265339181924,0.8984466036135867
2,2,False,0.6,0.27509177,3.1156790288318073,1.588949887752045
3,3,False,0.5,0.16657132,2.6457834585,1.0790172302965297
5,5,True,0.65,0.03999018,3.3506265339181924,0.4842182030180956
3,3,True,0.55,0.095725514,2.880731243665904,0.7461160096953969
5,5,True,0.7,0.102073796,3.5855743190840963,0.7759462989575896
5,5,True,0.75,0.19431382,3.82052210425,1.2093780016557756
6,6,True,0.55,0.05491562,2.880731243665904,0.5543521625909227
7,7,True,0.6,0.23636954,3.1156790288318073,1.4069958783061882
5,5,True,0.65,0.1971747,3.3506265339181924,1.2228211183562785
6,6,True,0.45,0.079691246,2.410835673334096,0.6707717133305651
3,3,False,0.45,0.09877126,2.410835673334096,0.7604278280331973
5,5,True,0.6,0.17880887,3.1156790288318073,1.1365209164471337
5,5,True,0.6,0.08624552,3.1156790288318073,0.7015699574095073
5,5,True,0.6,0.13005076,3.1156790288318073,0.9074087981137214
6,6,False,0.55,0.10676827,2.880731243665904,0.7980054318730702
3,3,True,0.6,0.06641726,3.1156790288318073,0.6083978644684301
7,7,True,0.6,0.12335627,3.1156790288318073,0.8759516669669539
3,3,True,0.5,0.056835152,2.6457834585,0.5633719659470673
4,4,False,0.7,0.12292423,3.5855743190840963,0.8739215455853402
4,4,False,0.55,0.08851133,2.880731243665904,0.7122169002347152
4,4,False,0.6,0.05218461,3.1156790288318073,0.5415192866468346
1,1,True,0.55,0.12465701,2.880731243665904,0.882063807294377
3,3,True,0.5,0.14202398,2.6457834585,0.9636704016186137
1,1,True,0.55,0.115589105,2.880731243665904,0.8394541197712045
4,4,False,0.65,0.108490154,3.3506265339181924,0.8060964740401182
5,5,True,0.7,0.076232575,3.5855743190840963,0.6545195741068452
3,3,True,0.6,0.037880555,3.1156790288318073,0.474305173561794
4,4,False,0.6,0.1251406,3.1156790288318073,0.8843361974596968
5,5,True,0.6,0.08342349,3.1156790288318073,0.6883093475254005
1,1,True,0.55,0.14887081,2.880731243665904,0.9958433459953893
0,0,True,0.4,0.10639076,2.175888028207952,0.7962315132312197
3,3,False,0.4,0.13363026,2.175888028207952,0.9242286935318577
5,5,True,0.6,0.2789431,3.1156790288318073,1.607047085815374
6,6,False,0.55,0.14250112,2.880731243665904,0.9659124381660907
2,2,True,0.9,0.07502921,4.525365179668192,0.6488650136931563
0,0,False,0.4,0.257571,2.175888028207952,1.506620653259531
0,0,False,0.45,0.20120215,2.410835673334096,1.2417459513974707
7,7,True,0.65,0.07544346,3.3506265339181924,0.6508115663483673
6,6,True,0.55,0.08466807,2.880731243665904,0.6941575829262951
5,5,True,0.6,0.34508815,3.1156790288318073,1.9178597301416194
5,5,True,0.75,0.13183448,3.82052210425,0.9157903877715176
5,5,True,0.7,0.21735449,3.5855743190840963,1.3176450502789776
6,6,True,0.45,0.19382998,2.410835673334096,1.2071044561624409
6,6,False,0.45,0.047025025,2.410835673334096,0.517274623226782
2,2,False,0.6,0.07544926,3.1156790288318073,0.6508388040815645
1,1,False,0.55,0.36538142,2.880731243665904,2.013216863448111
5,5,False,0.65,0.0734707,3.3506265339181924,0.6415416344770222
6,6,True,0.55,0.2364994,2.880731243665904,1.407606101557633
5,5,True,0.6,0.1901854,3.1156790288318073,1.1899787139098459
7,7,True,0.55,0.09349779,2.880731243665904,0.735648037682661
6,6,True,0.6,0.09516414,3.1156790288318073,0.7434781507680671
6,6,False,0.6,0.17399769,3.1156790288318073,1.1139133878339695
2,2,True,0.65,0.093300596,3.3506265339181924,0.7347214296048648
6,6,True,0.55,0.06588663,2.880731243665904,0.6059044565528882
6,6,True,0.5,0.14133325,2.6457834585,0.9604247001157485
3,3,True,0.6,0.33388203,3.1156790288318073,1.865202680022972
2,2,True,0.8,0.071368225,4.055469889415903,0.6316622145629689
1,1,True,0.55,0.1302994,2.880731243665904,0.9085771498261261
1,1,True,0.6,0.1333893,3.1156790288318073,0.92309640205749
5,5,True,0.65,0.32699347,3.3506265339181924,1.8328336099632019
2,2,True,0.55,0.084245235,2.880731243665904,0.6921706988203862
3,3,False,0.4,0.088577636,2.175888028207952,0.7125284536893686
7,7,True,0.5,0.13374965,2.6457834585,0.9247896928078847
5,5,True,0.8,0.21215989,4.055469889415903,1.293235840141668
2,2,True,0.8,0.17852576,4.055469889415903,1.1351906087530204
5,5,True,0.6,0.14148718,3.1156790288318073,0.9611480054728827
0,0,False,0.45,0.17360748,2.410835673334096,1.112079847264568
6,6,True,0.45,0.13028608,2.410835673334096,0.9085145520536888
1,1,False,0.6,0.053808067,3.1156790288318073,0.5491478300036008
6,6,True,0.5,0.1402933,2.6457834585,0.9555380127126124
6,6,True,0.5,0.24157807,2.6457834585,1.4314705570310022
0,0,True,0.4,0.08071878,2.175888028207952,0.6756000391639846
5,5,True,0.7,0.084640644,3.5855743190840963,0.694028711337737
5,5,True,0.65,0.25823304,3.3506265339181924,1.509731496474125
1,1,True,0.55,0.19456352,2.880731243665904,1.210551324779638
1,1,True,0.5,0.08879921,2.6457834585,0.7135696142903276
1,1,True,0.55,0.08112636,2.880731243665904,0.6775152579230371
0,0,False,0.5,0.018199952,2.6457834585,0.381826916360989
3,3,True,0.5,0.0988593,2.6457834585,0.7608415404923095
1,1,True,0.6,0.12126558,3.1156790288318073,0.8661276327777306
5,5,True,0.65,0.109258614,3.3506265339181924,0.8097074342453543
1,1,True,0.6,0.14655735,3.1156790288318073,0.9849724795949525
1,1,True,0.6,0.34266356,3.1156790288318073,1.9064666554785004
5,5,False,0.55,0.10237163,2.880731243665904,0.7773458213027706
5,5,True,0.65,0.15024465,3.3506265339181924,1.0022989688426014
3,3,True,0.6,0.42647207,3.1156790288318073,2.3002790446651122
1,1,True,0.7,0.07134872,3.5855743190840963,0.6315705585404627
1,1,True,0.45,0.10410456,2.410835673334096,0.7854887832106043
6,6,True,0.45,0.09994409,2.410835673334096,0.7659389177134142
7,7,True,0.5,0.08914296,2.6457834585,0.7151849028947543
5,5,False,0.7,0.0026760208,3.5855743190840963,0.3088806673999335
0,0,False,0.6,0.12215937,3.1156790288318073,0.8703274951810477
1,1,True,0.45,0.13112392,2.410835673334096,0.9124514898087931
4,4,True,0.6,0.08319117,3.1156790288318073,0.6872177025911894
3,3,True,0.7,0.13110551,3.5855743190840963,0.9123650152573834
3,3,True,0.55,0.08226039,2.880731243665904,0.6828440158365572
0,0,True,0.35,0.09247174,1.9409402430420482,0.7308266788272699
4,4,True,0.55,0.056881305,2.880731243665904,0.563588835019418
7,7,True,0.75,0.08696925,3.82052210425,0.7049707179359326
6,6,True,0.55,0.09042725,2.880731243665904,0.7212197062650665
6,6,False,0.55,0.07946524,2.880731243665904,0.6697097218154
1,1,True,0.45,0.08711826,2.410835673334096,0.705670916732771
6,6,False,0.45,0.12428167,2.410835673334096,0.8803000765450204
4,4,True,0.6,0.09642127,3.1156790288318073,0.7493853429076555
1,1,True,0.5,0.13743468,2.6457834585,0.9421054690139419
0,0,False,0.45,0.07832195,2.410835673334096,0.6643374465466565
5,5,True,0.65,0.20634437,3.3506265339181924,1.265908971637812
7,7,False,0.6,0.6217213,3.1156790288318073,3.2177464472879214
3,3,True,0.55,0.31246054,2.880731243665904,1.7645440615460972
4,4,True,0.6,0.1488182,3.1156790288318073,0.9955961058002255
3,3,True,0.55,0.09578087,2.880731243665904,0.7463761335484224
6,6,True,0.55,0.08964753,2.880731243665904,0.7175558460407293
5,5,True,0.6,0.31673822,3.1156790288318073,1.7846446684069406
2,2,True,0.65,0.07718419,3.3506265339181924,0.6589911836632154
1,1,False,0.55,0.065661095,2.880731243665904,0.6048446706639332
4,4,False,0.6,0.09345265,3.1156790288318073,0.7354359124571588
6,6,True,0.55,0.36182356,2.880731243665904,1.9964986368952755
3,3,True,0.5,0.06687494,2.6457834585,0.6105484900629798
0,0,True,0.5,0.09192354,2.6457834585,0.7282507174735807
4,4,True,0.6,0.12025583,3.1156790288318073,0.8613828406607739
2,2,True,0.6,0.045496937,3.1156790288318073,0.5100942070999924
0,0,True,0.45,0.08322921,2.410835673334096,0.6873964283340825
0,0,False,0.4,0.04010394,2.175888028207952,0.48475275228457204
3,3,True,0.45,0.10138553,2.410835673334096,0.7727121507348722
1,1,True,0.7,0.116183944,3.5855743190840963,0.8422492433483043
0,0,False,0.4,0.13106824,2.175888028207952,0.9121898955382942
1,1,False,0.55,0.3164112,2.880731243665904,1.7831080121273988
4,4,False,0.6,0.37005758,3.1156790288318073,2.03518994193146
3,3,True,0.5,0.14656223,2.6457834585,0.9849954461154887
2,2,True,0.6,0.06450342,3.1156790288318073,0.5994047912013549
0,0,False,0.45,0.10703359,2.410835673334096,0.7992521358308411
6,6,False,0.4,0.07321779,2.175888028207952,0.640353222069088
1,1,False,0.8,0.11278444,4.055469889415903,0.8262751180568693
2,2,True,0.75,0.114862226,3.82052210425,0.8360385500402262
6,6,False,0.5,0.1709196,2.6457834585,1.099449591347315
0,0,False,0.5,0.5178641,2.6457834585,2.7297260910601895
6,6,True,0.6,0.24585465,3.1156790288318073,1.4515659824207492
2,2,True,0.6,0.056910016,3.1156790288318073,0.5637237458225989
5,5,False,0.6,0.23483822,3.1156790288318073,1.3998002853704772
3,3,True,0.45,0.101130895,2.410835673334096,0.7715156510308345
5,5,True,0.6,0.1508387,3.1156790288318073,1.0050903813660779
7,7,False,0.55,0.10190004,2.880731243665904,0.7751298321505361
4,4,True,0.6,0.10671749,3.1156790288318073,0.7977668041231076
7,7,False,0.55,0.19803813,2.880731243665904,1.2268783502646796
0,0,False,0.55,0.17522098,2.880731243665904,1.1196615998367356
3,3,False,0.45,0.32576302,2.410835673334096,1.8270517884181876
1,1,True,0.7,0.13636418,3.5855743190840963,0.937075240857454
2,2,True,0.65,0.177145,3.3506265339181924,1.128702496681635
1,1,True,0.55,0.077899784,2.880731243665904,0.6623537133353332
1,1,False,0.5,0.08450279,2.6457834585,0.6933809224208418
1,1,True,0.45,0.051485077,2.410835673334096,0.5382322033950762
7,7,False,0.55,0.2150613,2.880731243665904,1.3068694809347905
4,4,True,0.65,0.09505487,3.3506265339181924,0.7429646949903455
3,3,True,0.5,0.06870346,2.6457834585,0.6191405944890455
2,2,True,0.6,0.18315525,3.1156790288318073,1.1569443849731995
0,0,True,0.35,0.084746696,1.9409402430420482,0.694527042821447
2,2,True,0.65,0.14993112,3.3506265339181924,1.0008256805541733
6,6,False,0.5,0.098441586,2.6457834585,0.7588787082150719
1,1,True,0.5,0.11736196,2.6457834585,0.8477846999466511
3,3,True,0.5,0.07314098,2.6457834585,0.6399923045992576
5,5,True,0.65,0.08415147,3.3506265339181924,0.6917300987274755
2,2,True,0.55,0.20107111,2.880731243665904,1.241130196575531
7,7,True,0.6,0.13695988,3.1156790288318073,0.9398744255875754
5,5,True,0.6,0.11577925,3.1156790288318073,0.8403476084459104
3,3,False,0.5,0.13396214,2.6457834585,0.9257881762921764
3,3,True,0.6,0.38856068,3.1156790288318073,2.122135166972252
6,6,False,0.5,0.09662695,2.6457834585,0.7503518273069316
6,6,True,0.45,0.28742567,2.410835673334096,1.6469063224446852
7,7,True,0.6,0.06363142,3.1156790288318073,0.5953073328720754
0,0,False,0.5,0.15688539,2.6457834585,1.0335034682634694
3,3,True,0.6,0.09108373,3.1156790288318073,0.7243044670744785
0,0,True,0.45,0.07000228,2.410835673334096,0.6252437022519892
1,1,False,0.55,0.35474178,2.880731243665904,1.9632216890755247
5,5,True,0.65,0.0078081465,3.3506265339181924,0.3329962929342136
4,4,True,0.65,0.0771925,3.3506265339181924,0.6590302197461393
6,6,True,0.5,0.0860416,2.6457834585,0.7006117353560339
2,2,True,0.6,0.09536505,3.1156790288318073,0.7444221937959046
6,6,True,0.5,0.4191376,2.6457834585,2.2658146997256825
3,3,True,0.45,0.106814325,2.410835673334096,0.7982218283112331
3,3,False,0.65,0.082096644,3.3506265339181924,0.6820745673787114
1,1,True,0.45,0.06549111,2.410835673334096,0.6040459188864397
7,7,True,0.45,0.12904027,2.410835673334096,0.9026605400127203
3,3,True,0.5,0.12623124,2.6457834585,0.8894610224736377
4,4,True,0.55,0.14488845,2.880731243665904,0.9771303931101204
2,2,True,0.65,0.09325216,3.3506265339181924,0.7344938299859524
1,1,True,0.5,0.083538055,2.6457834585,0.68884769537035
5,5,False,0.6,0.097156085,3.1156790288318073,0.7528381982245654
4,4,True,0.6,0.26113388,3.1156790288318073,1.52336240649194
0,0,False,0.55,0.08066645,2.880731243665904,0.6753541643564747
7,7,True,0.7,0.06764142,3.5855743190840963,0.614150137624218
1,1,True,0.45,0.13385893,2.410835673334096,0.925303218605486
5,5,True,0.65,0.08038301,3.3506265339181924,0.6740222812150684
7,7,True,0.5,0.15179223,2.6457834585,1.0095709534670476
5,5,True,0.65,0.32772842,3.3506265339181924,1.836287130468969
6,6,True,0.45,0.15718208,2.410835673334096,1.0348976340878546
5,5,False,0.7,0.02587125,3.5855743190840963,0.4178739994132773
2,2,False,0.75,0.064320214,3.82052210425,0.5985439317905817
1,1,False,0.7,0.08624243,3.5855743190840963,0.701555428284473
5,5,True,0.6,0.22049104,3.1156790288318073,1.3323835347536317
3,3,False,0.55,0.07623474,2.880731243665904,0.6545297619993393
1,1,False,0.45,0.09847992,2.410835673334096,0.7590588343555585
5,5,True,0.7,0.20320928,3.5855743190840963,1.251177349111367
0,0,True,0.5,0.09420057,2.6457834585,0.7389503502582506
3,3,True,0.45,0.07577266,2.410835673334096,0.6523584455303431
5,5,True,0.7,0.084250405,3.5855743190840963,0.6921949957186364
3,3,True,0.45,0.15937655,2.410835673334096,1.045209321729136
5,5,True,0.6,0.15055384,3.1156790288318073,1.0037518113261616
3,3,True,0.5,0.08608635,2.6457834585,0.7008220050547245
5,5,True,0.65,0.083278574,3.3506265339181924,0.6876284041954751
3,3,True,0.6,0.10406199,3.1156790288318073,0.7852887364143475
6,6,True,0.55,0.16500208,2.880731243665904,1.0716434367670231
4,4,True,0.55,0.06477902,2.880731243665904,0.6006998438860476
3,3,False,0.45,0.049227048,2.410835673334096,0.5276218284520332
6,6,True,0.6,0.059040897,3.1156790288318073,0.5737366586372694
0,0,True,0.45,0.06813427,2.410835673334096,0.6164660101348215
5,5,True,0.7,0.082178764,3.5855743190840963,0.682460446935649
0,0,False,0.35,0.0832584,1.9409402430420482,0.6875335972783831
4,4,False,0.55,0.11213919,2.880731243665904,0.8232431172267991
6,6,True,0.5,0.14393105,2.6457834585,0.9726316158404329
4,4,True,0.6,0.1720262,3.1156790288318073,1.104649477672277
3,3,False,0.55,0.100321986,2.880731243665904,0.7677146218621966
3,3,True,0.5,0.078614324,2.6457834585,0.6657113066059334
0,0,True,0.45,0.077314995,2.410835673334096,0.6596058181670803
2,2,True,0.6,0.06451186,3.1156790288318073,0.5994444574631959
7,7,True,0.6,0.19491847,3.1156790288318073,1.2122191983137074
1,1,False,0.5,0.22471975,2.6457834585,1.352254056289834
5,5,True,0.55,0.25530383,2.880731243665904,1.4959672686053922
2,2,True,0.6,0.08863197,3.1156790288318073,0.7127837811806357
4,4,False,0.55,0.070695005,2.880731243665904,0.6284987864187321
5,3,True,0.45,0.04034504,2.410835673334096,0.48588567393785675
7,7,True,0.5,0.061891507,2.6457834585,0.5871315491456399
6,6,True,0.5,0.079770915,2.6457834585,0.6711460746172948
5,5,True,0.65,0.17853683,3.3506265339181924,1.1352426335236254
5,5,True,0.7,0.13202272,3.5855743190840963,0.9166749489115636
7,7,False,0.8,0.02836067,4.055469889415903,0.42957166930550594
3,3,False,0.4,0.06312593,2.175888028207952,0.5929320484935601
4,4,True,0.75,0.12561001,3.82052210425,0.8865418936896179
0,0,True,0.35,0.16891637,1.9409402430420482,1.090036538841896
3,3,True,0.55,0.08361239,2.880731243665904,0.6891969895401528
2,2,False,0.6,0.093052454,3.1156790288318073,0.7335554235584294
4,4,True,0.6,0.09483194,3.1156790288318073,0.7419171625803351
5,5,True,0.7,0.2836947,3.5855743190840963,1.6293747449694422
3,3,True,0.5,0.10490226,2.6457834585,0.7892371224197801
0,0,True,0.5,0.07775292,2.6457834585,0.6616635974011692
3,3,True,0.55,0.11247312,2.880731243665904,0.8248122627305142
0,0,True,0.45,0.12545449,2.410835673334096,0.8858110962053575
5,5,True,0.65,0.12657057,3.3506265339181924,0.8910555151737983
0,0,True,0.45,0.07466182,2.410835673334096,0.6471386735595509
2,2,False,0.75,0.39368105,3.82052210425,2.1461955380689766
6,6,True,0.5,0.08713088,2.6457834585,0.7057302235708633
4,4,True,0.6,0.040024232,3.1156790288318073,0.4843782159481431
1,1,True,0.6,0.09782183,3.1156790288318073,0.7559665113991407
3,3,True,0.55,0.061652083,2.880731243665904,0.5860065047288197
1,1,True,0.6,0.09770561,3.1156790288318073,0.7554203913475466
7,7,False,0.75,0.2497411,3.82052210425,1.4698282873603727
4,4,False,0.6,0.12204565,3.1156790288318073,0.8697931384692404
3,3,True,0.55,0.08314321,2.880731243665904,0.6869923436084271
6,6,True,0.6,0.13263841,3.1156790288318073,0.9195680303003411
4,4,True,0.65,0.12579964,3.3506265339181924,0.8874329666784746
0,0,True,0.5,0.093887955,2.6457834585,0.7374814032023631
0,0,True,0.5,0.112871364,2.6457834585,0.826683579025005
4,4,True,0.55,0.099113874,2.880731243665904,0.7620377601168283
2,2,True,0.6,0.18571392,3.1156790288318073,1.168967428493834
5,5,True,0.65,0.17344895,3.3506265339181924,1.1113349057646116
6,6,False,0.55,0.088604115,2.880731243665904,0.7126528790155667
7,7,True,0.6,0.04625864,3.1156790288318073,0.5136734132897919
0,0,False,0.45,0.111136764,2.410835673334096,0.8185327748906468
0,0,False,0.45,0.11598346,2.410835673334096,0.8413071608770979
6,6,True,0.45,0.10053146,2.410835673334096,0.7686989263208523
1,1,True,0.6,0.09703759,3.1156790288318073,0.7522814001413194
6,6,True,0.45,0.10838259,2.410835673334096,0.8055910355386203
5,5,True,0.65,0.16798578,3.3506265339181924,1.0856637273357599
0,0,False,0.4,0.07426575,2.175888028207952,0.6452775451575541
3,3,False,0.5,0.1394093,2.6457834585,0.9513841533702476
7,7,True,0.55,0.14920318,2.880731243665904,0.9974051394117376
2,2,False,0.65,0.7113549,3.3506265339181924,3.6389305877212665
7,7,True,0.4,0.20082173,2.175888028207952,1.239958343869142
1,1,True,0.55,0.07133587,2.880731243665904,0.6315101663942354
1,1,False,0.6,0.09713894,3.1156790288318073,0.7527576403529892
7,7,True,0.5,0.095400184,2.6457834585,0.7445873006721991
1,1,True,0.6,0.10358377,3.1156790288318073,0.7830415884156536
1,1,False,0.6,0.16159107,3.1156790288318073,1.0556152561284722
6,6,True,0.55,0.18231694,2.880731243665904,1.1530052065819454
3,3,True,0.5,0.030550882,2.6457834585,0.4398633750236227
1,1,True,0.6,0.07194172,3.1156790288318073,0.6343570346624214
1,1,True,0.5,0.063592345,2.6457834585,0.5951237057376044
5,5,False,0.75,0.055117525,3.82052210425,0.5553009144556689
5,5,False,0.6,0.055914253,3.1156790288318073,0.5590447023726653
1,1,True,0.5,0.08225906,2.6457834585,0.6828377490573254
7,7,False,0.6,0.15569483,3.1156790288318073,1.0279090899363688
2,2,True,0.65,0.15410201,3.3506265339181924,1.0204245249572024
0,0,True,0.5,0.0666774,2.6457834585,0.609620236518011
3,3,True,0.45,0.20870274,2.410835673334096,1.2769908779556158
6,6,True,0.45,0.08794387,2.410835673334096,0.7095504031765948
7,7,False,0.65,0.119527906,3.3506265339181924,0.8579623695382177
7,7,True,0.65,0.07342155,3.3506265339181924,0.6413107089138248
3,3,False,0.55,0.12125725,2.880731243665904,0.8660884916649874
0,0,False,0.5,0.15892275,2.6457834585,1.0430769363132442
4,4,True,0.55,0.2276479,2.880731243665904,1.3660133127471092
0,0,True,0.5,0.07977199,2.6457834585,0.671151116048632
7,7,False,0.55,0.33710244,2.880731243665904,1.8803352363804866
6,6,False,0.45,0.08761978,2.410835673334096,0.7080275408133507
1,1,False,0.5,0.44094107,2.6457834585,2.368268207798373
3,3,True,0.5,0.091377415,2.6457834585,0.7256844888831675
5,5,True,0.7,0.106787406,3.5855743190840963,0.7980953373985842
1,1,True,0.6,0.058651138,3.1156790288318073,0.5719052011592887
7,7,False,0.55,0.08990122,2.880731243665904,0.718747899482407
1,1,False,0.7,0.10359493,3.5855743190840963,0.7830940333055368
2,2,True,0.6,0.072986305,3.1156790288318073,0.6392654982481392
5,5,True,0.65,0.07844972,3.3506265339181924,0.6649378320050057
5,5,True,0.6,0.087492235,3.1156790288318073,0.7074282056531968
4,4,True,0.55,0.10066709,2.880731243665904,0.7693362472657348
2,2,False,0.4,0.08805321,2.175888028207952,0.7100642090537148
0,0,True,0.5,0.15844095,2.6457834585,1.040812983543426
0,0,True,0.4,0.059782553,2.175888028207952,0.5772216705839242
5,5,False,0.7,0.21697652,3.5855743190840963,1.3158689960307965
2,2,False,0.65,0.042714402,3.3506265339181924,0.4970192024119576
6,6,True,0.5,0.098925404,2.6457834585,0.761152148678587
6,6,True,0.45,0.11249192,2.410835673334096,0.8249005928087354
1,1,True,0.55,0.11116765,2.880731243665904,0.8186778910912916
3,3,False,0.6,0.26080194,3.1156790288318073,1.5218026436521026
6,6,True,0.5,0.09845389,2.6457834585,0.7589365096257508
7,7,True,0.55,0.12084791,2.880731243665904,0.8641650105601321
3,3,True,0.45,0.09551459,2.410835673334096,0.745124878298472
1,1,True,0.8,0.058886252,4.055469889415903,0.5730099923259104
1,1,True,0.5,0.077745676,2.6457834585,0.6616295677396429
6,6,False,0.55,0.05632657,2.880731243665904,0.5609821699484874
2,2,True,0.7,0.07680577,3.5855743190840963,0.6572129938087041
7,7,True,0.5,0.08902579,2.6457834585,0.7146343015708604
3,3,False,0.55,0.031343922,2.880731243665904,0.44358983302039734
0,0,True,0.4,0.10072486,2.175888028207952,0.7696077143392691
5,5,False,0.65,0.0023085808,3.3506265339181924,0.3071540832908098
7,7,True,0.55,0.11905259,2.880731243665904,0.8557288754160621
7,7,True,0.65,0.08740704,3.3506265339181924,0.7070278669911043
6,6,True,0.5,0.10769342,2.6457834585,0.802352651113182
2,2,True,0.65,0.1012618,3.3506265339181924,0.7721307756738571
5,5,False,0.6,0.21692127,3.1156790288318073,1.315609362316929
1,1,False,0.4,0.10983417,2.175888028207952,0.8124119520981431
7,7,True,0.55,0.10381571,2.880731243665904,0.7841314828528727
1,1,True,0.6,0.10000862,3.1156790288318073,0.766242138802385
2,2,True,0.6,0.11301992,3.1156790288318073,0.8273816422155131
1,1,True,0.5,0.03664572,2.6457834585,0.46850274866718267
6,6,False,0.45,0.07683884,2.410835673334096,0.6573684029316624
6,6,False,0.4,0.15018514,2.175888028207952,1.0020193094431442
1,1,False,0.55,0.18413353,2.880731243665904,1.161541260094324
0,0,False,0.55,0.22320217,2.880731243665904,1.3451230216831913
4,4,True,0.65,0.35702538,3.3506265339181924,1.9739522356370751
1,1,True,0.55,0.070623934,2.880731243665904,0.62816482660258
4,4,True,0.6,0.21559525,3.1156790288318073,1.3093784332636222
2,2,True,0.65,0.11391292,3.3506265339181924,0.8315777935652071
7,7,False,0.6,0.19417885,3.1156790288318073,1.2087437615855994
7,7,False,0.5,0.08858314,2.6457834585,0.7125543260349116
0,0,True,0.45,0.12820175,2.410835673334096,0.8987203813431506
5,5,False,0.7,0.1251261,3.5855743190840963,0.8842679980968847
