true_label,pred_label,human_response,correct,congruency,rt_pred_normalized,rt_human_normalized,rt_pred_seconds,rt_human_seconds
2,1,2,True,1,0.5,0.5192356109619141,0.658077503034407,0.6679999910003619
1,1,1,True,1,0.44999998807907104,0.3812440037727356,0.6329695552826582,0.599999998363473
3,2,3,True,1,0.800000011920929,0.4439556896686554,0.8310790978922871,0.6299999975354973
2,0,2,True,0,0.550000011920929,0.5037494897842407,0.6841814055442375,0.6600000042038996
3,1,3,True,1,0.5,0.33766916394233704,0.658077503034407,0.5799999977030665
2,2,2,True,0,0.8500000238418579,0.27407073974609375,0.8640454394695402,0.5520000006930108
2,2,2,True,0,0.8500000238418579,0.4781796336174011,0.8640454394695402,0.6470000042710665
2,2,2,True,0,0.8999999761581421,0.3618179261684418,0.8983194123648568,0.591000000410564
1,0,1,True,0,0.6000000238418579,0.4702085256576538,0.7113207692620573,0.6429999967585903
2,2,2,True,1,0.949999988079071,0.33766916394233704,0.9339529695901586,0.5799999977030665
0,2,0,True,0,0.699999988079071,0.2694052755832672,0.768871768122878,0.5500000017162529
0,0,3,False,1,0.550000011920929,0.29256507754325867,0.6841814055442375,0.5599999986660849
3,2,3,True,1,0.6499999761581421,0.3574608564376831,0.7395366334422223,0.5890000008539068
1,1,1,True,1,0.44999998807907104,0.523078203201294,0.6329695552826582,0.6700000089266277
0,1,0,True,1,0.44999998807907104,0.33766916394233704,0.6329695552826582,0.5799999977030665
1,1,3,False,1,0.5,0.3812440037727356,0.658077503034407,0.599999998363473
0,1,0,True,0,0.5,0.5976111888885498,0.658077503034407,0.7099999849109374
1,1,1,True,1,0.44999998807907104,0.4419138729572296,0.6329695552826582,0.6290000063056567
3,2,3,True,1,0.699999988079071,0.26002323627471924,0.768871768122878,0.5460000046421294
0,1,0,True,1,0.5,0.48412567377090454,0.658077503034407,0.6500000013936217
0,2,0,True,0,0.6499999761581421,0.29256507754325867,0.7395366334422223,0.5599999986660849
0,2,0,True,1,0.699999988079071,0.4295942783355713,0.768871768122878,0.6230000066815589
1,2,1,True,1,0.6000000238418579,0.3198170065879822,0.7113207692620573,0.5719999974815364
3,2,3,True,0,0.800000011920929,0.3812440037727356,0.8310790978922871,0.599999998363473
1,2,1,True,0,0.6499999761581421,0.4419138729572296,0.7395366334422223,0.6290000063056567
1,0,1,True,1,0.550000011920929,0.5976111888885498,0.6841814055442375,0.7099999849109374
2,0,2,True,0,0.550000011920929,0.3153149485588074,0.6841814055442375,0.5699999949628566
1,0,1,True,1,0.6000000238418579,0.5037494897842407,0.7113207692620573,0.6600000042038996
3,1,3,True,1,0.44999998807907104,0.3574608564376831,0.6329695552826582,0.5890000008539068
2,1,2,True,0,0.44999998807907104,0.3574608564376831,0.6329695552826582,0.5890000008539068
3,2,3,True,1,0.6000000238418579,0.5249951481819153,0.7113207692620573,0.6709999908340439
0,0,0,True,0,0.550000011920929,0.22179484367370605,0.6841814055442375,0.530000000488792
2,1,2,True,0,0.44999998807907104,0.7748886346817017,0.6329695552826582,0.8150000169803137
0,2,0,True,1,0.6499999761581421,0.3704880177974701,0.7395366334422223,0.5950000053605375
0,1,0,True,0,0.5,0.29026779532432556,0.658077503034407,0.559000002995557
2,1,2,True,1,0.5,0.4439556896686554,0.658077503034407,0.6299999975354973
3,2,3,True,1,0.800000011920929,0.5885275602340698,0.8310790978922871,0.7050000102948958
2,2,2,True,0,0.8500000238418579,0.19978095591068268,0.8640454394695402,0.5209999976935672
3,0,3,True,1,0.550000011920929,0.6138017773628235,0.6841814055442375,0.7189999932327383
3,2,3,True,1,0.8500000238418579,0.3940335214138031,0.8640454394695402,0.6060000044077539
3,2,3,True,0,0.949999988079071,0.40248969197273254,0.9339529695901586,0.6100000002618106
0,0,0,True,1,0.550000011920929,0.4087955057621002,0.6841814055442375,0.6129999952092078
3,2,3,True,1,0.6000000238418579,0.3812440037727356,0.7113207692620573,0.599999998363473
2,1,2,True,1,0.44999998807907104,0.5095786452293396,0.6329695552826582,0.6629999853834717
2,2,2,True,1,0.800000011920929,0.3704880177974701,0.8310790978922871,0.5950000053605375
2,2,2,True,1,1.0,0.3812440037727356,0.971,0.599999998363473
1,1,1,True,0,0.5,0.42338991165161133,0.658077503034407,0.6200000046867694
0,0,0,True,0,0.550000011920929,0.4439556896686554,0.6841814055442375,0.6299999975354973
3,1,3,True,0,0.5,0.9541865587234497,0.658077503034407,0.9369999853767045
1,2,1,True,1,0.6499999761581421,0.42338991165161133,0.7395366334422223,0.6200000046867694
1,3,1,True,0,0.3499999940395355,0.7184698581695557,0.5855909908654705,0.7799999861212166
0,1,0,True,0,0.5,0.4337139427661896,0.658077503034407,0.6250000060421259
2,2,2,True,0,0.800000011920929,0.3661602735519409,0.8310790978922871,0.592999998817374
3,1,3,True,1,0.4000000059604645,0.38338443636894226,0.6088195772640365,0.6009999943513901
1,0,1,True,1,0.6000000238418579,0.2694052755832672,0.7113207692620573,0.5500000017162529
2,1,2,True,0,0.4000000059604645,0.3596412241458893,0.6088195772640365,0.5899999944934109
0,2,0,True,1,0.8999999761581421,0.40038084983825684,0.8983194123648568,0.6089999968669422
1,1,1,True,1,0.5,0.4702085256576538,0.658077503034407,0.6429999967585903
1,2,1,True,1,1.0,0.48412567377090454,0.971,0.6500000013936217
2,0,2,True,1,0.550000011920929,0.3618179261684418,0.6841814055442375,0.591000000410564
2,2,2,True,1,0.8999999761581421,0.3661602735519409,0.8983194123648568,0.592999998817374
2,2,2,True,0,0.75,0.42338991165161133,0.7993705370142242,0.6200000046867694
3,0,3,True,1,0.550000011920929,0.6508050560951233,0.6841814055442375,0.7399999934074837
1,1,1,True,1,0.5,0.46620437502861023,0.658077503034407,0.6410000019167172
1,2,1,True,1,1.0,0.29256507754325867,0.971,0.5599999986660849
3,1,0,False,0,0.5,0.31756794452667236,0.658077503034407,0.5709999943657259
1,0,1,True,0,0.550000011920929,0.37264642119407654,0.6841814055442375,0.5960000009269539
0,2,2,False,1,0.8500000238418579,0.3748012185096741,0.8640454394695402,0.5970000022301625
1,2,1,True,0,0.6499999761581421,0.4378204345703125,0.7395366334422223,0.6270000001630176
1,1,1,True,0,0.44999998807907104,0.3107970952987671,0.6329695552826582,0.5680000053827252
2,2,2,True,0,0.75,0.306263267993927,0.7993705370142242,0.565999999023059
2,2,2,True,1,0.8500000238418579,0.5421205163002014,0.8640454394695402,0.6799999933743011
1,2,1,True,1,0.699999988079071,0.9459295868873596,0.768871768122878,0.931000002983605
2,2,2,True,1,0.6000000238418579,0.45411649346351624,0.7113207692620573,0.6349999989235079
3,2,3,True,1,0.6000000238418579,0.48412567377090454,0.7113207692620573,0.6500000013936217
2,1,2,True,0,0.44999998807907104,0.4920111894607544,0.6329695552826582,0.6540000026505938
3,0,2,False,1,0.6000000238418579,0.3310036361217499,0.7113207692620573,0.5770000013431426
1,1,1,True,0,0.44999998807907104,0.4398687779903412,0.6329695552826582,0.6280000006288825
3,2,3,True,1,0.6499999761581421,0.3790999948978424,0.7395366334422223,0.5989999996127661
2,2,2,True,0,0.6000000238418579,0.858827531337738,0.7113207692620573,0.8700000129916116
0,2,0,True,0,1.0,0.4439556896686554,0.971,0.6299999975354973
1,0,1,True,0,0.550000011920929,0.5515369176864624,0.6841814055442375,0.6849999871350084
3,1,3,True,1,0.4000000059604645,0.3354511559009552,0.6088195772640365,0.5789999971512589
3,1,3,True,0,0.4000000059604645,0.2242177128791809,0.6088195772640365,0.5309999982366974
2,1,2,True,0,0.4000000059604645,0.4998486042022705,0.6088195772640365,0.6579999945792723
0,2,0,True,1,0.699999988079071,0.5976111888885498,0.768871768122878,0.7099999849109374
0,2,0,True,0,0.75,0.2647227942943573,0.7993705370142242,0.5479999938412414
3,1,3,True,1,0.5,0.5269092917442322,0.658077503034407,0.672000000582687
0,2,0,True,1,0.6499999761581421,0.49004432559013367,0.7395366334422223,0.6529999943573211
3,1,3,True,1,0.44999998807907104,0.5421205163002014,0.6329695552826582,0.6799999933743011
3,3,3,True,0,0.30000001192092896,0.25294145941734314,0.5632486689650297,0.542999993858368
0,1,0,True,0,0.44999998807907104,0.3574608564376831,0.6329695552826582,0.5890000008539068
0,1,0,True,0,0.5,0.4641976058483124,0.658077503034407,0.6400000013129329
3,1,3,True,0,0.44999998807907104,0.5383345484733582,0.6329695552826582,0.677999992582976
3,1,3,True,0,0.44999998807907104,0.19731153547763824,0.6329695552826582,0.5199999990084729
1,2,1,True,0,0.6499999761581421,0.6850826740264893,0.7395366334422223,0.7599999911836276
2,2,2,True,1,1.0,0.33766916394233704,0.971,0.5799999977030665
3,2,3,True,1,0.699999988079071,0.36832594871520996,0.768871768122878,0.5939999935821837
3,2,0,False,1,0.800000011920929,0.2694052755832672,0.8310790978922871,0.5500000017162529
3,2,3,True,0,0.8500000238418579,0.25057220458984375,0.8640454394695402,0.5420000049430272
1,0,1,True,1,0.550000011920929,0.4641976058483124,0.6841814055442375,0.6400000013129329
0,2,1,False,1,0.800000011920929,0.18489274382591248,0.8310790978922871,0.5149999978148059
3,1,3,True,1,0.4000000059604645,0.33766916394233704,0.6088195772640365,0.5799999977030665
3,2,3,True,0,1.0,0.24819853901863098,0.971,0.5410000011131741
1,0,1,True,1,0.6000000238418579,0.3812440037727356,0.7113207692620573,0.599999998363473
2,0,2,True,0,0.550000011920929,0.40248969197273254,0.6841814055442375,0.6100000002618106
3,1,3,True,0,0.4000000059604645,0.28796637058258057,0.6088195772640365,0.5579999946350287
3,2,3,True,0,0.699999988079071,0.19731153547763824,0.768871768122878,0.5199999990084729
1,0,1,True,0,0.6000000238418579,0.14689980447292328,0.7113207692620573,0.5000000028082926
1,2,1,True,0,0.75,0.29485827684402466,0.7993705370142242,0.561000001187531
2,1,2,True,0,0.5,0.4398687779903412,0.658077503034407,0.6280000006288825
0,1,0,True,0,0.44999998807907104,0.2193673849105835,0.6329695552826582,0.5289999970624468
1,1,1,True,1,0.4000000059604645,0.48412567377090454,0.6088195772640365,0.6500000013936217
3,3,3,True,1,0.30000001192092896,0.5402289628982544,0.5632486689650297,0.6790000122923703
0,1,0,True,0,0.5,0.3354511559009552,0.658077503034407,0.5789999971512589
3,0,3,True,1,0.550000011920929,0.5134501457214355,0.6841814055442375,0.6649999893374305
0,2,0,True,0,0.699999988079071,0.19978095591068268,0.768871768122878,0.5209999976935672
0,2,0,True,1,0.8500000238418579,0.5421205163002014,0.8640454394695402,0.6799999933743011
2,2,2,True,1,0.8999999761581421,0.48412567377090454,0.8983194123648568,0.6500000013936217
3,1,3,True,0,0.5,0.30171340703964233,0.658077503034407,0.5639999994126826
3,1,3,True,0,0.44999998807907104,0.308532178401947,0.6329695552826582,0.5670000011910246
1,0,1,True,0,0.6000000238418579,0.38338443636894226,0.7113207692620573,0.6009999943513901
0,1,0,True,0,0.44999998807907104,0.22179484367370605,0.6329695552826582,0.530000000488792
3,1,3,True,0,0.5,0.19483736157417297,0.658077503034407,0.5190000003162492
2,0,2,True,0,0.6000000238418579,0.3596412241458893,0.7113207692620573,0.5899999944934109
3,1,3,True,1,0.5,0.6403409838676453,0.658077503034407,0.7340000160240354
2,2,2,True,0,1.0,0.8152526617050171,0.971,0.8409999920220813
3,2,3,True,1,1.0,0.4171554446220398,0.971,0.6169999996816915
3,1,0,False,1,0.4000000059604645,0.32430335879325867,0.6088195772640365,0.5740000036699657
1,1,1,True,1,0.5,0.1596893072128296,0.658077503034407,0.5050000020323402
0,1,0,True,1,0.44999998807907104,0.5037494897842407,0.6329695552826582,0.6600000042038996
1,2,1,True,1,0.6499999761581421,0.4337139427661896,0.7395366334422223,0.6250000060421259
2,2,2,True,1,0.6499999761581421,0.523078203201294,0.7395366334422223,0.6700000089266277
1,2,1,True,1,1.0,0.3596412241458893,0.971,0.5899999944934109
3,1,3,True,0,0.4000000059604645,0.32430335879325867,0.6088195772640365,0.5740000036699657
2,1,2,True,1,0.5,0.46017464995384216,0.658077503034407,0.6380000032773165
0,1,0,True,1,0.4000000059604645,0.4108906090259552,0.6088195772640365,0.6140000037210799
0,1,0,True,0,0.44999998807907104,0.328774094581604,0.6329695552826582,0.5760000046448289
3,0,3,True,1,0.6000000238418579,0.5976111888885498,0.7113207692620573,0.7099999849109374
2,2,2,True,0,0.75,0.5037494897842407,0.7993705370142242,0.6600000042038996
0,2,0,True,0,0.800000011920929,0.3574608564376831,0.8310790978922871,0.5890000008539068
0,3,0,True,1,0.3499999940395355,0.40038084983825684,0.5855909908654705,0.6089999968669422
0,2,0,True,1,0.6499999761581421,0.5421205163002014,0.7395366334422223,0.6799999933743011
3,3,3,True,1,0.3499999940395355,0.3310036361217499,0.5855909908654705,0.5770000013431426
0,2,0,True,0,0.8500000238418579,0.3130580186843872,0.8640454394695402,0.5690000053822707
0,2,0,True,1,0.6000000238418579,0.5095786452293396,0.7113207692620573,0.6629999853834717
2,1,2,True,0,0.5,0.46620437502861023,0.658077503034407,0.6410000019167172
3,2,3,True,0,0.949999988079071,0.40038084983825684,0.9339529695901586,0.6089999968669422
3,2,2,False,1,0.6000000238418579,0.3790999948978424,0.7113207692620573,0.5989999996127661
2,0,2,True,1,0.550000011920929,0.3596412241458893,0.6841814055442375,0.5899999944934109
3,2,3,True,0,0.949999988079071,0.3704880177974701,0.9339529695901586,0.5950000053605375
2,0,2,True,0,0.6000000238418579,0.40038084983825684,0.7113207692620573,0.6089999968669422
3,1,3,True,1,0.5,0.4439556896686554,0.658077503034407,0.6299999975354973
0,0,0,True,0,0.550000011920929,0.3661602735519409,0.6841814055442375,0.592999998817374
1,2,1,True,0,1.0,0.48412567377090454,0.971,0.6500000013936217
0,2,0,True,1,0.75,0.3618179261684418,0.7993705370142242,0.591000000410564
1,2,1,True,0,0.75,0.2694052755832672,0.7993705370142242,0.5500000017162529
2,0,2,True,1,0.6000000238418579,0.4087955057621002,0.7113207692620573,0.6129999952092078
0,2,0,True,0,0.8999999761581421,0.42338991165161133,0.8983194123648568,0.6200000046867694
0,2,0,True,0,0.6499999761581421,0.5496591925621033,0.7395366334422223,0.6840000120373209
3,2,3,True,1,0.8999999761581421,0.5921686887741089,0.8983194123648568,0.7069999836614034
0,2,0,True,0,0.6499999761581421,0.3704880177974701,0.7395366334422223,0.5950000053605375
3,2,3,True,0,0.6000000238418579,0.4087955057621002,0.7113207692620573,0.6129999952092078
0,1,0,True,0,0.5,0.25294145941734314,0.658077503034407,0.542999993858368
1,1,1,True,1,0.5,0.3812440037727356,0.658077503034407,0.599999998363473
2,1,2,True,1,0.5,0.5939854383468628,0.658077503034407,0.7079999956924453
0,0,0,True,0,0.550000011920929,0.3220621347427368,0.6841814055442375,0.5729999981902032
3,1,2,False,1,0.5,0.29256507754325867,0.658077503034407,0.5599999986660849
1,2,1,True,1,0.8999999761581421,0.3220621347427368,0.8983194123648568,0.5729999981902032
3,2,3,True,0,0.8999999761581421,0.4500617980957031,0.8983194123648568,0.632999994670712
3,0,1,False,1,0.6000000238418579,0.3876546621322632,0.7113207692620573,0.6029999976780734
3,2,3,True,0,0.75,0.3790999948978424,0.7993705370142242,0.5989999996127661
3,2,3,True,1,1.0,0.40248969197273254,0.971,0.6100000002618106
0,0,0,True,1,0.550000011920929,0.328774094581604,0.6841814055442375,0.5760000046448289
2,0,2,True,1,0.6000000238418579,0.27639713883399963,0.7113207692620573,0.553000001098508
1,2,1,True,0,0.6000000238418579,0.24582049250602722,0.7113207692620573,0.5400000017738655
0,2,0,True,0,0.8500000238418579,0.28335118293762207,0.8640454394695402,0.5560000043586534
1,0,1,True,0,0.6000000238418579,0.26706618070602417,0.7113207692620573,0.5490000035364818
2,3,2,True,1,0.30000001192092896,0.5903494358062744,0.5632486689650297,0.7060000090442848
2,1,2,True,1,0.44999998807907104,0.27639713883399963,0.6329695552826582,0.553000001098508
2,2,2,True,1,1.0,0.22663603723049164,0.971,0.5320000016500914
0,0,0,True,0,0.6000000238418579,0.2810373306274414,0.7113207692620573,0.5549999965892977
0,0,0,True,0,0.550000011920929,0.6850826740264893,0.6841814055442375,0.7599999911836276
1,3,1,True,1,0.3499999940395355,0.4920111894607544,0.5855909908654705,0.6540000026505938
0,0,0,True,1,0.550000011920929,0.40248969197273254,0.6841814055442375,0.6100000002618106
1,2,1,True,0,0.75,0.49789372086524963,0.7993705370142242,0.6569999938720841
1,2,1,True,1,0.699999988079071,0.26706618070602417,0.768871768122878,0.5490000035364818
3,0,3,True,1,0.550000011920929,0.523078203201294,0.6841814055442375,0.6700000089266277
3,1,3,True,1,0.44999998807907104,0.3769524097442627,0.6329695552826582,0.5980000036639656
2,1,2,True,0,0.4000000059604645,0.4682080149650574,0.6088195772640365,0.642000002023176
2,0,2,True,1,0.550000011920929,0.40248969197273254,0.6841814055442375,0.6100000002618106
2,1,2,True,1,0.5,0.40248969197273254,0.658077503034407,0.6100000002618106
3,1,3,True,0,0.5,0.21205741167068481,0.658077503034407,0.5259999997071105
2,2,2,True,1,1.0,0.4171554446220398,0.971,0.6169999996816915
3,0,3,True,0,0.550000011920929,0.3443003296852112,0.6841814055442375,0.5830000058412748
2,1,2,True,1,0.5,0.2694052755832672,0.658077503034407,0.5500000017162529
0,1,0,True,0,0.44999998807907104,0.29256507754325867,0.6329695552826582,0.5599999986660849
0,1,0,True,0,0.5,0.40248969197273254,0.658077503034407,0.6100000002618106
3,2,3,True,1,0.8500000238418579,0.5037494897842407,0.8640454394695402,0.6600000042038996
0,2,0,True,1,0.6000000238418579,0.33322933316230774,0.7113207692620573,0.5780000053118328
3,1,3,True,1,0.44999998807907104,0.3596412241458893,0.6329695552826582,0.5899999944934109
3,0,3,True,0,0.550000011920929,0.0,0.6841814055442375,0.446
1,2,1,True,0,0.6499999761581421,0.3220621347427368,0.7395366334422223,0.5729999981902032
2,2,2,True,0,0.6499999761581421,0.4439556896686554,0.7395366334422223,0.6299999975354973
3,0,3,True,1,0.6000000238418579,0.28796637058258057,0.7113207692620573,0.5579999946350287
0,2,0,True,0,0.8500000238418579,0.1748705953359604,0.8640454394695402,0.5109999996742717
0,2,0,True,1,1.0,0.306263267993927,0.971,0.565999999023059
3,2,3,True,1,0.75,0.5976111888885498,0.7993705370142242,0.7099999849109374
1,2,1,True,0,0.6499999761581421,0.3508974313735962,0.7395366334422223,0.5860000008743051
2,2,2,True,0,0.6499999761581421,0.306263267993927,0.7395366334422223,0.565999999023059
2,1,2,True,0,0.5,0.3812440037727356,0.658077503034407,0.599999998363473
1,1,1,True,0,0.4000000059604645,0.2193673849105835,0.6088195772640365,0.5289999970624468
2,2,2,True,0,0.6499999761581421,0.6138017773628235,0.7395366334422223,0.7189999932327383
3,2,3,True,0,0.6499999761581421,0.33322933316230774,0.7395366334422223,0.5780000053118328
1,1,1,True,0,0.44999998807907104,0.7380936741828918,0.6329695552826582,0.7919999892543018
1,2,1,True,1,0.949999988079071,0.4641976058483124,0.9339529695901586,0.6400000013129329
1,2,1,True,1,1.0,0.3812440037727356,0.971,0.599999998363473
3,2,3,True,0,0.6499999761581421,0.3130580186843872,0.7395366334422223,0.5690000053822707
3,2,3,True,0,0.949999988079071,0.24582049250602722,0.9339529695901586,0.5400000017738655
3,0,3,True,1,0.550000011920929,0.7574223875999451,0.6841814055442375,0.8039999946823273
1,0,1,True,1,0.6000000238418579,0.5364373922348022,0.7113207692620573,0.6770000015404591
1,0,1,True,1,0.550000011920929,0.3940335214138031,0.6841814055442375,0.6060000044077539
1,1,1,True,0,0.44999998807907104,0.12093255668878555,0.6329695552826582,0.489999999500772
3,1,3,True,0,0.5,0.3769524097442627,0.658077503034407,0.5980000036639656
3,2,3,True,0,0.6499999761581421,0.5848760008811951,0.7395366334422223,0.7029999894420969
3,2,3,True,1,0.699999988079071,0.48807448148727417,0.768871768122878,0.6520000033843422
2,2,2,True,1,0.800000011920929,0.3639909327030182,0.8310790978922871,0.5919999991910871
1,1,1,True,0,0.5,0.3354511559009552,0.658077503034407,0.5789999971512589
2,1,2,True,0,0.5,0.3769524097442627,0.658077503034407,0.5980000036639656
0,0,0,True,0,0.550000011920929,0.35527676343917847,0.6841814055442375,0.5879999979029831
0,2,0,True,1,0.8500000238418579,0.4581584334373474,0.8640454394695402,0.6370000008314272
1,2,1,True,1,0.699999988079071,0.5037494897842407,0.768871768122878,0.6600000042038996
2,1,2,True,0,0.5,0.2647227942943573,0.658077503034407,0.5479999938412414
3,2,3,True,1,0.6499999761581421,0.5793792009353638,0.7395366334422223,0.6999999930529267
0,2,0,True,1,1.0,0.3812440037727356,0.971,0.599999998363473
0,1,0,True,0,0.44999998807907104,0.3107970952987671,0.6329695552826582,0.5680000053827252
3,0,3,True,1,0.550000011920929,0.4439556896686554,0.6841814055442375,0.6299999975354973
0,0,0,True,1,0.6000000238418579,0.4459942877292633,0.7113207692620573,0.6309999984516933
2,2,2,True,1,1.0,0.27871933579444885,0.971,0.5540000019118512
0,0,0,True,0,0.6000000238418579,0.2576669752597809,0.7113207692620573,0.5450000004380767
0,2,0,True,0,0.800000011920929,0.2717401087284088,0.8310790978922871,0.5509999944515519
2,2,2,True,0,0.699999988079071,0.3310036361217499,0.768871768122878,0.5770000013431426
3,0,3,True,1,0.550000011920929,0.7168209552764893,0.6841814055442375,0.7789999977994572
3,2,3,True,0,0.8500000238418579,0.29256507754325867,0.8640454394695402,0.5599999986660849
3,0,1,False,0,0.550000011920929,0.38978445529937744,0.6841814055442375,0.6039999939804539
2,2,2,True,0,0.800000011920929,0.22904980182647705,0.8310790978922871,0.5329999974819276
1,2,1,True,1,0.6499999761581421,0.633317232131958,0.7395366334422223,0.7299999888020932
1,2,1,True,1,1.0,0.49004432559013367,0.971,0.6529999943573211
1,2,1,True,1,0.75,0.3153149485588074,0.7993705370142242,0.5699999949628566
1,2,1,True,1,0.699999988079071,0.48610159754753113,0.768871768122878,0.651000004150087
3,2,3,True,1,0.699999988079071,0.42131510376930237,0.768871768122878,0.6189999980109001
2,0,2,True,1,0.550000011920929,0.5421205163002014,0.6841814055442375,0.6799999933743011
2,2,2,True,0,0.699999988079071,0.4939750134944916,0.768871768122878,0.6549999932755893
2,2,2,True,1,0.6000000238418579,0.6173721551895142,0.7113207692620573,0.7209999940943931
2,2,2,True,0,0.6000000238418579,0.523078203201294,0.7113207692620573,0.6700000089266277
3,2,3,True,0,0.6000000238418579,0.48412567377090454,0.7113207692620573,0.6500000013936217
2,0,2,True,0,0.550000011920929,0.6438384652137756,0.6841814055442375,0.7359999988901547
3,2,0,False,0,0.800000011920929,0.4459942877292633,0.8310790978922871,0.6309999984516933
2,1,2,True,0,0.5,0.3310036361217499,0.658077503034407,0.5770000013431426
0,1,0,True,1,0.44999998807907104,0.4129822850227356,0.6329695552826582,0.6150000037195905
0,2,0,True,1,0.6000000238418579,0.48412567377090454,0.7113207692620573,0.6500000013936217
2,2,2,True,1,0.699999988079071,0.6629064679145813,0.768871768122878,0.7469999861876896
1,2,1,True,0,0.699999988079071,0.2242177128791809,0.768871768122878,0.5309999982366974
2,2,2,True,0,0.699999988079071,0.29256507754325867,0.768871768122878,0.5599999986660849
2,1,2,True,0,0.44999998807907104,0.24819853901863098,0.6329695552826582,0.5410000011131741
3,2,2,False,0,0.699999988079071,0.3812440037727356,0.768871768122878,0.599999998363473
0,2,0,True,0,0.949999988079071,0.42338991165161133,0.9339529695901586,0.6200000046867694
1,1,2,False,1,0.5,0.4439556896686554,0.658077503034407,0.6299999975354973
3,1,3,True,1,0.44999998807907104,0.24582049250602722,0.6329695552826582,0.5400000017738655
3,0,3,True,1,0.6000000238418579,0.6048322319984436,0.7113207692620573,0.7140000087524918
1,2,1,True,1,0.800000011920929,0.5793792009353638,0.8310790978922871,0.6999999930529267
1,2,1,True,0,0.8999999761581421,0.4761914908885956,0.8983194123648568,0.6460000047372518
0,2,0,True,1,0.75,0.29026779532432556,0.7993705370142242,0.559000002995557
0,3,0,True,0,0.3499999940395355,0.2694052755832672,0.5855909908654705,0.5500000017162529
1,2,1,True,1,0.800000011920929,0.37264642119407654,0.8310790978922871,0.5960000009269539
3,2,3,True,1,0.75,0.4581584334373474,0.7993705370142242,0.6370000008314272
0,2,0,True,0,1.0,0.2717401087284088,0.971,0.5509999944515519
3,2,3,True,0,0.8999999761581421,0.5994202494621277,0.8983194123648568,0.7109999869912261
1,1,1,True,0,0.44999998807907104,0.25294145941734314,0.6329695552826582,0.542999993858368
1,1,1,True,0,0.5,0.5421205163002014,0.658077503034407,0.6799999933743011
1,1,1,True,0,0.5,0.6951902508735657,0.658077503034407,0.7660000173863697
1,0,1,True,1,0.6000000238418579,0.4761914908885956,0.7113207692620573,0.6460000047372518
1,2,3,False,1,0.8500000238418579,0.19731153547763824,0.8640454394695402,0.5199999990084729
3,2,3,True,1,0.6499999761581421,0.3812440037727356,0.7395366334422223,0.599999998363473
1,0,1,True,0,0.550000011920929,0.22179484367370605,0.6841814055442375,0.530000000488792
0,1,0,True,0,0.44999998807907104,0.40038084983825684,0.6329695552826582,0.6089999968669422
1,2,1,True,1,0.699999988079071,0.32654064893722534,0.768871768122878,0.5749999945167829
1,2,1,True,0,0.8500000238418579,0.48412567377090454,0.8640454394695402,0.6500000013936217
2,2,2,True,0,0.6000000238418579,0.4087955057621002,0.7113207692620573,0.6129999952092078
1,0,1,True,0,0.550000011920929,0.26002323627471924,0.6841814055442375,0.5460000046421294
1,1,1,True,1,0.5,0.2694052755832672,0.658077503034407,0.5500000017162529
2,1,2,True,0,0.5,0.4087955057621002,0.658077503034407,0.6129999952092078
2,2,2,True,1,0.8999999761581421,0.37264642119407654,0.8983194123648568,0.5960000009269539
3,2,3,True,1,0.6000000238418579,0.33988335728645325,0.7113207692620573,0.5810000010414563
0,2,0,True,0,0.6499999761581421,0.21205741167068481,0.7395366334422223,0.5259999997071105
1,0,3,False,1,0.550000011920929,0.4254613518714905,0.6841814055442375,0.6209999998295582
1,0,1,True,0,0.6000000238418579,0.4129822850227356,0.7113207692620573,0.6150000037195905
2,2,2,True,1,0.6000000238418579,0.40248969197273254,0.7113207692620573,0.6100000002618106
1,2,1,True,0,0.6000000238418579,0.3153149485588074,0.7113207692620573,0.5699999949628566
0,2,0,True,0,0.6499999761581421,0.19235841929912567,0.7395366334422223,0.5180000030009603
2,1,2,True,0,0.5,0.48412567377090454,0.658077503034407,0.6500000013936217
3,0,3,True,0,0.550000011920929,0.4439556896686554,0.6841814055442375,0.6299999975354973
1,1,1,True,1,0.4000000059604645,0.48412567377090454,0.6088195772640365,0.6500000013936217
1,1,0,False,1,0.44999998807907104,0.21205741167068481,0.6329695552826582,0.5259999997071105
1,0,1,True,1,0.6000000238418579,0.39826855063438416,0.7113207692620573,0.6079999975326807
3,2,3,True,1,0.6000000238418579,0.3354511559009552,0.7113207692620573,0.5789999971512589
2,2,2,True,0,0.6000000238418579,0.33322933316230774,0.7113207692620573,0.5780000053118328
3,2,3,True,0,0.699999988079071,0.48412567377090454,0.768871768122878,0.6500000013936217
1,1,1,True,0,0.44999998807907104,0.328774094581604,0.6329695552826582,0.5760000046448289
0,3,0,True,1,0.30000001192092896,0.38338443636894226,0.5632486689650297,0.6009999943513901
1,2,1,True,0,1.0,0.3153149485588074,0.971,0.5699999949628566
2,1,2,True,1,0.44999998807907104,0.5037494897842407,0.6329695552826582,0.6600000042038996
0,1,0,True,0,0.5,0.3790999948978424,0.658077503034407,0.5989999996127661
0,0,0,True,0,0.6000000238418579,0.4171554446220398,0.7113207692620573,0.6169999996816915
3,2,3,True,1,0.699999988079071,0.14689980447292328,0.768871768122878,0.5000000028082926
2,1,2,True,0,0.5,0.33766916394233704,0.658077503034407,0.5799999977030665
3,0,3,True,0,0.550000011920929,0.33766916394233704,0.6841814055442375,0.5799999977030665
3,2,3,True,0,0.75,0.3443003296852112,0.7993705370142242,0.5830000058412748
1,1,1,True,0,0.44999998807907104,0.3855213224887848,0.6329695552826582,0.6019999959607932
3,2,3,True,1,0.6000000238418579,0.4398687779903412,0.7113207692620573,0.6280000006288825
0,3,0,True,1,0.3499999940395355,0.4337139427661896,0.5855909908654705,0.6250000060421259
2,2,2,True,1,0.8500000238418579,0.5867030620574951,0.8640454394695402,0.7039999915253303
3,2,3,True,0,0.699999988079071,0.3596412241458893,0.768871768122878,0.5899999944934109
3,1,3,True,0,0.5,0.48807448148727417,0.658077503034407,0.6520000033843422
2,2,2,True,1,0.6499999761581421,0.4439556896686554,0.7395366334422223,0.6299999975354973
2,1,2,True,1,0.4000000059604645,0.4641976058483124,0.6088195772640365,0.6400000013129329
1,2,1,True,1,0.75,0.4459942877292633,0.7993705370142242,0.6309999984516933
2,3,2,True,0,0.3499999940395355,0.42338991165161133,0.5855909908654705,0.6200000046867694
3,3,3,True,0,0.3499999940395355,0.16476967930793762,0.5855909908654705,0.5069999986737193
0,0,0,True,1,0.550000011920929,0.29485827684402466,0.6841814055442375,0.561000001187531
1,0,1,True,1,0.6000000238418579,0.5885275602340698,0.7113207692620573,0.7050000102948958
1,0,1,True,1,0.6000000238418579,0.5037494897842407,0.7113207692620573,0.6600000042038996
2,0,2,True,1,0.6000000238418579,0.3508974313735962,0.7113207692620573,0.5860000008743051
0,2,0,True,0,0.699999988079071,0.2717401087284088,0.768871768122878,0.5509999944515519
2,2,2,True,0,0.699999988079071,0.28796637058258057,0.768871768122878,0.5579999946350287
0,2,0,True,1,0.6000000238418579,0.46017464995384216,0.7113207692620573,0.6380000032773165
2,2,2,True,1,0.699999988079071,0.40248969197273254,0.768871768122878,0.6100000002618106
1,1,1,True,0,0.5,0.29256507754325867,0.658077503034407,0.5599999986660849
1,1,1,True,0,0.44999998807907104,0.2994324266910553,0.6329695552826582,0.5630000013857446
1,1,1,True,0,0.5,0.6850826740264893,0.658077503034407,0.7599999911836276
1,2,1,True,1,0.75,0.5173100233078003,0.7993705370142242,0.6669999949844069
0,0,0,True,0,0.550000011920929,0.3618179261684418,0.6841814055442375,0.591000000410564
2,0,2,True,0,0.550000011920929,0.3748012185096741,0.6841814055442375,0.5970000022301625
0,1,0,True,1,0.44999998807907104,0.3812440037727356,0.6329695552826582,0.599999998363473
1,1,1,True,0,0.5,0.3812440037727356,0.658077503034407,0.599999998363473
3,3,3,True,0,0.3499999940395355,0.38338443636894226,0.5855909908654705,0.6009999943513901
3,2,3,True,1,0.800000011920929,0.4500617980957031,0.8310790978922871,0.632999994670712
2,1,2,True,1,0.44999998807907104,0.6138017773628235,0.6329695552826582,0.7189999932327383
0,2,0,True,0,0.8999999761581421,0.3465031087398529,0.8983194123648568,0.5839999954464355
2,0,2,True,0,0.550000011920929,0.5037494897842407,0.6841814055442375,0.6600000042038996
2,1,2,True,1,0.5,0.6315553188323975,0.658077503034407,0.7290000036479916
0,0,3,False,1,0.550000011920929,0.4621877074241638,0.6841814055442375,0.6390000050779484
3,3,3,True,0,0.3499999940395355,0.40248969197273254,0.5855909908654705,0.6100000002618106
3,1,3,True,1,0.44999998807907104,0.5153815746307373,0.6329695552826582,0.6660000135132109
3,2,3,True,0,1.0,0.3618179261684418,0.971,0.591000000410564
2,2,2,True,0,0.6499999761581421,0.2694052755832672,0.7395366334422223,0.5500000017162529
2,1,2,True,0,0.4000000059604645,0.3790999948978424,0.6088195772640365,0.5989999996127661
3,2,3,True,1,0.8500000238418579,0.3769524097442627,0.8640454394695402,0.5980000036639656
3,1,3,True,1,0.5,0.6155881881713867,0.658077503034407,0.7199999836812788
2,3,2,True,0,0.30000001192092896,0.40669700503349304,0.5632486689650297,0.6119999977165095
0,1,0,True,0,0.5,0.328774094581604,0.658077503034407,0.5760000046448289
1,1,1,True,1,0.44999998807907104,0.48412567377090454,0.6329695552826582,0.6500000013936217
2,2,2,True,1,0.6000000238418579,0.33766916394233704,0.7113207692620573,0.5799999977030665
3,2,3,True,1,0.75,0.5994202494621277,0.7993705370142242,0.7109999869912261
1,1,1,True,1,0.44999998807907104,0.46620437502861023,0.6329695552826582,0.6410000019167172
2,1,2,True,0,0.5,0.5056954622268677,0.658077503034407,0.6609999885813245
0,2,0,True,1,0.800000011920929,0.32430335879325867,0.8310790978922871,0.5740000036699657
0,2,0,True,1,0.699999988079071,0.4275294840335846,0.768871768122878,0.6220000070202574
2,2,2,True,0,0.6499999761581421,0.4742002487182617,0.7395366334422223,0.6449999954493963
2,2,2,True,0,0.6499999761581421,0.3153149485588074,0.7395366334422223,0.5699999949628566
0,1,0,True,0,0.5,0.29256507754325867,0.658077503034407,0.5599999986660849
2,2,2,True,0,0.6000000238418579,0.26002323627471924,0.7113207692620573,0.5460000046421294
2,2,2,True,0,1.0,0.4621877074241638,0.971,0.6390000050779484
0,2,0,True,1,0.8999999761581421,0.4641976058483124,0.8983194123648568,0.6400000013129329
0,0,0,True,0,0.6000000238418579,0.40248969197273254,0.7113207692620573,0.6100000002618106
0,2,0,True,0,0.8500000238418579,0.3812440037727356,0.8640454394695402,0.599999998363473
0,1,0,True,0,0.5,0.30399036407470703,0.658077503034407,0.565000005083747
0,1,0,True,0,0.44999998807907104,0.2193673849105835,0.6329695552826582,0.5289999970624468
1,1,1,True,0,0.5,0.33766916394233704,0.658077503034407,0.5799999977030665
0,2,0,True,1,0.699999988079071,0.33988335728645325,0.768871768122878,0.5810000010414563
3,2,3,True,0,0.6499999761581421,0.3153149485588074,0.7395366334422223,0.5699999949628566
2,2,2,True,0,1.0,0.22663603723049164,0.971,0.5320000016500914
2,1,2,True,1,0.5,0.4398687779903412,0.658077503034407,0.6280000006288825
1,1,0,False,1,0.44999998807907104,0.4045950770378113,0.6329695552826582,0.6110000023402741
2,2,2,True,1,0.8500000238418579,0.6120128631591797,0.8640454394695402,0.7179999932252222
1,2,1,True,0,0.6499999761581421,0.4295942783355713,0.7395366334422223,0.6230000066815589
3,1,3,True,0,0.44999998807907104,0.3354511559009552,0.6329695552826582,0.5789999971512589
3,1,3,True,0,0.4000000059604645,0.3596412241458893,0.6088195772640365,0.5899999944934109
1,0,1,True,0,0.550000011920929,0.2994324266910553,0.6841814055442375,0.5630000013857446
2,0,2,True,1,0.550000011920929,0.42338991165161133,0.6841814055442375,0.6200000046867694
3,1,3,True,1,0.44999998807907104,0.2242177128791809,0.6329695552826582,0.5309999982366974
3,2,3,True,1,0.75,0.5757015943527222,0.7993705370142242,0.6980000117218337
0,2,0,True,1,1.0,0.3855213224887848,0.971,0.6019999959607932
0,2,0,True,1,0.6000000238418579,0.7461826801300049,0.7113207692620573,0.7970000054852941
3,1,3,True,0,0.4000000059604645,0.4439556896686554,0.6088195772640365,0.6299999975354973
0,0,0,True,1,0.550000011920929,0.5976111888885498,0.6841814055442375,0.7099999849109374
0,2,0,True,1,1.0,0.419236958026886,0.971,0.6179999993857016
3,2,3,True,0,0.8999999761581421,0.9664734601974487,0.8983194123648568,0.9459999993174554
3,0,3,True,1,0.550000011920929,0.6646260023117065,0.6841814055442375,0.7479999995163543
2,1,2,True,0,0.4000000059604645,0.31756794452667236,0.6088195772640365,0.5709999943657259
3,2,3,True,0,0.8500000238418579,0.2810373306274414,0.8640454394695402,0.5549999965892977
2,1,2,True,0,0.4000000059604645,0.5664611458778381,0.6088195772640365,0.6929999875251339
2,2,2,True,1,1.0,0.38338443636894226,0.971,0.6009999943513901
0,0,0,True,0,0.550000011920929,0.4275294840335846,0.6841814055442375,0.6220000070202574
2,1,2,True,1,0.4000000059604645,0.4108906090259552,0.6088195772640365,0.6140000037210799
3,2,3,True,0,0.6499999761581421,0.5793792009353638,0.7395366334422223,0.6999999930529267
0,1,1,False,1,0.44999998807907104,0.2694052755832672,0.6329695552826582,0.5500000017162529
0,2,0,True,1,0.8999999761581421,0.4621877074241638,0.8983194123648568,0.6390000050779484
0,2,0,True,1,0.800000011920929,0.3961527645587921,0.8310790978922871,0.6069999935530198
1,0,1,True,0,0.550000011920929,0.29256507754325867,0.6841814055442375,0.5599999986660849
3,2,3,True,1,0.699999988079071,0.4045950770378113,0.768871768122878,0.6110000023402741
0,0,0,True,1,0.6000000238418579,0.2553063929080963,0.7113207692620573,0.5439999988025059
1,1,1,True,0,0.44999998807907104,0.4045950770378113,0.6329695552826582,0.6110000023402741
0,2,0,True,0,0.8999999761581421,0.33988335728645325,0.8983194123648568,0.5810000010414563
3,2,3,True,1,0.6000000238418579,0.48412567377090454,0.7113207692620573,0.6500000013936217
1,2,1,True,0,0.699999988079071,0.3812440037727356,0.768871768122878,0.599999998363473
1,1,1,True,1,0.5,0.3508974313735962,0.658077503034407,0.5860000008743051
0,2,0,True,1,0.6499999761581421,0.4781796336174011,0.7395366334422223,0.6470000042710665
0,2,0,True,0,0.75,0.3596412241458893,0.7993705370142242,0.5899999944934109
0,3,0,True,0,0.3499999940395355,0.26002323627471924,0.5855909908654705,0.5460000046421294
3,2,3,True,1,0.8999999761581421,0.28796637058258057,0.8983194123648568,0.5579999946350287
3,1,3,True,0,0.4000000059604645,0.35308897495269775,0.6088195772640365,0.587000005058579
2,1,2,True,0,0.4000000059604645,0.22179484367370605,0.6088195772640365,0.530000000488792
0,2,0,True,0,0.699999988079071,0.14174814522266388,0.768871768122878,0.4979999987032846
3,0,3,True,0,0.550000011920929,0.523078203201294,0.6841814055442375,0.6700000089266277
0,0,0,True,0,0.6000000238418579,0.22904980182647705,0.7113207692620573,0.5329999974819276
2,2,2,True,0,0.75,0.35527676343917847,0.7993705370142242,0.5879999979029831
2,1,1,False,0,0.5,0.7184698581695557,0.658077503034407,0.7799999861212166
0,1,1,False,1,0.44999998807907104,0.14946790039539337,0.6329695552826582,0.5010000004429338
2,2,2,True,0,0.6000000238418579,0.3790999948978424,0.7113207692620573,0.5989999996127661
0,2,0,True,1,0.6000000238418579,0.4742002487182617,0.7113207692620573,0.6449999954493963
2,1,2,True,0,0.5,0.2717401087284088,0.658077503034407,0.5509999944515519
3,0,3,True,1,0.6000000238418579,0.42338991165161133,0.7113207692620573,0.6200000046867694
3,2,3,True,1,0.8500000238418579,0.48412567377090454,0.8640454394695402,0.6500000013936217
0,2,0,True,1,0.6499999761581421,0.858827531337738,0.7395366334422223,0.8700000129916116
2,1,2,True,0,0.44999998807907104,0.3574608564376831,0.6329695552826582,0.5890000008539068
0,2,0,True,1,0.75,0.42338991165161133,0.7993705370142242,0.6200000046867694
0,2,0,True,1,0.75,0.2047056257724762,0.7993705370142242,0.52300000179344
0,2,0,True,1,0.6000000238418579,0.6209326386451721,0.7113207692620573,0.722999992643757
2,0,2,True,0,0.550000011920929,0.3107970952987671,0.6841814055442375,0.5680000053827252
1,1,1,True,1,0.5,0.4641976058483124,0.658077503034407,0.6400000013129329
3,2,3,True,0,0.6000000238418579,0.5076385736465454,0.7113207692620573,0.6620000145171903
0,0,0,True,0,0.6000000238418579,0.328774094581604,0.7113207692620573,0.5760000046448289
1,1,1,True,1,0.5,0.3940335214138031,0.658077503034407,0.6060000044077539
0,1,0,True,1,0.44999998807907104,0.5037494897842407,0.6329695552826582,0.6600000042038996
3,1,3,True,0,0.5,0.31756794452667236,0.658077503034407,0.5709999943657259
1,0,1,True,0,0.550000011920929,0.3618179261684418,0.6841814055442375,0.591000000410564
3,2,3,True,0,1.0,0.3130580186843872,0.971,0.5690000053822707
2,2,0,False,1,0.75,0.33766916394233704,0.7993705370142242,0.5799999977030665
1,2,1,True,0,0.949999988079071,0.3354511559009552,0.9339529695901586,0.5789999971512589
3,2,3,True,1,0.699999988079071,0.29256507754325867,0.768871768122878,0.5599999986660849
2,2,2,True,0,0.75,0.179891437292099,0.7993705370142242,0.5129999985509739
2,2,2,True,0,1.0,0.3812440037727356,0.971,0.599999998363473
0,2,0,True,1,0.699999988079071,0.5326346158981323,0.768871768122878,0.6749999971262126
0,1,0,True,1,0.5,0.4459942877292633,0.658077503034407,0.6309999984516933
2,1,2,True,0,0.44999998807907104,0.42338991165161133,0.6329695552826582,0.6200000046867694
2,2,2,True,1,0.699999988079071,0.48016470670700073,0.768871768122878,0.6480000042340459
3,1,3,True,0,0.5,0.33322933316230774,0.658077503034407,0.5780000053118328
2,0,2,True,1,0.550000011920929,0.5288205742835999,0.6841814055442375,0.6730000026427778
1,2,1,True,1,0.6000000238418579,0.731585681438446,0.7113207692620573,0.78800001664077
3,1,3,True,0,0.4000000059604645,0.3812440037727356,0.6088195772640365,0.599999998363473
3,1,3,True,1,0.5,0.5421205163002014,0.658077503034407,0.6799999933743011
0,0,0,True,0,0.550000011920929,0.306263267993927,0.6841814055442375,0.565999999023059
2,2,2,True,1,1.0,0.8152526617050171,0.971,0.8409999920220813
0,1,0,True,1,0.5,0.40248969197273254,0.658077503034407,0.6100000002618106
3,2,3,True,1,0.8999999761581421,0.3940335214138031,0.8983194123648568,0.6060000044077539
3,1,3,True,0,0.5,0.4087955057621002,0.658077503034407,0.6129999952092078
0,1,0,True,1,0.44999998807907104,0.4761914908885956,0.6329695552826582,0.6460000047372518
0,2,0,True,0,0.699999988079071,0.3596412241458893,0.768871768122878,0.5899999944934109
1,2,1,True,1,1.0,0.5153815746307373,0.971,0.6660000135132109
2,2,2,True,1,0.800000011920929,0.6508050560951233,0.8310790978922871,0.7399999934074837
2,2,2,True,0,0.699999988079071,0.17235280573368073,0.768871768122878,0.5100000023525977
1,3,1,True,1,0.3499999940395355,0.25294145941734314,0.5855909908654705,0.542999993858368
1,1,1,True,0,0.44999998807907104,0.4254613518714905,0.6329695552826582,0.6209999998295582
1,2,1,True,0,0.75,0.11303897202014923,0.7993705370142242,0.4869999994159541
2,0,2,True,0,0.550000011920929,0.33988335728645325,0.6841814055442375,0.5810000010414563
0,2,1,False,1,1.0,0.0944298729300499,0.971,0.4799999995287582
0,0,0,True,1,0.6000000238418579,0.48412567377090454,0.7113207692620573,0.6500000013936217
1,2,1,True,1,0.6000000238418579,0.24582049250602722,0.7113207692620573,0.5400000017738655
3,2,0,False,1,0.6499999761581421,0.4087955057621002,0.7395366334422223,0.6129999952092078
1,0,1,True,1,0.6000000238418579,0.4500617980957031,0.7113207692620573,0.632999994670712
0,2,0,True,0,0.6499999761581421,0.25294145941734314,0.7395366334422223,0.542999993858368
0,2,0,True,1,0.8500000238418579,0.3198170065879822,0.8640454394695402,0.5719999974815364
2,2,3,False,1,0.75,0.23145905137062073,0.7993705370142242,0.5339999971886118
1,2,1,True,0,0.8500000238418579,0.5037494897842407,0.8640454394695402,0.6600000042038996
1,3,1,True,0,0.3499999940395355,0.3855213224887848,0.5855909908654705,0.6019999959607932
1,1,1,True,0,0.44999998807907104,0.3812440037727356,0.6329695552826582,0.599999998363473
0,0,0,True,0,0.6000000238418579,0.4439556896686554,0.7113207692620573,0.6299999975354973
3,2,3,True,0,0.75,0.28566086292266846,0.7993705370142242,0.5570000058769908
0,0,0,True,0,0.550000011920929,0.4439556896686554,0.6841814055442375,0.6299999975354973
0,2,0,True,0,0.75,0.28566086292266846,0.7993705370142242,0.5570000058769908
3,2,3,True,0,0.6499999761581421,0.33766916394233704,0.7395366334422223,0.5799999977030665
2,1,0,False,1,0.44999998807907104,0.24105115234851837,0.6329695552826582,0.5380000001029064
1,0,1,True,1,0.6000000238418579,0.4641976058483124,0.7113207692620573,0.6400000013129329
0,2,1,False,1,1.0,0.3596412241458893,0.971,0.5899999944934109
3,0,3,True,1,0.550000011920929,0.6508050560951233,0.6841814055442375,0.7399999934074837
3,1,3,True,0,0.5,0.34209373593330383,0.658077503034407,0.5820000012303785
2,1,2,True,0,0.5,0.32654064893722534,0.658077503034407,0.5749999945167829
3,2,3,True,1,0.75,0.4500617980957031,0.7993705370142242,0.632999994670712
3,0,3,True,0,0.550000011920929,0.5458953976631165,0.6841814055442375,0.6820000113596617
1,1,1,True,1,0.5,0.3153149485588074,0.658077503034407,0.5699999949628566
0,2,0,True,1,0.800000011920929,0.29026779532432556,0.8310790978922871,0.559000002995557
2,2,2,True,0,0.6499999761581421,0.5534119606018066,0.7395366334422223,0.6859999926164443
3,0,3,True,1,0.6000000238418579,0.33766916394233704,0.7113207692620573,0.5799999977030665
3,2,3,True,1,0.800000011920929,0.2694052755832672,0.8310790978922871,0.5500000017162529
1,0,1,True,1,0.550000011920929,0.25294145941734314,0.6841814055442375,0.542999993858368
0,1,0,True,0,0.44999998807907104,0.4742002487182617,0.6329695552826582,0.6449999954493963
1,1,1,True,1,0.5,0.523078203201294,0.658077503034407,0.6700000089266277
2,2,2,True,0,0.6499999761581421,0.3508974313735962,0.7395366334422223,0.5860000008743051
2,1,2,True,1,0.44999998807907104,0.3812440037727356,0.6329695552826582,0.599999998363473
2,0,2,True,1,0.6000000238418579,0.7052189111709595,0.7113207692620573,0.7720000119682613
3,2,3,True,0,0.699999988079071,0.2694052755832672,0.768871768122878,0.5500000017162529
2,2,2,True,0,0.949999988079071,0.29026779532432556,0.9339529695901586,0.559000002995557
1,0,1,True,0,0.6000000238418579,0.3639909327030182,0.7113207692620573,0.5919999991910871
0,2,0,True,0,1.0,0.2810373306274414,0.971,0.5549999965892977
0,1,0,True,1,0.4000000059604645,0.26002323627471924,0.6088195772640365,0.5460000046421294
1,0,1,True,1,0.550000011920929,0.3940335214138031,0.6841814055442375,0.6060000044077539
0,0,0,True,0,0.6000000238418579,0.3940335214138031,0.7113207692620573,0.6060000044077539
0,2,0,True,1,0.6000000238418579,0.4761914908885956,0.7113207692620573,0.6460000047372518
3,2,3,True,0,0.8500000238418579,0.30171340703964233,0.8640454394695402,0.5639999994126826
1,1,1,True,1,0.5,0.2994324266910553,0.658077503034407,0.5630000013857446
2,1,2,True,1,0.44999998807907104,0.46620437502861023,0.6329695552826582,0.6410000019167172
0,1,0,True,0,0.44999998807907104,0.2717401087284088,0.6329695552826582,0.5509999944515519
2,2,2,True,0,0.6499999761581421,0.48610159754753113,0.7395366334422223,0.651000004150087
0,1,0,True,1,0.4000000059604645,0.3812440037727356,0.6088195772640365,0.599999998363473
2,1,2,True,1,0.44999998807907104,0.6850826740264893,0.6329695552826582,0.7599999911836276
1,2,1,True,0,0.800000011920929,0.4439556896686554,0.8310790978922871,0.6299999975354973
0,2,0,True,0,0.800000011920929,0.3940335214138031,0.8310790978922871,0.6060000044077539
3,2,3,True,0,0.699999988079071,0.3130580186843872,0.768871768122878,0.5690000053822707
0,1,0,True,1,0.44999998807907104,0.4150705635547638,0.6329695552826582,0.6160000041365007
1,2,1,True,1,0.800000011920929,0.3618179261684418,0.8310790978922871,0.591000000410564
3,2,3,True,0,0.699999988079071,0.3748012185096741,0.768871768122878,0.5970000022301625
0,0,0,True,0,0.550000011920929,0.24582049250602722,0.6841814055442375,0.5400000017738655
3,0,3,True,1,0.6000000238418579,0.3876546621322632,0.7113207692620573,0.6029999976780734
3,2,3,True,0,1.0,0.20224565267562866,0.971,0.5220000010712751
3,2,3,True,1,0.6000000238418579,0.7201166749000549,0.7113207692620573,0.7809999905068582
0,2,0,True,1,0.6000000238418579,0.38338443636894226,0.7113207692620573,0.6009999943513901
2,2,2,True,0,0.75,0.27407073974609375,0.7993705370142242,0.5520000006930108
0,1,0,True,1,0.5,0.4821467101573944,0.658077503034407,0.6489999998467633
2,1,2,True,0,0.5,0.3508974313735962,0.658077503034407,0.5860000008743051
0,2,0,True,0,0.75,0.40038084983825684,0.7993705370142242,0.6089999968669422
1,2,1,True,0,0.6499999761581421,0.14432655274868011,0.7395366334422223,0.498999999553165
0,2,0,True,0,0.6499999761581421,0.2647227942943573,0.7395366334422223,0.5479999938412414
1,2,1,True,1,0.75,0.4520907402038574,0.7993705370142242,0.6339999946097808
1,2,1,True,0,0.6499999761581421,0.3107970952987671,0.7395366334422223,0.5680000053827252
3,2,3,True,0,0.75,0.3596412241458893,0.7993705370142242,0.5899999944934109
1,2,1,True,1,0.949999988079071,0.3812440037727356,0.9339529695901586,0.599999998363473
1,0,1,True,0,0.550000011920929,0.40248969197273254,0.6841814055442375,0.6100000002618106
2,2,2,True,0,0.6000000238418579,0.40248969197273254,0.7113207692620573,0.6100000002618106
2,0,2,True,1,0.550000011920929,0.4171554446220398,0.6841814055442375,0.6169999996816915
1,1,1,True,0,0.5,0.33766916394233704,0.658077503034407,0.5799999977030665
0,0,0,True,1,0.550000011920929,0.5976111888885498,0.6841814055442375,0.7099999849109374
0,0,0,True,1,0.550000011920929,0.523078203201294,0.6841814055442375,0.6700000089266277
3,1,3,True,1,0.5,0.42338991165161133,0.658077503034407,0.6200000046867694
2,1,2,True,0,0.4000000059604645,0.4459942877292633,0.6088195772640365,0.6309999984516933
1,2,1,True,0,0.800000011920929,0.3107970952987671,0.8310790978922871,0.5680000053827252
1,2,1,True,1,0.8500000238418579,0.2623751759529114,0.8640454394695402,0.547000004689126
1,1,1,True,1,0.4000000059604645,0.33322933316230774,0.6088195772640365,0.5780000053118328
0,2,0,True,0,0.8500000238418579,0.3354511559009552,0.8640454394695402,0.5789999971512589
2,1,2,True,0,0.5,0.49004432559013367,0.658077503034407,0.6529999943573211
1,0,1,True,0,0.550000011920929,0.35308897495269775,0.6841814055442375,0.587000005058579
0,0,0,True,0,0.550000011920929,0.42338991165161133,0.6841814055442375,0.6200000046867694
3,2,3,True,0,0.699999988079071,0.48412567377090454,0.768871768122878,0.6500000013936217
1,2,1,True,1,1.0,0.9151918292045593,0.971,0.9089999816325429
3,2,3,True,1,0.8500000238418579,0.3153149485588074,0.8640454394695402,0.5699999949628566
0,1,0,True,1,0.5,0.5421205163002014,0.658077503034407,0.6799999933743011
1,1,1,True,0,0.5,0.523078203201294,0.658077503034407,0.6700000089266277
2,0,2,True,1,0.550000011920929,0.42338991165161133,0.6841814055442375,0.6200000046867694
3,2,3,True,1,0.75,0.24819853901863098,0.7993705370142242,0.5410000011131741
0,2,0,True,1,0.8500000238418579,0.3812440037727356,0.8640454394695402,0.599999998363473
2,2,2,True,1,0.6499999761581421,0.38338443636894226,0.7395366334422223,0.6009999943513901
1,2,3,False,1,0.800000011920929,0.40669700503349304,0.8310790978922871,0.6119999977165095
2,2,2,True,0,0.6000000238418579,0.5458953976631165,0.7113207692620573,0.6820000113596617
2,2,2,True,0,0.75,0.48412567377090454,0.7993705370142242,0.6500000013936217
0,2,0,True,0,1.0,0.5037494897842407,0.971,0.6600000042038996
1,0,1,True,1,0.550000011920929,0.3961527645587921,0.6841814055442375,0.6069999935530198
0,1,0,True,0,0.5,0.3153149485588074,0.658077503034407,0.5699999949628566
1,0,1,True,0,0.550000011920929,0.4641976058483124,0.6841814055442375,0.6400000013129329
3,0,3,True,1,0.550000011920929,0.49004432559013367,0.6841814055442375,0.6529999943573211
0,2,0,True,1,0.699999988079071,0.5421205163002014,0.768871768122878,0.6799999933743011
0,2,0,True,1,0.6499999761581421,0.4337139427661896,0.7395366334422223,0.6250000060421259
0,0,0,True,0,0.550000011920929,0.33988335728645325,0.6841814055442375,0.5810000010414563
2,0,2,True,1,0.550000011920929,0.4821467101573944,0.6841814055442375,0.6489999998467633
2,1,2,True,1,0.44999998807907104,0.3618179261684418,0.6329695552826582,0.591000000410564
1,2,1,True,0,0.6000000238418579,0.5421205163002014,0.7113207692620573,0.6799999933743011
3,1,3,True,1,0.5,0.5249951481819153,0.658077503034407,0.6709999908340439
0,1,0,True,1,0.44999998807907104,0.5757015943527222,0.6329695552826582,0.6980000117218337
1,0,0,False,1,0.550000011920929,0.34209373593330383,0.6841814055442375,0.5820000012303785
3,3,3,True,0,0.3499999940395355,0.3130580186843872,0.5855909908654705,0.5690000053822707
0,0,0,True,1,0.550000011920929,0.35308897495269775,0.6841814055442375,0.587000005058579
0,1,0,True,1,0.44999998807907104,0.5037494897842407,0.6329695552826582,0.6600000042038996
3,1,3,True,0,0.5,0.3153149485588074,0.658077503034407,0.5699999949628566
2,2,2,True,0,0.6499999761581421,0.3354511559009552,0.7395366334422223,0.5789999971512589
1,1,2,False,1,0.5,0.3153149485588074,0.658077503034407,0.5699999949628566
3,1,3,True,1,0.4000000059604645,0.26706618070602417,0.6088195772640365,0.5490000035364818
2,3,2,True,0,0.3499999940395355,0.5037494897842407,0.5855909908654705,0.6600000042038996
1,2,1,True,1,0.949999988079071,0.38978445529937744,0.9339529695901586,0.6039999939804539
1,1,1,True,1,0.4000000059604645,0.40038084983825684,0.6088195772640365,0.6089999968669422
3,2,3,True,1,0.800000011920929,0.5976111888885498,0.8310790978922871,0.7099999849109374
1,2,1,True,0,0.75,0.33988335728645325,0.7993705370142242,0.5810000010414563
1,0,1,True,1,0.6000000238418579,0.4641976058483124,0.7113207692620573,0.6400000013129329
2,0,2,True,0,0.550000011920929,0.4439556896686554,0.6841814055442375,0.6299999975354973
3,2,3,True,0,0.75,0.35308897495269775,0.7993705370142242,0.587000005058579
0,3,0,True,0,0.3499999940395355,0.3748012185096741,0.5855909908654705,0.5970000022301625
0,2,0,True,0,0.8500000238418579,0.33988335728645325,0.8640454394695402,0.5810000010414563
0,2,0,True,1,0.6000000238418579,0.628024160861969,0.7113207692620573,0.7269999942109775
3,1,3,True,1,0.44999998807907104,0.5496591925621033,0.6329695552826582,0.6840000120373209
1,2,1,True,0,0.75,0.25057220458984375,0.7993705370142242,0.5420000049430272
0,0,0,True,0,0.6000000238418579,0.3812440037727356,0.7113207692620573,0.599999998363473
3,2,3,True,0,0.699999988079071,0.33988335728645325,0.768871768122878,0.5810000010414563
1,1,1,True,1,0.4000000059604645,0.3153149485588074,0.6088195772640365,0.5699999949628566
1,1,1,True,1,0.5,0.3855213224887848,0.658077503034407,0.6019999959607932
2,1,2,True,1,0.5,0.5976111888885498,0.658077503034407,0.7099999849109374
3,1,3,True,1,0.44999998807907104,0.4641976058483124,0.6329695552826582,0.6400000013129329
0,1,0,True,1,0.44999998807907104,0.39826855063438416,0.6329695552826582,0.6079999975326807
3,2,3,True,1,0.6000000238418579,0.2647227942943573,0.7113207692620573,0.5479999938412414
0,1,0,True,0,0.5,0.29714739322662354,0.658077503034407,0.5620000042133692
3,2,3,True,0,0.6000000238418579,0.2717401087284088,0.7113207692620573,0.5509999944515519
1,1,1,True,1,0.5,0.6438384652137756,0.658077503034407,0.7359999988901547
3,1,3,True,0,0.5,0.6799989342689514,0.658077503034407,0.7569999852387321
0,2,0,True,1,0.699999988079071,0.6799989342689514,0.768871768122878,0.7569999852387321
3,2,3,True,1,0.6000000238418579,0.18489274382591248,0.7113207692620573,0.5149999978148059
3,2,3,True,0,0.6000000238418579,0.29256507754325867,0.7113207692620573,0.5599999986660849
3,2,2,False,1,0.6000000238418579,0.6850826740264893,0.7113207692620573,0.7599999911836276
2,2,2,True,1,0.75,0.4821467101573944,0.7993705370142242,0.6489999998467633
1,2,1,True,1,0.75,0.8014234900474548,0.7993705370142242,0.832000008463205
0,0,0,True,0,0.6000000238418579,0.35308897495269775,0.7113207692620573,0.587000005058579
1,1,1,True,0,0.5,0.3940335214138031,0.658077503034407,0.6060000044077539
1,0,1,True,0,0.550000011920929,0.3153149485588074,0.6841814055442375,0.5699999949628566
1,1,1,True,0,0.44999998807907104,0.22904980182647705,0.6329695552826582,0.5329999974819276
0,2,0,True,1,0.8500000238418579,0.29256507754325867,0.8640454394695402,0.5599999986660849
3,0,3,True,0,0.6000000238418579,0.3574608564376831,0.7113207692620573,0.5890000008539068
3,3,3,True,1,0.3499999940395355,0.3198170065879822,0.5855909908654705,0.5719999974815364
2,2,2,True,0,0.699999988079071,0.24582049250602722,0.768871768122878,0.5400000017738655
2,0,2,True,0,0.550000011920929,0.4939750134944916,0.6841814055442375,0.6549999932755893
1,0,1,True,0,0.550000011920929,0.29256507754325867,0.6841814055442375,0.5599999986660849
0,0,0,True,1,0.6000000238418579,0.4722059369087219,0.7113207692620573,0.6439999961737441
1,2,1,True,1,0.699999988079071,0.4108906090259552,0.768871768122878,0.6140000037210799
1,0,1,True,0,0.550000011920929,0.4295942783355713,0.6841814055442375,0.6230000066815589
0,1,0,True,1,0.4000000059604645,0.3596412241458893,0.6088195772640365,0.5899999944934109
3,1,3,True,0,0.4000000059604645,0.17235280573368073,0.6088195772640365,0.5100000023525977
1,2,1,True,1,0.75,0.29256507754325867,0.7993705370142242,0.5599999986660849
0,2,0,True,0,0.8999999761581421,0.5627463459968567,0.8983194123648568,0.6910000104977662
0,1,0,True,0,0.5,0.3812440037727356,0.658077503034407,0.599999998363473
3,2,1,False,1,0.8500000238418579,0.35308897495269775,0.8640454394695402,0.587000005058579
0,1,0,True,0,0.44999998807907104,0.2694052755832672,0.6329695552826582,0.5500000017162529
0,0,0,True,1,0.550000011920929,0.4439556896686554,0.6841814055442375,0.6299999975354973
2,2,3,False,1,0.6499999761581421,0.3508974313735962,0.7395366334422223,0.5860000008743051
2,1,2,True,1,0.44999998807907104,0.19731153547763824,0.6329695552826582,0.5199999990084729
2,2,0,False,0,0.6000000238418579,0.3107970952987671,0.7113207692620573,0.5680000053827252
1,0,1,True,1,0.6000000238418579,0.46620437502861023,0.7113207692620573,0.6410000019167172
2,1,2,True,0,0.5,0.3596412241458893,0.658077503034407,0.5899999944934109
0,2,0,True,1,0.699999988079071,0.6262549757957458,0.768871768122878,0.7260000112287769
0,3,0,True,1,0.3499999940395355,0.4378204345703125,0.5855909908654705,0.6270000001630176
0,0,0,True,1,0.550000011920929,0.33766916394233704,0.6841814055442375,0.5799999977030665
3,0,3,True,0,0.550000011920929,0.49004432559013367,0.6841814055442375,0.6529999943573211
3,0,1,False,0,0.550000011920929,0.29256507754325867,0.6841814055442375,0.5599999986660849
1,2,1,True,1,0.8500000238418579,0.3596412241458893,0.8640454394695402,0.5899999944934109
1,1,1,True,0,0.44999998807907104,0.5440093278884888,0.6329695552826582,0.680999994476731
3,2,3,True,1,0.6499999761581421,0.29256507754325867,0.7395366334422223,0.5599999986660849
2,2,2,True,0,0.6499999761581421,0.3596412241458893,0.7395366334422223,0.5899999944934109
2,0,2,True,1,0.550000011920929,0.5440093278884888,0.6841814055442375,0.680999994476731
3,2,0,False,1,0.699999988079071,0.3790999948978424,0.768871768122878,0.5989999996127661
2,2,2,True,1,0.8999999761581421,0.8029674291610718,0.8983194123648568,0.8330000042162681
1,1,1,True,1,0.44999998807907104,0.4761914908885956,0.6329695552826582,0.6460000047372518
2,2,2,True,1,0.75,0.3812440037727356,0.7993705370142242,0.599999998363473
1,0,1,True,0,0.550000011920929,0.19978095591068268,0.6841814055442375,0.5209999976935672
1,2,1,True,1,1.0,0.5793792009353638,0.971,0.6999999930529267
1,1,1,True,0,0.44999998807907104,0.7827500104904175,0.6329695552826582,0.820000002693469
2,2,2,True,0,0.800000011920929,0.4641976058483124,0.8310790978922871,0.6400000013129329
1,1,1,True,1,0.4000000059604645,0.4998486042022705,0.6088195772640365,0.6579999945792723
0,1,0,True,0,0.4000000059604645,0.3596412241458893,0.6088195772640365,0.5899999944934109
3,2,3,True,0,0.6000000238418579,0.38978445529937744,0.7113207692620573,0.6039999939804539
3,1,3,True,0,0.44999998807907104,0.24819853901863098,0.6329695552826582,0.5410000011131741
0,2,0,True,1,0.6000000238418579,0.31756794452667236,0.7113207692620573,0.5709999943657259
2,0,2,True,0,0.550000011920929,0.5738587975502014,0.6841814055442375,0.6969999993252933
1,3,1,True,0,0.30000001192092896,0.42338991165161133,0.5632486689650297,0.6200000046867694
3,2,0,False,1,0.8500000238418579,0.26002323627471924,0.8640454394695402,0.5460000046421294
2,2,2,True,1,0.800000011920929,0.40248969197273254,0.8310790978922871,0.6100000002618106
2,1,3,False,1,0.44999998807907104,0.3812440037727356,0.6329695552826582,0.599999998363473
1,0,1,True,0,0.6000000238418579,0.21205741167068481,0.7113207692620573,0.5259999997071105
2,2,2,True,0,0.699999988079071,0.4150705635547638,0.768871768122878,0.6160000041365007
1,2,1,True,1,0.949999988079071,0.27639713883399963,0.9339529695901586,0.553000001098508
3,2,3,True,0,0.699999988079071,0.5037494897842407,0.768871768122878,0.6600000042038996
1,2,3,False,1,0.75,0.3508974313735962,0.7993705370142242,0.5860000008743051
1,0,1,True,0,0.6000000238418579,0.40248969197273254,0.7113207692620573,0.6100000002618106
2,0,2,True,0,0.550000011920929,0.33766916394233704,0.6841814055442375,0.5799999977030665
2,0,2,True,1,0.6000000238418579,0.5095786452293396,0.7113207692620573,0.6629999853834717
3,0,3,True,1,0.6000000238418579,0.44802966713905334,0.7113207692620573,0.6320000040573776
1,2,1,True,0,0.6499999761581421,0.4087955057621002,0.7395366334422223,0.6129999952092078
2,1,2,True,1,0.5,0.5552842617034912,0.658077503034407,0.6869999924912059
2,2,2,True,0,0.75,0.3220621347427368,0.7993705370142242,0.5729999981902032
1,2,1,True,1,0.8500000238418579,0.4781796336174011,0.8640454394695402,0.6470000042710665
0,0,0,True,1,0.550000011920929,0.46017464995384216,0.6841814055442375,0.6380000032773165
1,2,1,True,1,0.6000000238418579,0.4275294840335846,0.7113207692620573,0.6220000070202574
3,2,3,True,1,0.699999988079071,0.31756794452667236,0.768871768122878,0.5709999943657259
1,3,1,True,1,0.3499999940395355,0.4959358870983124,0.5855909908654705,0.6560000071025891
3,0,3,True,1,0.6000000238418579,0.4781796336174011,0.7113207692620573,0.6470000042710665
0,2,0,True,0,1.0,0.31756794452667236,0.971,0.5709999943657259
0,1,0,True,0,0.4000000059604645,0.4761914908885956,0.6088195772640365,0.6460000047372518
0,2,0,True,1,0.6499999761581421,0.4171554446220398,0.7395366334422223,0.6169999996816915
2,1,2,True,1,0.5,0.5608848929405212,0.658077503034407,0.6900000116606454
3,2,3,True,0,0.699999988079071,0.28796637058258057,0.768871768122878,0.5579999946350287
0,2,0,True,1,0.6000000238418579,0.3130580186843872,0.7113207692620573,0.5690000053822707
0,0,0,True,0,0.6000000238418579,0.24343803524971008,0.7113207692620573,0.5390000012298091
1,2,1,True,1,0.800000011920929,0.6680581569671631,0.8310790978922871,0.750000009687365
2,0,2,True,1,0.6000000238418579,0.48412567377090454,0.7113207692620573,0.6500000013936217
2,2,2,True,1,0.6000000238418579,0.5921686887741089,0.7113207692620573,0.7069999836614034
1,2,1,True,0,1.0,0.25294145941734314,0.971,0.542999993858368
1,0,1,True,0,0.550000011920929,0.5037494897842407,0.6841814055442375,0.6600000042038996
2,2,2,True,1,0.6499999761581421,0.5552842617034912,0.7395366334422223,0.6869999924912059
1,0,1,True,0,0.550000011920929,0.18738612532615662,0.6841814055442375,0.516000000251395
2,1,2,True,1,0.5,0.7590200901031494,0.658077503034407,0.8050000078106256
3,2,3,True,1,0.699999988079071,0.4742002487182617,0.768871768122878,0.6449999954493963
3,1,3,True,1,0.44999998807907104,0.7332157492637634,0.6329695552826582,0.7889999961732411
3,1,3,True,1,0.5,0.45613905787467957,0.658077503034407,0.6360000026529686
2,1,2,True,0,0.5,0.29256507754325867,0.658077503034407,0.5599999986660849
1,2,1,True,0,0.6499999761581421,0.22179484367370605,0.7395366334422223,0.530000000488792
2,0,2,True,1,0.6000000238418579,0.46620437502861023,0.7113207692620573,0.6410000019167172
0,0,0,True,1,0.6000000238418579,0.4398687779903412,0.7113207692620573,0.6280000006288825
1,2,1,True,0,0.8500000238418579,0.30399036407470703,0.8640454394695402,0.565000005083747
3,2,3,True,1,0.6499999761581421,0.4742002487182617,0.7395366334422223,0.6449999954493963
0,2,0,True,1,1.0,0.6816957592964172,0.971,0.7579999931177763
1,1,1,True,0,0.4000000059604645,0.3940335214138031,0.6088195772640365,0.6060000044077539
2,0,2,True,0,0.550000011920929,0.42338991165161133,0.6841814055442375,0.6200000046867694
2,1,2,True,1,0.44999998807907104,0.5076385736465454,0.6329695552826582,0.6620000145171903
2,2,2,True,0,0.6000000238418579,0.3855213224887848,0.7113207692620573,0.6019999959607932
3,0,3,True,0,0.550000011920929,0.3596412241458893,0.6841814055442375,0.5899999944934109
3,1,3,True,1,0.4000000059604645,0.4459942877292633,0.6088195772640365,0.6309999984516933
3,2,3,True,1,0.699999988079071,0.5848760008811951,0.768871768122878,0.7029999894420969
2,2,2,True,1,0.6499999761581421,0.31756794452667236,0.7395366334422223,0.5709999943657259
2,1,2,True,1,0.4000000059604645,0.5037494897842407,0.6088195772640365,0.6600000042038996
2,2,2,True,0,0.800000011920929,0.23386380076408386,0.8310790978922871,0.5349999999477194
3,1,3,True,0,0.5,0.2694052755832672,0.658077503034407,0.5500000017162529
1,0,1,True,0,0.550000011920929,0.3812440037727356,0.6841814055442375,0.599999998363473
0,1,0,True,1,0.5,0.30399036407470703,0.658077503034407,0.565000005083747
2,2,2,True,1,0.6499999761581421,0.40248969197273254,0.7395366334422223,0.6100000002618106
1,0,1,True,1,0.6000000238418579,0.5939854383468628,0.7113207692620573,0.7079999956924453
1,2,1,True,1,0.8999999761581421,0.5421205163002014,0.8983194123648568,0.6799999933743011
3,2,3,True,0,0.6000000238418579,0.40248969197273254,0.7113207692620573,0.6100000002618106
1,1,1,True,0,0.5,0.40248969197273254,0.658077503034407,0.6100000002618106
0,1,0,True,1,0.4000000059604645,1.0,0.6088195772640365,0.971
0,1,0,True,1,0.5,0.3748012185096741,0.658077503034407,0.5970000022301625
1,2,1,True,1,1.0,0.5921686887741089,0.971,0.7069999836614034
3,1,3,True,1,0.44999998807907104,0.4520907402038574,0.6329695552826582,0.6339999946097808
3,3,3,True,1,0.3499999940395355,0.30399036407470703,0.5855909908654705,0.565000005083747
2,2,2,True,0,0.8999999761581421,0.40669700503349304,0.8983194123648568,0.6119999977165095
0,2,0,True,0,0.699999988079071,0.29485827684402466,0.768871768122878,0.561000001187531
1,2,1,True,1,0.75,0.42338991165161133,0.7993705370142242,0.6200000046867694
3,2,3,True,0,0.6499999761581421,0.523078203201294,0.7395366334422223,0.6700000089266277
3,2,3,True,1,0.75,0.3153149485588074,0.7993705370142242,0.5699999949628566
2,2,2,True,0,0.8500000238418579,0.4581584334373474,0.8640454394695402,0.6370000008314272
2,2,2,True,1,0.8999999761581421,0.33766916394233704,0.8983194123648568,0.5799999977030665
2,2,2,True,0,1.0,0.42338991165161133,0.971,0.6200000046867694
3,2,3,True,0,0.6000000238418579,0.3812440037727356,0.7113207692620573,0.599999998363473
0,2,0,True,1,0.8999999761581421,0.5757015943527222,0.8983194123648568,0.6980000117218337
1,1,1,True,0,0.44999998807907104,0.3639909327030182,0.6329695552826582,0.5919999991910871
1,2,1,True,0,0.6499999761581421,0.30399036407470703,0.7395366334422223,0.565000005083747
1,2,1,True,0,0.699999988079071,0.5440093278884888,0.768871768122878,0.680999994476731
3,0,3,True,1,0.6000000238418579,0.43576881289482117,0.7113207692620573,0.625999995435672
3,2,3,True,0,0.699999988079071,0.19731153547763824,0.768871768122878,0.5199999990084729
1,2,1,True,1,0.800000011920929,0.6968671083450317,0.8310790978922871,0.7669999990699831
0,0,0,True,0,0.550000011920929,0.23386380076408386,0.6841814055442375,0.5349999999477194
1,3,1,True,1,0.25,0.3790999948978424,0.5417587713672438,0.5989999996127661
3,1,3,True,1,0.5,0.4045950770378113,0.658077503034407,0.6110000023402741
2,1,2,True,1,0.44999998807907104,0.7717305421829224,0.6329695552826582,0.8130000039240766
1,1,1,True,0,0.44999998807907104,0.2694052755832672,0.6329695552826582,0.5500000017162529
0,0,0,True,0,0.550000011920929,0.48412567377090454,0.6841814055442375,0.6500000013936217
3,2,3,True,0,0.699999988079071,0.3354511559009552,0.768871768122878,0.5789999971512589
1,0,1,True,0,0.550000011920929,0.4419138729572296,0.6841814055442375,0.6290000063056567
1,1,1,True,1,0.4000000059604645,0.34209373593330383,0.6088195772640365,0.5820000012303785
1,2,1,True,0,0.75,0.3618179261684418,0.7993705370142242,0.591000000410564
1,2,1,True,0,0.8500000238418579,0.3812440037727356,0.8640454394695402,0.599999998363473
1,0,3,False,0,0.6000000238418579,0.24343803524971008,0.7113207692620573,0.5390000012298091
0,1,0,True,0,0.44999998807907104,0.40248969197273254,0.6329695552826582,0.6100000002618106
2,1,2,True,1,0.5,0.656005322933197,0.658077503034407,0.742999984588908
1,2,1,True,1,0.75,0.22179484367370605,0.7993705370142242,0.530000000488792
2,1,2,True,1,0.44999998807907104,0.5211583375930786,0.6329695552826582,0.6689999971277729
1,1,1,True,0,0.44999998807907104,0.2553063929080963,0.6329695552826582,0.5439999988025059
0,1,0,True,1,0.44999998807907104,0.29714739322662354,0.6329695552826582,0.5620000042133692
0,2,0,True,0,0.75,0.32654064893722534,0.7993705370142242,0.5749999945167829
3,0,3,True,0,0.550000011920929,0.3310036361217499,0.6841814055442375,0.5770000013431426
3,2,3,True,0,0.6000000238418579,0.4641976058483124,0.7113207692620573,0.6400000013129329
2,1,2,True,0,0.4000000059604645,0.33766916394233704,0.6088195772640365,0.5799999977030665
1,2,1,True,1,1.0,0.35308897495269775,0.971,0.587000005058579
0,1,0,True,1,0.44999998807907104,0.7638012170791626,0.6329695552826582,0.8079999849095449
0,0,0,True,0,0.550000011920929,0.24582049250602722,0.6841814055442375,0.5400000017738655
3,2,3,True,0,0.699999988079071,0.3812440037727356,0.768871768122878,0.599999998363473
1,2,1,True,0,0.699999988079071,0.42338991165161133,0.768871768122878,0.6200000046867694
1,1,1,True,0,0.44999998807907104,0.3661602735519409,0.6329695552826582,0.592999998817374
1,0,1,True,1,0.6000000238418579,0.3596412241458893,0.7113207692620573,0.5899999944934109
2,0,0,False,1,0.6000000238418579,0.29256507754325867,0.7113207692620573,0.5599999986660849
2,2,2,True,0,0.699999988079071,0.5249951481819153,0.768871768122878,0.6709999908340439
0,2,0,True,1,1.0,0.3618179261684418,0.971,0.591000000410564
3,0,3,True,1,0.6000000238418579,0.3153149485588074,0.7113207692620573,0.5699999949628566
3,2,3,True,0,0.699999988079071,0.33766916394233704,0.768871768122878,0.5799999977030665
2,2,2,True,1,0.699999988079071,0.24582049250602722,0.768871768122878,0.5400000017738655
3,2,3,True,0,0.6000000238418579,0.4702085256576538,0.7113207692620573,0.6429999967585903
2,2,2,True,1,0.75,0.5288205742835999,0.7993705370142242,0.6730000026427778
0,0,0,True,0,0.550000011920929,0.27639713883399963,0.6841814055442375,0.553000001098508
3,1,3,True,0,0.4000000059604645,0.33766916394233704,0.6088195772640365,0.5799999977030665
0,3,0,True,1,0.3499999940395355,0.6680581569671631,0.5855909908654705,0.750000009687365
1,1,1,True,0,0.5,0.27639713883399963,0.658077503034407,0.553000001098508
0,3,0,True,0,0.3499999940395355,0.4439556896686554,0.5855909908654705,0.6299999975354973
2,2,2,True,1,0.699999988079071,0.6663432121276855,0.768871768122878,0.7489999969699348
0,0,0,True,0,0.6000000238418579,0.29256507754325867,0.7113207692620573,0.5599999986660849
2,0,2,True,0,0.550000011920929,0.3596412241458893,0.6841814055442375,0.5899999944934109
1,2,1,True,0,0.75,0.5037494897842407,0.7993705370142242,0.6600000042038996
3,2,3,True,1,0.6499999761581421,0.48807448148727417,0.7395366334422223,0.6520000033843422
0,3,0,True,0,0.3499999940395355,0.4275294840335846,0.5855909908654705,0.6220000070202574
1,1,1,True,0,0.44999998807907104,0.29485827684402466,0.6329695552826582,0.561000001187531
2,2,2,True,1,0.6000000238418579,0.4045950770378113,0.7113207692620573,0.6110000023402741
0,2,0,True,1,0.699999988079071,0.3443003296852112,0.768871768122878,0.5830000058412748
1,0,1,True,1,0.550000011920929,0.33766916394233704,0.6841814055442375,0.5799999977030665
2,2,2,True,1,0.75,0.5037494897842407,0.7993705370142242,0.6600000042038996
1,0,1,True,1,0.550000011920929,0.42338991165161133,0.6841814055442375,0.6200000046867694
2,2,2,True,1,0.6000000238418579,0.636833906173706,0.7113207692620573,0.7320000026925029
0,2,0,True,0,0.800000011920929,0.4150705635547638,0.8310790978922871,0.6160000041365007
0,2,0,True,1,0.699999988079071,0.40248969197273254,0.768871768122878,0.6100000002618106
3,2,3,True,0,0.6000000238418579,0.3153149485588074,0.7113207692620573,0.5699999949628566
2,1,2,True,1,0.4000000059604645,0.5496591925621033,0.6088195772640365,0.6840000120373209
2,2,2,True,1,1.0,0.3876546621322632,0.971,0.6029999976780734
2,2,2,True,1,0.699999988079071,0.33766916394233704,0.768871768122878,0.5799999977030665
0,1,0,True,0,0.44999998807907104,0.42338991165161133,0.6329695552826582,0.6200000046867694
2,2,2,True,1,0.6000000238418579,0.4998486042022705,0.7113207692620573,0.6579999945792723
1,2,1,True,1,0.699999988079071,0.3639909327030182,0.768871768122878,0.5919999991910871
2,2,2,True,0,0.8999999761581421,0.36832594871520996,0.8983194123648568,0.5939999935821837
3,2,3,True,1,0.699999988079071,0.3198170065879822,0.768871768122878,0.5719999974815364
3,0,3,True,1,0.6000000238418579,0.22179484367370605,0.7113207692620573,0.530000000488792
2,2,2,True,0,0.6000000238418579,0.29026779532432556,0.7113207692620573,0.559000002995557
0,2,0,True,0,1.0,0.6155881881713867,0.971,0.7199999836812788
3,0,3,True,0,0.550000011920929,0.8304459452629089,0.6841814055442375,0.8510000091212097
2,1,2,True,1,0.44999998807907104,0.601226806640625,0.6329695552826582,0.7120000107926829
3,1,3,True,1,0.4000000059604645,0.3618179261684418,0.6088195772640365,0.591000000410564
2,0,2,True,1,0.6000000238418579,0.48016470670700073,0.7113207692620573,0.6480000042340459
0,1,0,True,0,0.4000000059604645,0.2623751759529114,0.6088195772640365,0.547000004689126
0,2,0,True,1,0.800000011920929,0.6951902508735657,0.8310790978922871,0.7660000173863697
2,0,2,True,1,0.550000011920929,0.5738587975502014,0.6841814055442375,0.6969999993252933
3,2,3,True,1,1.0,0.3769524097442627,0.971,0.5980000036639656
2,2,2,True,1,0.75,0.3618179261684418,0.7993705370142242,0.591000000410564
0,2,0,True,1,0.6000000238418579,0.2242177128791809,0.7113207692620573,0.5309999982366974
0,0,0,True,0,0.550000011920929,0.6155881881713867,0.6841814055442375,0.7199999836812788
0,1,0,True,1,0.4000000059604645,0.3153149485588074,0.6088195772640365,0.5699999949628566
1,2,3,False,1,1.0,0.2994324266910553,0.971,0.5630000013857446
3,2,3,True,1,0.800000011920929,0.40038084983825684,0.8310790978922871,0.6089999968669422
3,2,3,True,0,0.6499999761581421,0.2694052755832672,0.7395366334422223,0.5500000017162529
0,1,0,True,1,0.44999998807907104,0.3748012185096741,0.6329695552826582,0.5970000022301625
2,1,2,True,0,0.5,0.40248969197273254,0.658077503034407,0.6100000002618106
1,2,1,True,1,0.75,0.6138017773628235,0.7993705370142242,0.7189999932327383
2,0,2,True,1,0.550000011920929,0.40248969197273254,0.6841814055442375,0.6100000002618106
1,1,1,True,1,0.44999998807907104,0.308532178401947,0.6329695552826582,0.5670000011910246
3,0,0,False,0,0.550000011920929,0.40669700503349304,0.6841814055442375,0.6119999977165095
3,1,3,True,1,0.44999998807907104,0.3310036361217499,0.6329695552826582,0.5770000013431426
0,3,0,True,0,0.3499999940395355,0.3107970952987671,0.5855909908654705,0.5680000053827252
2,2,2,True,0,1.0,0.3748012185096741,0.971,0.5970000022301625
0,0,0,True,0,0.550000011920929,0.3812440037727356,0.6841814055442375,0.599999998363473
2,0,2,True,0,0.550000011920929,0.3812440037727356,0.6841814055442375,0.599999998363473
3,2,3,True,1,0.6000000238418579,0.38338443636894226,0.7113207692620573,0.6009999943513901
3,2,3,True,0,0.6499999761581421,0.5153815746307373,0.7395366334422223,0.6660000135132109
0,2,0,True,0,0.699999988079071,0.2386598289012909,0.768871768122878,0.5369999990486598
1,1,3,False,1,0.4000000059604645,0.48807448148727417,0.6088195772640365,0.6520000033843422
0,0,0,True,0,0.550000011920929,0.3855213224887848,0.6841814055442375,0.6019999959607932
2,2,2,True,0,0.75,0.30171340703964233,0.7993705370142242,0.5639999994126826
3,1,3,True,0,0.4000000059604645,0.22904980182647705,0.6088195772640365,0.5329999974819276
1,2,1,True,0,0.800000011920929,0.17235280573368073,0.8310790978922871,0.5100000023525977
1,0,1,True,0,0.550000011920929,0.29026779532432556,0.6841814055442375,0.559000002995557
1,1,1,True,1,0.5,0.48412567377090454,0.658077503034407,0.6500000013936217
2,1,2,True,0,0.44999998807907104,0.4821467101573944,0.6329695552826582,0.6489999998467633
3,2,3,True,0,0.699999988079071,0.5421205163002014,0.768871768122878,0.6799999933743011
1,1,1,True,1,0.5,0.4520907402038574,0.658077503034407,0.6339999946097808
2,2,2,True,0,0.699999988079071,0.29714739322662354,0.768871768122878,0.5620000042133692
1,1,1,True,1,0.5,0.5345374345779419,0.658077503034407,0.6760000120375971
3,1,3,True,0,0.44999998807907104,0.20224565267562866,0.6329695552826582,0.5220000010712751
1,2,1,True,1,0.6499999761581421,0.6508050560951233,0.7395366334422223,0.7399999934074837
2,3,2,True,0,0.30000001192092896,0.21449869871139526,0.5632486689650297,0.5270000017425633
2,2,2,True,1,0.949999988079071,0.6731892228126526,0.9339529695901586,0.7529999995792407
3,1,3,True,0,0.4000000059604645,0.28335118293762207,0.6088195772640365,0.5560000043586534
2,1,2,True,0,0.5,0.29714739322662354,0.658077503034407,0.5620000042133692
1,2,1,True,0,0.699999988079071,0.1748705953359604,0.768871768122878,0.5109999996742717
1,1,3,False,0,0.5,0.4295942783355713,0.658077503034407,0.6230000066815589
2,2,2,True,1,0.6499999761581421,0.6244832873344421,0.7395366334422223,0.7249999916605938
2,1,2,True,0,0.5,0.2694052755832672,0.658077503034407,0.5500000017162529
0,2,0,True,1,1.0,0.8981107473373413,0.971,0.8970000016448457
2,2,3,False,1,0.8999999761581421,0.1698300689458847,0.8983194123648568,0.5090000028495377
3,2,3,True,1,0.6000000238418579,0.3153149485588074,0.7113207692620573,0.5699999949628566
3,2,3,True,1,0.699999988079071,0.6490669250488281,0.768871768122878,0.7389999832416423
1,2,1,True,0,1.0,0.24343803524971008,0.971,0.5390000012298091
3,1,3,True,0,0.5,0.3748012185096741,0.658077503034407,0.5970000022301625
1,1,1,True,0,0.44999998807907104,0.30171340703964233,0.6329695552826582,0.5639999994126826
3,1,3,True,0,0.4000000059604645,0.24582049250602722,0.6088195772640365,0.5400000017738655
1,0,1,True,1,0.6000000238418579,0.46017464995384216,0.7113207692620573,0.6380000032773165
2,2,2,True,0,0.6499999761581421,0.42338991165161133,0.7395366334422223,0.6200000046867694
2,2,2,True,1,0.75,0.3812440037727356,0.7993705370142242,0.599999998363473
1,0,1,True,0,0.6000000238418579,0.19731153547763824,0.7113207692620573,0.5199999990084729
3,2,3,True,0,0.8999999761581421,0.3596412241458893,0.8983194123648568,0.5899999944934109
0,1,0,True,0,0.44999998807907104,0.5056954622268677,0.6329695552826582,0.6609999885813245
2,0,2,True,0,0.550000011920929,0.35308897495269775,0.6841814055442375,0.587000005058579
1,0,1,True,1,0.550000011920929,0.5552842617034912,0.6841814055442375,0.6869999924912059
1,2,1,True,0,0.6499999761581421,0.13916456699371338,0.7395366334422223,0.4970000025064603
2,1,2,True,0,0.5,0.39826855063438416,0.658077503034407,0.6079999975326807
1,2,1,True,1,0.75,0.4682080149650574,0.7993705370142242,0.642000002023176
1,2,1,True,1,0.6499999761581421,0.6297909617424011,0.7395366334422223,0.7280000041777535
2,2,2,True,0,0.800000011920929,0.3704880177974701,0.8310790978922871,0.5950000053605375
0,2,3,False,1,0.8500000238418579,0.3465031087398529,0.8640454394695402,0.5839999954464355
2,0,2,True,0,0.550000011920929,0.30171340703964233,0.6841814055442375,0.5639999994126826
0,2,0,True,1,0.75,0.28335118293762207,0.7993705370142242,0.5560000043586534
2,0,2,True,1,0.6000000238418579,0.3596412241458893,0.7113207692620573,0.5899999944934109
2,2,2,True,0,0.800000011920929,0.523078203201294,0.8310790978922871,0.6700000089266277
1,2,1,True,1,0.75,0.5095786452293396,0.7993705370142242,0.6629999853834717
1,2,1,True,0,0.699999988079071,0.3596412241458893,0.768871768122878,0.5899999944934109
2,1,2,True,1,0.5,0.29026779532432556,0.658077503034407,0.559000002995557
0,1,0,True,1,0.44999998807907104,0.43165573477745056,0.6329695552826582,0.6239999936034302
0,0,0,True,1,0.6000000238418579,0.3107970952987671,0.7113207692620573,0.5680000053827252
3,0,3,True,1,0.6000000238418579,0.40248969197273254,0.7113207692620573,0.6100000002618106
3,2,0,False,1,0.949999988079071,0.27639713883399963,0.9339529695901586,0.553000001098508
0,1,0,True,0,0.4000000059604645,0.32430335879325867,0.6088195772640365,0.5740000036699657
2,3,2,True,1,0.25,0.5383345484733582,0.5417587713672438,0.677999992582976
3,0,3,True,1,0.550000011920929,0.42131510376930237,0.6841814055442375,0.6189999980109001
2,2,2,True,0,0.699999988079071,0.3790999948978424,0.768871768122878,0.5989999996127661
0,1,0,True,1,0.4000000059604645,0.32430335879325867,0.6088195772640365,0.5740000036699657
1,2,1,True,0,0.75,0.38338443636894226,0.7993705370142242,0.6009999943513901
0,2,0,True,0,0.699999988079071,0.5664611458778381,0.768871768122878,0.6929999875251339
2,2,1,False,1,0.75,0.40038084983825684,0.7993705370142242,0.6089999968669422
2,2,2,True,0,0.699999988079071,0.40248969197273254,0.768871768122878,0.6100000002618106
0,3,0,True,0,0.3499999940395355,0.36832594871520996,0.5855909908654705,0.5939999935821837
3,2,3,True,0,0.800000011920929,0.3812440037727356,0.8310790978922871,0.599999998363473
2,1,2,True,1,0.44999998807907104,0.5793792009353638,0.6329695552826582,0.6999999930529267
0,2,0,True,0,0.6499999761581421,0.2694052755832672,0.7395366334422223,0.5500000017162529
1,1,1,True,1,0.5,0.4171554446220398,0.658077503034407,0.6169999996816915
0,1,0,True,0,0.5,0.3596412241458893,0.658077503034407,0.5899999944934109
0,2,0,True,1,0.75,0.7085444927215576,0.7993705370142242,0.774000015000365
0,2,0,True,0,0.949999988079071,0.2576669752597809,0.9339529695901586,0.5450000004380767
3,0,3,True,0,0.550000011920929,0.4821467101573944,0.6841814055442375,0.6489999998467633
3,0,3,True,1,0.550000011920929,0.6799989342689514,0.6841814055442375,0.7569999852387321
2,2,2,True,1,0.6000000238418579,0.3354511559009552,0.7113207692620573,0.5789999971512589
2,2,2,True,1,0.75,0.6850826740264893,0.7993705370142242,0.7599999911836276
0,1,0,True,0,0.44999998807907104,0.20224565267562866,0.6329695552826582,0.5220000010712751
2,2,2,True,1,0.8500000238418579,0.5421205163002014,0.8640454394695402,0.6799999933743011
1,1,1,True,1,0.5,0.4045950770378113,0.658077503034407,0.6110000023402741
3,2,3,True,0,0.75,0.19235841929912567,0.7993705370142242,0.5180000030009603
2,2,2,True,1,0.8999999761581421,0.6030307412147522,0.8983194123648568,0.7129999863200077
0,3,2,False,1,0.25,0.2623751759529114,0.5417587713672438,0.547000004689126
0,1,0,True,0,0.5,0.3153149485588074,0.658077503034407,0.5699999949628566
0,1,0,True,0,0.5,0.3596412241458893,0.658077503034407,0.5899999944934109
2,2,2,True,0,0.6499999761581421,0.4621877074241638,0.7395366334422223,0.6390000050779484
1,0,1,True,0,0.550000011920929,0.3596412241458893,0.6841814055442375,0.5899999944934109
1,1,1,True,1,0.5,0.19731153547763824,0.658077503034407,0.5199999990084729
2,2,2,True,1,0.699999988079071,0.4821467101573944,0.768871768122878,0.6489999998467633
0,1,0,True,0,0.5,0.3596412241458893,0.658077503034407,0.5899999944934109
3,2,3,True,0,0.699999988079071,0.5288205742835999,0.768871768122878,0.6730000026427778
2,2,2,True,1,1.0,0.8439679741859436,0.971,0.8599999915560077
2,3,2,True,0,0.30000001192092896,0.4998486042022705,0.5632486689650297,0.6579999945792723
2,2,2,True,0,0.75,0.3940335214138031,0.7993705370142242,0.6060000044077539
1,1,1,True,0,0.5,0.24105115234851837,0.658077503034407,0.5380000001029064
3,0,3,True,0,0.550000011920929,0.24582049250602722,0.6841814055442375,0.5400000017738655
0,2,0,True,0,1.0,0.48412567377090454,0.971,0.6500000013936217
2,1,2,True,1,0.5,0.4439556896686554,0.658077503034407,0.6299999975354973
2,2,2,True,1,1.0,0.7250444889068604,0.971,0.7839999950374748
0,2,0,True,1,0.6499999761581421,0.4398687779903412,0.7395366334422223,0.6280000006288825
0,3,0,True,0,0.3499999940395355,0.42338991165161133,0.5855909908654705,0.6200000046867694
0,2,0,True,1,0.699999988079071,0.4045950770378113,0.768871768122878,0.6110000023402741
3,1,3,True,0,0.5,0.29485827684402466,0.658077503034407,0.561000001187531
2,2,2,True,0,0.699999988079071,0.6155881881713867,0.768871768122878,0.7199999836812788
0,2,0,True,0,0.6499999761581421,0.42338991165161133,0.7395366334422223,0.6200000046867694
3,3,3,True,0,0.30000001192092896,0.2647227942943573,0.5632486689650297,0.5479999938412414
2,2,2,True,1,0.800000011920929,0.3812440037727356,0.8310790978922871,0.599999998363473
1,1,1,True,1,0.5,0.48412567377090454,0.658077503034407,0.6500000013936217
2,2,2,True,1,0.699999988079071,0.3574608564376831,0.768871768122878,0.5890000008539068
3,0,3,True,1,0.550000011920929,0.33988335728645325,0.6841814055442375,0.5810000010414563
3,1,3,True,1,0.44999998807907104,0.6594605445861816,0.6329695552826582,0.7449999955396052
2,0,2,True,0,0.550000011920929,0.419236958026886,0.6841814055442375,0.6179999993857016
2,0,2,True,1,0.550000011920929,0.43576881289482117,0.6841814055442375,0.625999995435672
3,2,1,False,0,0.8999999761581421,0.19978095591068268,0.8983194123648568,0.5209999976935672
3,2,3,True,0,0.6000000238418579,0.18738612532615662,0.7113207692620573,0.516000000251395
1,2,1,True,1,0.6000000238418579,0.3812440037727356,0.7113207692620573,0.599999998363473
1,1,1,True,0,0.5,0.24343803524971008,0.658077503034407,0.5390000012298091
3,2,3,True,1,0.699999988079071,0.8764351010322571,0.768871768122878,0.8819999930677717
3,1,3,True,0,0.5,0.40248969197273254,0.658077503034407,0.6100000002618106
3,2,3,True,0,0.6499999761581421,0.33322933316230774,0.7395366334422223,0.5780000053118328
2,0,2,True,0,0.550000011920929,0.4742002487182617,0.6841814055442375,0.6449999954493963
2,0,2,True,1,0.550000011920929,0.7266829013824463,0.6841814055442375,0.7849999948653199
0,2,0,True,1,0.699999988079071,0.6799989342689514,0.768871768122878,0.7569999852387321
2,2,2,True,1,0.699999988079071,0.46620437502861023,0.768871768122878,0.6410000019167172
1,2,1,True,0,0.800000011920929,0.2647227942943573,0.8310790978922871,0.5479999938412414
1,2,1,True,1,0.699999988079071,0.3508974313735962,0.768871768122878,0.5860000008743051
1,1,0,False,1,0.5,0.22179484367370605,0.658077503034407,0.530000000488792
1,2,1,True,0,0.75,0.3310036361217499,0.7993705370142242,0.5770000013431426
3,2,3,True,0,0.6499999761581421,0.26706618070602417,0.7395366334422223,0.5490000035364818
2,2,2,True,1,0.949999988079071,0.45613905787467957,0.9339529695901586,0.6360000026529686
1,2,1,True,0,0.6499999761581421,0.48016470670700073,0.7395366334422223,0.6480000042340459
2,1,2,True,1,0.5,0.28566086292266846,0.658077503034407,0.5570000058769908
3,1,3,True,1,0.5,0.2047056257724762,0.658077503034407,0.52300000179344
0,3,0,True,1,0.30000001192092896,0.29256507754325867,0.5632486689650297,0.5599999986660849
2,3,2,True,1,0.3499999940395355,0.48807448148727417,0.5855909908654705,0.6520000033843422
3,1,3,True,0,0.4000000059604645,0.29256507754325867,0.6088195772640365,0.5599999986660849
3,1,3,True,1,0.44999998807907104,0.5939854383468628,0.6329695552826582,0.7079999956924453
1,0,1,True,1,0.550000011920929,0.3790999948978424,0.6841814055442375,0.5989999996127661
2,2,2,True,0,0.699999988079071,0.48412567377090454,0.768871768122878,0.6500000013936217
0,0,1,False,1,0.6000000238418579,0.14946790039539337,0.7113207692620573,0.5010000004429338
1,0,1,True,1,0.550000011920929,0.3812440037727356,0.6841814055442375,0.599999998363473
3,2,3,True,0,0.800000011920929,0.5848760008811951,0.8310790978922871,0.7029999894420969
0,2,0,True,1,0.8999999761581421,0.35527676343917847,0.8983194123648568,0.5879999979029831
2,2,2,True,1,0.6499999761581421,0.5037494897842407,0.7395366334422223,0.6600000042038996
1,1,1,True,1,0.44999998807907104,0.5076385736465454,0.6329695552826582,0.6620000145171903
0,1,0,True,0,0.4000000059604645,0.19235841929912567,0.6088195772640365,0.5180000030009603
1,3,1,True,0,0.3499999940395355,0.22904980182647705,0.5855909908654705,0.5329999974819276
0,2,0,True,0,0.699999988079071,0.21693535149097443,0.768871768122878,0.5280000012242887
1,0,1,True,1,0.550000011920929,0.4742002487182617,0.6841814055442375,0.6449999954493963
1,2,0,False,1,0.699999988079071,0.42338991165161133,0.768871768122878,0.6200000046867694
2,0,2,True,0,0.6000000238418579,0.3812440037727356,0.7113207692620573,0.599999998363473
1,2,1,True,1,0.6499999761581421,0.7018846869468689,0.7395366334422223,0.7699999993629786
3,2,3,True,1,0.75,0.3153149485588074,0.7993705370142242,0.5699999949628566
2,1,2,True,1,0.4000000059604645,0.3812440037727356,0.6088195772640365,0.599999998363473
2,2,2,True,1,0.6499999761581421,0.29485827684402466,0.7395366334422223,0.561000001187531
0,2,0,True,0,0.6499999761581421,0.32654064893722534,0.7395366334422223,0.5749999945167829
1,2,1,True,1,0.8999999761581421,0.6473264694213867,0.8983194123648568,0.7379999897497476
0,0,0,True,0,0.550000011920929,0.26002323627471924,0.6841814055442375,0.5460000046421294
0,1,0,True,0,0.5,0.2694052755832672,0.658077503034407,0.5500000017162529
0,2,0,True,0,0.75,0.24582049250602722,0.7993705370142242,0.5400000017738655
1,2,1,True,1,0.6499999761581421,0.4641976058483124,0.7395366334422223,0.6400000013129329
2,1,2,True,0,0.5,0.4129822850227356,0.658077503034407,0.6150000037195905
2,2,2,True,1,1.0,0.5921686887741089,0.971,0.7069999836614034
0,1,0,True,1,0.5,0.4459942877292633,0.658077503034407,0.6309999984516933
0,0,0,True,0,0.550000011920929,0.4378204345703125,0.6841814055442375,0.6270000001630176
1,1,1,True,0,0.44999998807907104,0.3790999948978424,0.6329695552826582,0.5989999996127661
0,0,0,True,1,0.550000011920929,0.19731153547763824,0.6841814055442375,0.5199999990084729
0,2,0,True,0,0.8999999761581421,0.40248969197273254,0.8983194123648568,0.6100000002618106
1,0,1,True,0,0.6000000238418579,0.3354511559009552,0.7113207692620573,0.5789999971512589
0,0,0,True,0,0.550000011920929,0.3812440037727356,0.6841814055442375,0.599999998363473
1,2,1,True,1,0.75,0.43576881289482117,0.7993705370142242,0.625999995435672
0,2,0,True,0,0.6499999761581421,0.1698300689458847,0.7395366334422223,0.5090000028495377
2,1,2,True,1,0.44999998807907104,0.5793792009353638,0.6329695552826582,0.6999999930529267
0,2,0,True,0,0.8999999761581421,0.4641976058483124,0.8983194123648568,0.6400000013129329
0,1,0,True,1,0.44999998807907104,0.4641976058483124,0.6329695552826582,0.6400000013129329
0,2,0,True,0,0.6499999761581421,0.3812440037727356,0.7395366334422223,0.599999998363473
0,0,0,True,1,0.6000000238418579,0.48412567377090454,0.7113207692620573,0.6500000013936217
2,2,2,True,1,0.800000011920929,0.5421205163002014,0.8310790978922871,0.6799999933743011
1,3,1,True,1,0.3499999940395355,0.42338991165161133,0.5855909908654705,0.6200000046867694
1,1,1,True,0,0.44999998807907104,0.14174814522266388,0.6329695552826582,0.4979999987032846
1,1,1,True,0,0.44999998807907104,0.4150705635547638,0.6329695552826582,0.6160000041365007
0,1,0,True,0,0.5,0.34209373593330383,0.658077503034407,0.5820000012303785
1,2,1,True,1,0.6499999761581421,0.4439556896686554,0.7395366334422223,0.6299999975354973
0,2,0,True,1,0.75,0.5534119606018066,0.7993705370142242,0.6859999926164443
2,2,2,True,0,0.6000000238418579,0.2553063929080963,0.7113207692620573,0.5439999988025059
2,2,2,True,0,0.6499999761581421,0.4781796336174011,0.7395366334422223,0.6470000042710665
3,2,3,True,0,0.6000000238418579,0.33766916394233704,0.7113207692620573,0.5799999977030665
0,0,0,True,0,0.6000000238418579,0.5421205163002014,0.7113207692620573,0.6799999933743011
3,3,3,True,0,0.3499999940395355,0.5812140703201294,0.5855909908654705,0.7009999861602607
2,2,2,True,0,0.75,0.39191073179244995,0.7993705370142242,0.6049999933638269
3,2,3,True,0,0.699999988079071,0.2047056257724762,0.768871768122878,0.52300000179344
0,3,0,True,0,0.3499999940395355,0.4045950770378113,0.5855909908654705,0.6110000023402741
1,2,1,True,0,0.699999988079071,0.2553063929080963,0.768871768122878,0.5439999988025059
3,2,3,True,0,0.699999988079071,0.4761914908885956,0.768871768122878,0.6460000047372518
0,1,0,True,0,0.5,0.3153149485588074,0.658077503034407,0.5699999949628566
1,2,1,True,1,0.6499999761581421,0.16476967930793762,0.7395366334422223,0.5069999986737193
2,1,2,True,1,0.44999998807907104,0.5056954622268677,0.6329695552826582,0.6609999885813245
3,2,3,True,0,0.8999999761581421,0.29485827684402466,0.8983194123648568,0.561000001187531
0,2,0,True,0,0.6499999761581421,0.3812440037727356,0.7395366334422223,0.599999998363473
1,2,1,True,0,0.8999999761581421,0.39826855063438416,0.8983194123648568,0.6079999975326807
3,2,3,True,1,0.6000000238418579,0.4641976058483124,0.7113207692620573,0.6400000013129329
0,2,0,True,1,0.6499999761581421,0.33322933316230774,0.7395366334422223,0.5780000053118328
2,0,2,True,1,0.6000000238418579,0.34870216250419617,0.7113207692620573,0.5850000047715612
1,1,1,True,0,0.44999998807907104,0.4171554446220398,0.6329695552826582,0.6169999996816915
0,1,0,True,0,0.44999998807907104,0.22179484367370605,0.6329695552826582,0.530000000488792
0,0,0,True,0,0.550000011920929,0.29485827684402466,0.6841814055442375,0.561000001187531
2,1,2,True,0,0.5,0.636833906173706,0.658077503034407,0.7320000026925029
2,0,2,True,1,0.550000011920929,0.5867030620574951,0.6841814055442375,0.7039999915253303
3,1,3,True,1,0.5,0.577541708946228,0.658077503034407,0.6990000002142911
3,2,3,True,0,0.6499999761581421,0.3639909327030182,0.7395366334422223,0.5919999991910871
2,2,2,True,1,0.6000000238418579,0.49004432559013367,0.7113207692620573,0.6529999943573211
2,2,2,True,1,0.6499999761581421,0.3596412241458893,0.7395366334422223,0.5899999944934109
0,2,0,True,0,0.949999988079071,0.2994324266910553,0.9339529695901586,0.5630000013857446
2,2,2,True,1,0.8999999761581421,0.42338991165161133,0.8983194123648568,0.6200000046867694
0,1,0,True,1,0.5,0.3790999948978424,0.658077503034407,0.5989999996127661
0,2,0,True,0,0.699999988079071,0.20961149036884308,0.768871768122878,0.5250000023269161
0,2,0,True,0,1.0,0.27407073974609375,0.971,0.5520000006930108
3,0,3,True,0,0.550000011920929,0.3812440037727356,0.6841814055442375,0.599999998363473
1,1,1,True,1,0.44999998807907104,0.6173721551895142,0.6329695552826582,0.7209999940943931
0,2,0,True,0,0.6499999761581421,0.18987467885017395,0.7395366334422223,0.5170000024850443
0,0,0,True,0,0.550000011920929,0.5364373922348022,0.6841814055442375,0.6770000015404591
1,1,1,True,1,0.44999998807907104,0.5440093278884888,0.6329695552826582,0.680999994476731
3,2,3,True,1,0.800000011920929,0.3596412241458893,0.8310790978922871,0.5899999944934109
0,0,0,True,1,0.6000000238418579,0.33766916394233704,0.7113207692620573,0.5799999977030665
2,2,2,True,1,0.6499999761581421,0.29256507754325867,0.7395366334422223,0.5599999986660849
0,2,0,True,1,0.6499999761581421,0.33766916394233704,0.7395366334422223,0.5799999977030665
3,0,3,True,1,0.550000011920929,0.33322933316230774,0.6841814055442375,0.5780000053118328
0,2,0,True,0,0.6499999761581421,0.22663603723049164,0.7395366334422223,0.5320000016500914
3,1,3,True,0,0.5,0.24582049250602722,0.658077503034407,0.5400000017738655
0,2,0,True,1,0.8500000238418579,0.2694052755832672,0.8640454394695402,0.5500000017162529
1,0,1,True,0,0.6000000238418579,0.4998486042022705,0.7113207692620573,0.6579999945792723
0,1,0,True,0,0.44999998807907104,0.24582049250602722,0.6329695552826582,0.5400000017738655
3,2,3,True,1,1.0,0.628024160861969,0.971,0.7269999942109775
0,1,0,True,0,0.44999998807907104,0.3574608564376831,0.6329695552826582,0.5890000008539068
1,2,1,True,0,0.8999999761581421,0.4520907402038574,0.8983194123648568,0.6339999946097808
3,0,3,True,0,0.550000011920929,0.4781796336174011,0.6841814055442375,0.6470000042710665
2,2,2,True,1,0.6499999761581421,0.5477786660194397,0.7395366334422223,0.6830000081040974
1,2,1,True,0,0.800000011920929,0.5793792009353638,0.8310790978922871,0.6999999930529267
3,1,3,True,0,0.44999998807907104,0.45613905787467957,0.6329695552826582,0.6360000026529686
2,2,1,False,1,0.949999988079071,0.308532178401947,0.9339529695901586,0.5670000011910246
3,2,3,True,0,0.6000000238418579,0.4920111894607544,0.7113207692620573,0.6540000026505938
3,1,3,True,0,0.5,0.2553063929080963,0.658077503034407,0.5439999988025059
2,2,2,True,0,0.75,0.3596412241458893,0.7993705370142242,0.5899999944934109
3,2,3,True,0,0.6499999761581421,0.3812440037727356,0.7395366334422223,0.599999998363473
3,1,3,True,0,0.5,0.30171340703964233,0.658077503034407,0.5639999994126826
0,2,0,True,1,0.949999988079071,0.4295942783355713,0.9339529695901586,0.6230000066815589
1,3,1,True,1,0.3499999940395355,0.23145905137062073,0.5855909908654705,0.5339999971886118
3,1,3,True,1,0.5,0.6315553188323975,0.658077503034407,0.7290000036479916
2,2,2,True,1,0.699999988079071,0.3769524097442627,0.768871768122878,0.5980000036639656
3,2,3,True,1,0.6499999761581421,0.40248969197273254,0.7395366334422223,0.6100000002618106
1,1,1,True,0,0.5,0.20961149036884308,0.658077503034407,0.5250000023269161
1,0,1,True,0,0.6000000238418579,0.32654064893722534,0.7113207692620573,0.5749999945167829
1,2,1,True,0,0.699999988079071,0.2694052755832672,0.768871768122878,0.5500000017162529
2,1,2,True,0,0.44999998807907104,0.2717401087284088,0.6329695552826582,0.5509999944515519
0,3,0,True,1,0.3499999940395355,0.45411649346351624,0.5855909908654705,0.6349999989235079
0,1,3,False,1,0.44999998807907104,0.3465031087398529,0.6329695552826582,0.5839999954464355
1,0,1,True,1,0.550000011920929,0.328774094581604,0.6841814055442375,0.5760000046448289
2,2,2,True,0,0.949999988079071,0.3596412241458893,0.9339529695901586,0.5899999944934109
3,0,3,True,1,0.550000011920929,0.3153149485588074,0.6841814055442375,0.5699999949628566
2,2,2,True,1,1.0,0.4439556896686554,0.971,0.6299999975354973
3,2,3,True,1,1.0,0.4275294840335846,0.971,0.6220000070202574
3,2,3,True,0,0.8999999761581421,0.21205741167068481,0.8983194123648568,0.5259999997071105
1,1,1,True,1,0.5,0.6385886073112488,0.658077503034407,0.7329999900508156
1,2,1,True,1,0.699999988079071,0.29256507754325867,0.768871768122878,0.5599999986660849
0,0,0,True,1,0.550000011920929,0.3790999948978424,0.6841814055442375,0.5989999996127661
3,2,3,True,1,0.949999988079071,0.4702085256576538,0.9339529695901586,0.6429999967585903
0,2,0,True,0,0.6499999761581421,0.40248969197273254,0.7395366334422223,0.6100000002618106
2,2,2,True,1,0.6499999761581421,0.4378204345703125,0.7395366334422223,0.6270000001630176
2,2,2,True,1,0.699999988079071,0.3961527645587921,0.768871768122878,0.6069999935530198
2,0,2,True,1,0.550000011920929,0.3961527645587921,0.6841814055442375,0.6069999935530198
1,1,1,True,1,0.44999998807907104,0.6244832873344421,0.6329695552826582,0.7249999916605938
0,1,0,True,1,0.4000000059604645,0.4439556896686554,0.6088195772640365,0.6299999975354973
3,2,3,True,1,1.0,0.46620437502861023,0.971,0.6410000019167172
2,0,2,True,0,0.550000011920929,0.3596412241458893,0.6841814055442375,0.5899999944934109
0,1,0,True,0,0.44999998807907104,0.4500617980957031,0.6329695552826582,0.632999994670712
3,1,3,True,0,0.44999998807907104,0.29256507754325867,0.6329695552826582,0.5599999986660849
1,2,1,True,0,0.6000000238418579,0.3769524097442627,0.7113207692620573,0.5980000036639656
3,0,3,True,1,0.550000011920929,0.42338991165161133,0.6841814055442375,0.6200000046867694
1,2,1,True,1,0.75,0.3812440037727356,0.7993705370142242,0.599999998363473
0,0,0,True,0,0.550000011920929,0.3354511559009552,0.6841814055442375,0.5789999971512589
2,2,2,True,0,0.6000000238418579,0.3876546621322632,0.7113207692620573,0.6029999976780734
3,0,3,True,1,0.6000000238418579,0.48412567377090454,0.7113207692620573,0.6500000013936217
2,2,2,True,1,0.75,0.328774094581604,0.7993705370142242,0.5760000046448289
1,2,1,True,0,0.8500000238418579,0.4439556896686554,0.8640454394695402,0.6299999975354973
2,0,2,True,0,0.550000011920929,0.2717401087284088,0.6841814055442375,0.5509999944515519
0,2,0,True,0,1.0,0.28796637058258057,0.971,0.5579999946350287
3,1,3,True,1,0.5,0.40248969197273254,0.658077503034407,0.6100000002618106
1,1,1,True,1,0.44999998807907104,0.4439556896686554,0.6329695552826582,0.6299999975354973
0,2,0,True,0,0.6499999761581421,0.33322933316230774,0.7395366334422223,0.5780000053118328
2,2,2,True,0,0.8999999761581421,0.29256507754325867,0.8983194123648568,0.5599999986660849
0,2,0,True,1,0.800000011920929,0.5037494897842407,0.8310790978922871,0.6600000042038996
2,0,2,True,0,0.550000011920929,0.29256507754325867,0.6841814055442375,0.5599999986660849
2,2,2,True,0,0.6000000238418579,0.33766916394233704,0.7113207692620573,0.5799999977030665
0,0,0,True,1,0.550000011920929,0.29256507754325867,0.6841814055442375,0.5599999986660849
2,1,2,True,1,0.4000000059604645,0.45411649346351624,0.6088195772640365,0.6349999989235079
2,2,2,True,0,0.800000011920929,0.2694052755832672,0.8310790978922871,0.5500000017162529
3,3,3,True,0,0.3499999940395355,0.27871933579444885,0.5855909908654705,0.5540000019118512
0,1,0,True,1,0.5,0.42338991165161133,0.658077503034407,0.6200000046867694
0,2,0,True,1,0.75,0.5345374345779419,0.7993705370142242,0.6760000120375971
1,0,1,True,0,0.550000011920929,0.29256507754325867,0.6841814055442375,0.5599999986660849
0,2,0,True,0,0.6499999761581421,0.4398687779903412,0.7395366334422223,0.6280000006288825
1,3,1,True,1,0.25,0.6155881881713867,0.5417587713672438,0.7199999836812788
1,2,1,True,0,0.949999988079071,0.3508974313735962,0.9339529695901586,0.5860000008743051
1,0,1,True,1,0.550000011920929,0.3220621347427368,0.6841814055442375,0.5729999981902032
1,0,3,False,0,0.6000000238418579,0.32430335879325867,0.7113207692620573,0.5740000036699657
2,1,2,True,0,0.44999998807907104,0.17235280573368073,0.6329695552826582,0.5100000023525977
0,2,0,True,1,0.6499999761581421,0.656005322933197,0.7395366334422223,0.742999984588908
0,2,0,True,1,0.75,0.5976111888885498,0.7993705370142242,0.7099999849109374
0,2,2,False,1,0.699999988079071,0.3812440037727356,0.768871768122878,0.599999998363473
3,0,3,True,1,0.550000011920929,0.40248969197273254,0.6841814055442375,0.6100000002618106
3,1,0,False,1,0.4000000059604645,0.40248969197273254,0.6088195772640365,0.6100000002618106
2,0,2,True,1,0.550000011920929,0.4254613518714905,0.6841814055442375,0.6209999998295582
2,1,2,True,1,0.44999998807907104,0.5976111888885498,0.6329695552826582,0.7099999849109374
2,2,2,True,0,0.6499999761581421,0.24582049250602722,0.7395366334422223,0.5400000017738655
2,0,2,True,1,0.550000011920929,0.2694052755832672,0.6841814055442375,0.5500000017162529
0,2,0,True,0,0.6499999761581421,0.5249951481819153,0.7395366334422223,0.6709999908340439
3,1,3,True,0,0.44999998807907104,0.4087955057621002,0.6329695552826582,0.6129999952092078
1,2,1,True,1,0.949999988079071,0.48412567377090454,0.9339529695901586,0.6500000013936217
2,2,2,True,0,0.75,0.5192356109619141,0.7993705370142242,0.6679999910003619
2,1,1,False,1,0.5,0.3855213224887848,0.658077503034407,0.6019999959607932
3,2,2,False,0,0.8999999761581421,0.308532178401947,0.8983194123648568,0.5670000011910246
1,2,1,True,1,0.6000000238418579,0.33766916394233704,0.7113207692620573,0.5799999977030665
1,2,1,True,1,1.0,0.48807448148727417,0.971,0.6520000033843422
3,2,3,True,1,0.8500000238418579,0.22904980182647705,0.8640454394695402,0.5329999974819276
0,1,0,True,1,0.5,0.4722059369087219,0.658077503034407,0.6439999961737441
0,3,3,False,1,0.30000001192092896,0.3855213224887848,0.5632486689650297,0.6019999959607932
2,1,2,True,0,0.5,0.4959358870983124,0.658077503034407,0.6560000071025891
3,0,3,True,0,0.550000011920929,0.4254613518714905,0.6841814055442375,0.6209999998295582
2,0,2,True,1,0.550000011920929,0.4459942877292633,0.6841814055442375,0.6309999984516933
0,2,0,True,1,0.699999988079071,0.3596412241458893,0.768871768122878,0.5899999944934109
2,2,2,True,0,1.0,0.23145905137062073,0.971,0.5339999971886118
1,2,1,True,0,0.699999988079071,0.3596412241458893,0.768871768122878,0.5899999944934109
1,2,1,True,0,0.75,0.16730235517024994,0.7993705370142242,0.5079999970809916
0,1,0,True,0,0.5,0.5037494897842407,0.658077503034407,0.6600000042038996
0,2,0,True,0,0.699999988079071,0.4254613518714905,0.768871768122878,0.6209999998295582
2,1,2,True,1,0.44999998807907104,0.5440093278884888,0.6329695552826582,0.680999994476731
1,1,1,True,0,0.44999998807907104,0.24819853901863098,0.6329695552826582,0.5410000011131741
0,1,0,True,1,0.44999998807907104,0.26706618070602417,0.6329695552826582,0.5490000035364818
3,2,3,True,1,0.75,0.40248969197273254,0.7993705370142242,0.6100000002618106
2,0,2,True,0,0.550000011920929,0.4398687779903412,0.6841814055442375,0.6280000006288825
3,0,0,False,1,0.6000000238418579,0.29256507754325867,0.7113207692620573,0.5599999986660849
3,2,3,True,0,0.8999999761581421,0.2717401087284088,0.8983194123648568,0.5509999944515519
2,2,2,True,0,0.6000000238418579,0.33766916394233704,0.7113207692620573,0.5799999977030665
2,2,2,True,1,0.800000011920929,0.2047056257724762,0.8310790978922871,0.52300000179344
2,0,2,True,1,0.550000011920929,0.4821467101573944,0.6841814055442375,0.6489999998467633
1,0,1,True,1,0.550000011920929,0.48412567377090454,0.6841814055442375,0.6500000013936217
3,2,3,True,0,0.6499999761581421,0.2647227942943573,0.7395366334422223,0.5479999938412414
0,1,0,True,0,0.4000000059604645,0.16223199665546417,0.6088195772640365,0.5059999977281833
1,1,1,True,0,0.5,0.3812440037727356,0.658077503034407,0.599999998363473
0,0,0,True,1,0.550000011920929,0.4108906090259552,0.6841814055442375,0.6140000037210799
0,2,0,True,1,0.6000000238418579,0.40669700503349304,0.7113207692620573,0.6119999977165095
1,3,1,True,1,0.3499999940395355,0.5326346158981323,0.5855909908654705,0.6749999971262126
0,0,0,True,1,0.550000011920929,0.4045950770378113,0.6841814055442375,0.6110000023402741
2,2,2,True,1,0.800000011920929,0.3661602735519409,0.8310790978922871,0.592999998817374
3,2,3,True,0,0.800000011920929,0.31756794452667236,0.8310790978922871,0.5709999943657259
2,1,2,True,0,0.5,0.3704880177974701,0.658077503034407,0.5950000053605375
0,2,0,True,0,1.0,0.0944298729300499,0.971,0.4799999995287582
1,2,1,True,1,0.6000000238418579,0.501800537109375,0.7113207692620573,0.6590000046509626
0,2,0,True,0,0.800000011920929,0.3354511559009552,0.8310790978922871,0.5789999971512589
3,2,3,True,0,0.6499999761581421,0.4621877074241638,0.7395366334422223,0.6390000050779484
2,0,2,True,0,0.550000011920929,0.3310036361217499,0.6841814055442375,0.5770000013431426
3,0,3,True,1,0.550000011920929,0.3790999948978424,0.6841814055442375,0.5989999996127661
1,2,1,True,0,0.699999988079071,0.40669700503349304,0.768871768122878,0.6119999977165095
1,1,1,True,0,0.44999998807907104,0.12093255668878555,0.6329695552826582,0.489999999500772
3,2,3,True,0,0.8500000238418579,0.2386598289012909,0.8640454394695402,0.5369999990486598
2,0,2,True,1,0.550000011920929,0.2694052755832672,0.6841814055442375,0.5500000017162529
3,1,3,True,1,0.5,0.3704880177974701,0.658077503034407,0.5950000053605375
1,0,1,True,0,0.6000000238418579,0.328774094581604,0.7113207692620573,0.5760000046448289
3,2,3,True,1,1.0,0.3618179261684418,0.971,0.591000000410564
3,2,3,True,0,0.699999988079071,0.308532178401947,0.768871768122878,0.5670000011910246
3,0,3,True,1,0.6000000238418579,0.9348371028900146,0.7113207692620573,0.9230000092806666
2,2,2,True,0,1.0,0.27871933579444885,0.971,0.5540000019118512
2,2,2,True,0,0.6499999761581421,0.40248969197273254,0.7395366334422223,0.6100000002618106
1,1,1,True,1,0.5,0.28796637058258057,0.658077503034407,0.5579999946350287
0,0,0,True,1,0.550000011920929,0.40248969197273254,0.6841814055442375,0.6100000002618106
2,2,2,True,0,0.800000011920929,0.36832594871520996,0.8310790978922871,0.5939999935821837
1,2,1,True,1,1.0,0.43165573477745056,0.971,0.6239999936034302
1,2,1,True,0,0.6499999761581421,0.3198170065879822,0.7395366334422223,0.5719999974815364
2,1,2,True,0,0.44999998807907104,0.3812440037727356,0.6329695552826582,0.599999998363473
1,1,1,True,1,0.5,0.3790999948978424,0.658077503034407,0.5989999996127661
0,1,0,True,1,0.5,0.619153618812561,0.658077503034407,0.7219999872133522
0,2,0,True,1,0.6499999761581421,0.4254613518714905,0.7395366334422223,0.6209999998295582
2,1,2,True,1,0.5,0.6120128631591797,0.658077503034407,0.7179999932252222
3,2,3,True,0,0.6000000238418579,0.45411649346351624,0.7113207692620573,0.6349999989235079
2,0,2,True,1,0.550000011920929,0.5793792009353638,0.6841814055442375,0.6999999930529267
1,0,2,False,1,0.550000011920929,0.35308897495269775,0.6841814055442375,0.587000005058579
2,2,3,False,1,0.800000011920929,0.29256507754325867,0.8310790978922871,0.5599999986660849
0,2,0,True,1,0.6000000238418579,0.1545887589454651,0.7113207692620573,0.5029999991504043
2,2,2,True,1,0.800000011920929,0.6403409838676453,0.8310790978922871,0.7340000160240354
1,1,1,True,0,0.4000000059604645,0.5552842617034912,0.6088195772640365,0.6869999924912059
2,2,2,True,1,0.699999988079071,0.40248969197273254,0.768871768122878,0.6100000002618106
3,2,3,True,0,0.699999988079071,0.17235280573368073,0.768871768122878,0.5100000023525977
2,2,2,True,1,0.6499999761581421,0.328774094581604,0.7395366334422223,0.5760000046448289
2,2,2,True,1,0.6499999761581421,0.33766916394233704,0.7395366334422223,0.5799999977030665
3,1,3,True,1,0.44999998807907104,0.40248969197273254,0.6329695552826582,0.6100000002618106
0,2,3,False,1,0.6499999761581421,0.42338991165161133,0.7395366334422223,0.6200000046867694
0,2,0,True,1,0.699999988079071,0.3790999948978424,0.768871768122878,0.5989999996127661
2,0,2,True,0,0.550000011920929,0.3153149485588074,0.6841814055442375,0.5699999949628566
0,1,0,True,1,0.5,0.4378204345703125,0.658077503034407,0.6270000001630176
0,1,0,True,1,0.44999998807907104,0.45613905787467957,0.6329695552826582,0.6360000026529686
0,2,0,True,1,0.699999988079071,0.49004432559013367,0.768871768122878,0.6529999943573211
0,1,0,True,1,0.44999998807907104,0.5153815746307373,0.6329695552826582,0.6660000135132109
3,1,3,True,1,0.5,0.5590206980705261,0.658077503034407,0.688999990255116
1,1,1,True,0,0.44999998807907104,0.36832594871520996,0.6329695552826582,0.5939999935821837
3,2,3,True,1,0.6499999761581421,0.3961527645587921,0.7395366334422223,0.6069999935530198
2,2,2,True,0,0.8999999761581421,0.40669700503349304,0.8983194123648568,0.6119999977165095
3,0,3,True,1,0.550000011920929,0.2994324266910553,0.6841814055442375,0.5630000013857446
0,2,0,True,0,0.699999988079071,0.7348437905311584,0.768871768122878,0.7899999991132267
2,2,2,True,0,0.699999988079071,0.29256507754325867,0.768871768122878,0.5599999986660849
3,1,3,True,1,0.44999998807907104,0.523078203201294,0.6329695552826582,0.6700000089266277
2,0,2,True,1,0.550000011920929,0.4682080149650574,0.6841814055442375,0.642000002023176
3,1,3,True,0,0.5,0.38338443636894226,0.658077503034407,0.6009999943513901
3,1,3,True,0,0.4000000059604645,0.4621877074241638,0.6088195772640365,0.6390000050779484
0,0,0,True,0,0.6000000238418579,0.28796637058258057,0.7113207692620573,0.5579999946350287
1,1,1,True,0,0.5,0.35527676343917847,0.658077503034407,0.5879999979029831
3,1,3,True,1,0.5,0.36832594871520996,0.658077503034407,0.5939999935821837
2,1,2,True,0,0.5,0.619153618812561,0.658077503034407,0.7219999872133522
1,1,1,True,0,0.44999998807907104,0.2694052755832672,0.6329695552826582,0.5500000017162529
1,2,1,True,0,0.75,0.3812440037727356,0.7993705370142242,0.599999998363473
2,1,2,True,1,0.44999998807907104,0.601226806640625,0.6329695552826582,0.7120000107926829
2,2,2,True,1,0.6499999761581421,0.42338991165161133,0.7395366334422223,0.6200000046867694
1,2,1,True,0,0.800000011920929,0.3769524097442627,0.8310790978922871,0.5980000036639656
0,1,0,True,1,0.5,0.35308897495269775,0.658077503034407,0.587000005058579
2,1,2,True,0,0.5,0.3153149485588074,0.658077503034407,0.5699999949628566
1,2,1,True,0,0.6499999761581421,0.5037494897842407,0.7395366334422223,0.6600000042038996
0,1,0,True,1,0.44999998807907104,0.26002323627471924,0.6329695552826582,0.5460000046421294
2,0,2,True,0,0.550000011920929,0.328774094581604,0.6841814055442375,0.5760000046448289
2,2,2,True,1,0.6499999761581421,0.48412567377090454,0.7395366334422223,0.6500000013936217
2,1,2,True,0,0.5,0.18738612532615662,0.658077503034407,0.516000000251395
1,2,1,True,1,0.800000011920929,0.5076385736465454,0.8310790978922871,0.6620000145171903
1,2,1,True,1,0.699999988079071,0.3812440037727356,0.768871768122878,0.599999998363473
3,2,3,True,0,0.6499999761581421,0.3812440037727356,0.7395366334422223,0.599999998363473
2,2,2,True,0,0.6000000238418579,0.1698300689458847,0.7113207692620573,0.5090000028495377
2,0,2,True,0,0.6000000238418579,0.306263267993927,0.7113207692620573,0.565999999023059
1,1,1,True,1,0.44999998807907104,0.5994202494621277,0.6329695552826582,0.7109999869912261
1,0,1,True,0,0.6000000238418579,0.18738612532615662,0.7113207692620573,0.516000000251395
3,1,3,True,0,0.44999998807907104,0.3596412241458893,0.6329695552826582,0.5899999944934109
0,1,0,True,1,0.44999998807907104,0.3574608564376831,0.6329695552826582,0.5890000008539068
2,1,2,True,0,0.5,0.4761914908885956,0.658077503034407,0.6460000047372518
3,2,3,True,0,0.6000000238418579,0.501800537109375,0.7113207692620573,0.6590000046509626
0,2,0,True,1,1.0,0.3704880177974701,0.971,0.5950000053605375
3,1,3,True,0,0.5,0.3618179261684418,0.658077503034407,0.591000000410564
1,0,1,True,0,0.550000011920929,0.29256507754325867,0.6841814055442375,0.5599999986660849
1,2,1,True,0,0.6499999761581421,0.37264642119407654,0.7395366334422223,0.5960000009269539
2,2,2,True,0,0.699999988079071,0.5134501457214355,0.768871768122878,0.6649999893374305
1,2,1,True,0,0.75,0.5173100233078003,0.7993705370142242,0.6669999949844069
0,2,0,True,1,0.699999988079071,0.49004432559013367,0.768871768122878,0.6529999943573211
2,1,2,True,0,0.4000000059604645,0.5921686887741089,0.6088195772640365,0.7069999836614034
2,2,2,True,1,0.6000000238418579,0.38338443636894226,0.7113207692620573,0.6009999943513901
2,0,2,True,1,0.550000011920929,0.523078203201294,0.6841814055442375,0.6700000089266277
0,2,0,True,1,0.699999988079071,0.5757015943527222,0.768871768122878,0.6980000117218337
2,0,2,True,1,0.6000000238418579,0.42131510376930237,0.7113207692620573,0.6189999980109001
2,2,2,True,0,0.6499999761581421,0.2694052755832672,0.7395366334422223,0.5500000017162529
3,0,3,True,1,0.550000011920929,0.5664611458778381,0.6841814055442375,0.6929999875251339
1,0,1,True,0,0.6000000238418579,0.24343803524971008,0.7113207692620573,0.5390000012298091
1,2,1,True,0,0.6499999761581421,0.40248969197273254,0.7395366334422223,0.6100000002618106
3,0,3,True,1,0.550000011920929,0.43165573477745056,0.6841814055442375,0.6239999936034302
0,2,0,True,0,0.8999999761581421,0.4045950770378113,0.8983194123648568,0.6110000023402741
3,2,3,True,1,0.6499999761581421,0.6680581569671631,0.7395366334422223,0.750000009687365
3,2,3,True,0,0.6000000238418579,0.27871933579444885,0.7113207692620573,0.5540000019118512
0,3,0,True,1,0.3499999940395355,0.4439556896686554,0.5855909908654705,0.6299999975354973
2,2,2,True,0,0.6499999761581421,0.22179484367370605,0.7395366334422223,0.530000000488792
2,2,2,True,0,0.800000011920929,0.4295942783355713,0.8310790978922871,0.6230000066815589
2,1,2,True,0,0.5,0.5976111888885498,0.658077503034407,0.7099999849109374
2,2,2,True,0,0.75,0.3574608564376831,0.7993705370142242,0.5890000008539068
1,0,1,True,0,0.6000000238418579,0.306263267993927,0.7113207692620573,0.565999999023059
0,0,0,True,0,0.550000011920929,0.3574608564376831,0.6841814055442375,0.5890000008539068
0,2,0,True,0,0.6499999761581421,0.37264642119407654,0.7395366334422223,0.5960000009269539
1,3,1,True,1,0.3499999940395355,0.6850826740264893,0.5855909908654705,0.7599999911836276
0,2,0,True,0,1.0,0.328774094581604,0.971,0.5760000046448289
3,2,3,True,0,0.6499999761581421,0.5037494897842407,0.7395366334422223,0.6600000042038996
2,2,2,True,1,0.6499999761581421,0.5590206980705261,0.7395366334422223,0.688999990255116
1,0,1,True,1,0.550000011920929,0.4821467101573944,0.6841814055442375,0.6489999998467633
3,2,3,True,0,0.8999999761581421,0.4959358870983124,0.8983194123648568,0.6560000071025891
1,0,1,True,0,0.6000000238418579,0.19483736157417297,0.7113207692620573,0.5190000003162492
3,1,3,True,1,0.44999998807907104,0.48412567377090454,0.6329695552826582,0.6500000013936217
3,2,3,True,0,0.8999999761581421,0.2647227942943573,0.8983194123648568,0.5479999938412414
2,1,2,True,0,0.44999998807907104,0.33766916394233704,0.6329695552826582,0.5799999977030665
0,2,0,True,1,0.699999988079071,0.46620437502861023,0.768871768122878,0.6410000019167172
2,1,2,True,1,0.5,0.3748012185096741,0.658077503034407,0.5970000022301625
3,2,3,True,0,0.8500000238418579,0.20224565267562866,0.8640454394695402,0.5220000010712751
2,2,2,True,0,0.75,0.24582049250602722,0.7993705370142242,0.5400000017738655
2,2,2,True,0,0.6499999761581421,0.4108906090259552,0.7395366334422223,0.6140000037210799
2,2,2,True,1,0.699999988079071,0.633317232131958,0.768871768122878,0.7299999888020932
1,1,1,True,1,0.5,0.501800537109375,0.658077503034407,0.6590000046509626
2,1,2,True,1,0.5,0.4129822850227356,0.658077503034407,0.6150000037195905
3,2,3,True,1,0.75,0.6833903193473816,0.7993705370142242,0.7589999845343992
2,0,2,True,1,0.6000000238418579,0.3596412241458893,0.7113207692620573,0.5899999944934109
1,2,1,True,0,0.699999988079071,0.2386598289012909,0.768871768122878,0.5369999990486598
2,2,2,True,0,0.6499999761581421,0.3812440037727356,0.7395366334422223,0.599999998363473
3,2,3,True,1,0.8999999761581421,0.5421205163002014,0.8983194123648568,0.6799999933743011
0,0,0,True,1,0.6000000238418579,0.3940335214138031,0.7113207692620573,0.6060000044077539
1,0,1,True,1,0.550000011920929,0.48412567377090454,0.6841814055442375,0.6500000013936217
0,1,0,True,1,0.5,0.4337139427661896,0.658077503034407,0.6250000060421259
2,0,2,True,0,0.550000011920929,0.3618179261684418,0.6841814055442375,0.591000000410564
1,2,1,True,1,1.0,0.34870216250419617,0.971,0.5850000047715612
0,0,0,True,0,0.6000000238418579,0.42338991165161133,0.7113207692620573,0.6200000046867694
3,1,3,True,1,0.5,0.3465031087398529,0.658077503034407,0.5839999954464355
0,2,0,True,0,0.699999988079071,0.29485827684402466,0.768871768122878,0.561000001187531
2,1,2,True,0,0.5,0.33988335728645325,0.658077503034407,0.5810000010414563
0,2,0,True,1,0.6000000238418579,0.44802966713905334,0.7113207692620573,0.6320000040573776
0,1,0,True,0,0.5,0.4419138729572296,0.658077503034407,0.6290000063056567
2,1,3,False,1,0.5,0.3508974313735962,0.658077503034407,0.5860000008743051
1,2,1,True,0,0.75,0.43576881289482117,0.7993705370142242,0.625999995435672
2,0,3,False,1,0.550000011920929,0.2623751759529114,0.6841814055442375,0.547000004689126
2,2,2,True,0,1.0,0.48412567377090454,0.971,0.6500000013936217
1,0,1,True,0,0.550000011920929,0.33988335728645325,0.6841814055442375,0.5810000010414563
0,0,0,True,0,0.550000011920929,0.4641976058483124,0.6841814055442375,0.6400000013129329
0,1,0,True,0,0.44999998807907104,0.4045950770378113,0.6329695552826582,0.6110000023402741
2,0,2,True,1,0.6000000238418579,0.38338443636894226,0.7113207692620573,0.6009999943513901
1,2,1,True,1,0.75,0.4419138729572296,0.7993705370142242,0.6290000063056567
1,0,1,True,0,0.6000000238418579,0.33766916394233704,0.7113207692620573,0.5799999977030665
0,2,0,True,1,0.949999988079071,0.8167800903320312,0.9339529695901586,0.8419999892196863
1,1,1,True,0,0.5,0.29256507754325867,0.658077503034407,0.5599999986660849
0,1,0,True,0,0.5,0.5976111888885498,0.658077503034407,0.7099999849109374
0,0,0,True,0,0.550000011920929,0.3596412241458893,0.6841814055442375,0.5899999944934109
1,2,1,True,0,0.800000011920929,0.26706618070602417,0.8310790978922871,0.5490000035364818
2,2,2,True,1,0.8500000238418579,0.328774094581604,0.8640454394695402,0.5760000046448289
2,0,2,True,0,0.550000011920929,0.45411649346351624,0.6841814055442375,0.6349999989235079
3,2,3,True,0,1.0,0.628024160861969,0.971,0.7269999942109775
2,2,2,True,1,0.6499999761581421,0.5590206980705261,0.7395366334422223,0.688999990255116
2,2,1,False,0,0.699999988079071,0.2386598289012909,0.768871768122878,0.5369999990486598
1,2,1,True,0,0.6000000238418579,0.29026779532432556,0.7113207692620573,0.559000002995557
1,2,1,True,0,0.6499999761581421,0.14946790039539337,0.7395366334422223,0.5010000004429338
1,0,1,True,1,0.550000011920929,0.3596412241458893,0.6841814055442375,0.5899999944934109
2,2,2,True,0,0.6499999761581421,0.40248969197273254,0.7395366334422223,0.6100000002618106
2,2,2,True,0,0.6499999761581421,0.3574608564376831,0.7395366334422223,0.5890000008539068
2,3,2,True,1,0.3499999940395355,0.6850826740264893,0.5855909908654705,0.7599999911836276
0,2,0,True,1,0.699999988079071,0.2994324266910553,0.768871768122878,0.5630000013857446
3,2,3,True,1,0.800000011920929,0.4621877074241638,0.8310790978922871,0.6390000050779484
2,2,2,True,1,0.6499999761581421,0.40669700503349304,0.7395366334422223,0.6119999977165095
1,1,1,True,1,0.44999998807907104,0.2647227942943573,0.6329695552826582,0.5479999938412414
0,1,0,True,0,0.5,0.4641976058483124,0.658077503034407,0.6400000013129329
3,2,3,True,1,0.699999988079071,0.419236958026886,0.768871768122878,0.6179999993857016
0,1,0,True,0,0.5,0.5793792009353638,0.658077503034407,0.6999999930529267
0,2,0,True,1,0.800000011920929,0.5037494897842407,0.8310790978922871,0.6600000042038996
2,2,2,True,1,0.949999988079071,0.6833903193473816,0.9339529695901586,0.7589999845343992
1,2,1,True,1,0.75,0.4761914908885956,0.7993705370142242,0.6460000047372518
0,2,0,True,1,1.0,0.3876546621322632,0.971,0.6029999976780734
0,0,0,True,1,0.550000011920929,0.40038084983825684,0.6841814055442375,0.6089999968669422
1,2,3,False,0,0.699999988079071,0.7638012170791626,0.768871768122878,0.8079999849095449
3,2,3,True,1,0.800000011920929,0.14689980447292328,0.8310790978922871,0.5000000028082926
3,2,3,True,0,0.800000011920929,0.3704880177974701,0.8310790978922871,0.5950000053605375
0,0,0,True,1,0.6000000238418579,0.38338443636894226,0.7113207692620573,0.6009999943513901
2,0,2,True,0,0.550000011920929,0.27639713883399963,0.6841814055442375,0.553000001098508
0,0,0,True,0,0.6000000238418579,0.6138017773628235,0.7113207692620573,0.7189999932327383
3,1,3,True,1,0.5,0.7018846869468689,0.658077503034407,0.7699999993629786
0,2,0,True,0,0.75,0.6297909617424011,0.7993705370142242,0.7280000041777535
2,1,2,True,1,0.44999998807907104,0.6918298602104187,0.6329695552826582,0.7639999954757027
2,1,2,True,1,0.5,0.6611846685409546,0.658077503034407,0.7459999952140282
2,2,2,True,1,0.6499999761581421,0.6731892228126526,0.7395366334422223,0.7529999995792407
1,0,1,True,0,0.550000011920929,0.22179484367370605,0.6841814055442375,0.530000000488792
1,2,1,True,1,0.6000000238418579,0.42131510376930237,0.7113207692620573,0.6189999980109001
1,2,1,True,1,0.8999999761581421,0.33766916394233704,0.8983194123648568,0.5799999977030665
0,1,0,True,0,0.44999998807907104,0.4682080149650574,0.6329695552826582,0.642000002023176
0,2,0,True,0,0.75,0.29026779532432556,0.7993705370142242,0.559000002995557
1,0,1,True,0,0.550000011920929,0.3354511559009552,0.6841814055442375,0.5789999971512589
1,2,1,True,0,0.75,0.3812440037727356,0.7993705370142242,0.599999998363473
0,2,0,True,0,0.6499999761581421,0.20224565267562866,0.7395366334422223,0.5220000010712751
3,2,3,True,1,0.8500000238418579,0.22179484367370605,0.8640454394695402,0.530000000488792
3,2,2,False,1,0.6499999761581421,0.24582049250602722,0.7395366334422223,0.5400000017738655
1,1,1,True,1,0.5,0.5056954622268677,0.658077503034407,0.6609999885813245
1,0,1,True,0,0.550000011920929,0.18738612532615662,0.6841814055442375,0.516000000251395
2,2,2,True,0,0.8999999761581421,0.4378204345703125,0.8983194123648568,0.6270000001630176
1,2,1,True,1,0.6499999761581421,0.35308897495269775,0.7395366334422223,0.587000005058579
2,2,2,True,1,0.949999988079071,0.7494040727615356,0.9339529695901586,0.7990000060616607
3,1,3,True,1,0.44999998807907104,0.5720133781433105,0.6329695552826582,0.6959999995050431
0,2,0,True,0,0.699999988079071,0.3310036361217499,0.768871768122878,0.5770000013431426
3,1,3,True,1,0.44999998807907104,0.4439556896686554,0.6329695552826582,0.6299999975354973
3,2,3,True,0,1.0,0.40038084983825684,0.971,0.6089999968669422
3,2,3,True,1,0.75,0.7283192276954651,0.7993705370142242,0.7859999944844881
3,2,3,True,0,0.6000000238418579,0.33766916394233704,0.7113207692620573,0.5799999977030665
2,1,2,True,1,0.5,0.5037494897842407,0.658077503034407,0.6600000042038996
2,2,2,True,1,0.8500000238418579,0.6816957592964172,0.8640454394695402,0.7579999931177763
2,0,2,True,1,0.550000011920929,0.4439556896686554,0.6841814055442375,0.6299999975354973
3,0,3,True,1,0.550000011920929,0.4641976058483124,0.6841814055442375,0.6400000013129329
3,3,3,True,0,0.3499999940395355,0.33988335728645325,0.5855909908654705,0.5810000010414563
3,2,3,True,1,1.0,0.3220621347427368,0.971,0.5729999981902032
2,2,2,True,0,0.6499999761581421,0.42338991165161133,0.7395366334422223,0.6200000046867694
3,2,3,True,0,0.75,0.21449869871139526,0.7993705370142242,0.5270000017425633
0,2,1,False,1,0.8999999761581421,0.32654064893722534,0.8983194123648568,0.5749999945167829
2,1,2,True,0,0.5,0.3596412241458893,0.658077503034407,0.5899999944934109
1,0,1,True,1,0.550000011920929,0.636833906173706,0.6841814055442375,0.7320000026925029
1,2,1,True,0,0.75,0.4581584334373474,0.7993705370142242,0.6370000008314272
1,2,1,True,0,0.75,0.2553063929080963,0.7993705370142242,0.5439999988025059
3,2,3,True,1,0.6499999761581421,0.3704880177974701,0.7395366334422223,0.5950000053605375
0,2,0,True,0,1.0,0.523078203201294,0.971,0.6700000089266277
3,1,3,True,0,0.44999998807907104,0.42131510376930237,0.6329695552826582,0.6189999980109001
0,2,0,True,0,0.6499999761581421,0.40669700503349304,0.7395366334422223,0.6119999977165095
2,2,2,True,0,0.6499999761581421,0.29256507754325867,0.7395366334422223,0.5599999986660849
1,1,1,True,1,0.44999998807907104,0.5738587975502014,0.6329695552826582,0.6969999993252933
0,2,0,True,0,0.6499999761581421,0.2994324266910553,0.7395366334422223,0.5630000013857446
2,1,2,True,0,0.5,0.3961527645587921,0.658077503034407,0.6069999935530198
1,2,1,True,0,0.6499999761581421,0.3790999948978424,0.7395366334422223,0.5989999996127661
3,2,3,True,1,0.8999999761581421,0.3961527645587921,0.8983194123648568,0.6069999935530198
2,2,2,True,0,0.699999988079071,0.19731153547763824,0.768871768122878,0.5199999990084729
2,2,2,True,1,1.0,0.5173100233078003,0.971,0.6669999949844069
0,0,0,True,0,0.550000011920929,0.43165573477745056,0.6841814055442375,0.6239999936034302
2,2,2,True,0,0.6000000238418579,0.4129822850227356,0.7113207692620573,0.6150000037195905
1,2,1,True,1,0.800000011920929,0.3812440037727356,0.8310790978922871,0.599999998363473
1,2,1,True,0,0.75,0.44802966713905334,0.7993705370142242,0.6320000040573776
0,2,0,True,1,0.6000000238418579,0.3769524097442627,0.7113207692620573,0.5980000036639656
1,2,1,True,0,0.6499999761581421,0.37264642119407654,0.7395366334422223,0.5960000009269539
1,2,1,True,0,0.6499999761581421,0.39191073179244995,0.7395366334422223,0.6049999933638269
2,2,2,True,0,0.6000000238418579,0.3596412241458893,0.7113207692620573,0.5899999944934109
2,0,2,True,0,0.550000011920929,0.29256507754325867,0.6841814055442375,0.5599999986660849
2,2,2,True,1,1.0,0.6155881881713867,0.971,0.7199999836812788
3,1,2,False,0,0.4000000059604645,0.3790999948978424,0.6088195772640365,0.5989999996127661
0,1,0,True,1,0.5,0.9664734601974487,0.658077503034407,0.9459999993174554
1,2,1,True,1,0.75,0.419236958026886,0.7993705370142242,0.6179999993857016
1,2,1,True,1,0.6000000238418579,0.4581584334373474,0.7113207692620573,0.6370000008314272
1,2,1,True,0,0.8999999761581421,0.3130580186843872,0.8983194123648568,0.5690000053822707
3,2,3,True,0,0.800000011920929,0.4581584334373474,0.8310790978922871,0.6370000008314272
3,2,3,True,0,0.8500000238418579,0.4150705635547638,0.8640454394695402,0.6160000041365007
0,1,0,True,1,0.5,0.5608848929405212,0.658077503034407,0.6900000116606454
3,0,3,True,1,0.550000011920929,0.4378204345703125,0.6841814055442375,0.6270000001630176
0,2,0,True,0,0.699999988079071,0.28566086292266846,0.768871768122878,0.5570000058769908
1,3,1,True,1,0.3499999940395355,0.3855213224887848,0.5855909908654705,0.6019999959607932
3,2,3,True,0,0.75,0.4459942877292633,0.7993705370142242,0.6309999984516933
2,0,2,True,0,0.550000011920929,0.40248969197273254,0.6841814055442375,0.6100000002618106
3,0,3,True,0,0.550000011920929,0.30171340703964233,0.6841814055442375,0.5639999994126826
1,1,1,True,1,0.4000000059604645,0.4108906090259552,0.6088195772640365,0.6140000037210799
0,0,0,True,1,0.6000000238418579,0.4959358870983124,0.7113207692620573,0.6560000071025891
0,2,0,True,1,0.6000000238418579,0.4722059369087219,0.7113207692620573,0.6439999961737441
0,0,0,True,0,0.6000000238418579,0.28335118293762207,0.7113207692620573,0.5560000043586534
1,2,1,True,1,0.6499999761581421,0.4254613518714905,0.7395366334422223,0.6209999998295582
1,0,1,True,1,0.6000000238418579,0.3812440037727356,0.7113207692620573,0.599999998363473
1,1,1,True,0,0.4000000059604645,0.29026779532432556,0.6088195772640365,0.559000002995557
1,2,1,True,1,0.6000000238418579,0.5627463459968567,0.7113207692620573,0.6910000104977662
1,0,0,False,1,0.6000000238418579,0.5608848929405212,0.7113207692620573,0.6900000116606454
1,2,1,True,0,0.6000000238418579,0.5590206980705261,0.7113207692620573,0.688999990255116
0,2,0,True,0,0.699999988079071,0.22179484367370605,0.768871768122878,0.530000000488792
3,1,3,True,0,0.5,0.29485827684402466,0.658077503034407,0.561000001187531
1,0,1,True,0,0.6000000238418579,0.24819853901863098,0.7113207692620573,0.5410000011131741
2,0,2,True,0,0.550000011920929,0.3354511559009552,0.6841814055442375,0.5789999971512589
2,2,2,True,1,0.8999999761581421,0.4702085256576538,0.8983194123648568,0.6429999967585903
1,3,1,True,0,0.3499999940395355,0.14689980447292328,0.5855909908654705,0.5000000028082926
2,1,2,True,0,0.5,0.5683145523071289,0.658077503034407,0.6939999894612926
0,2,0,True,1,0.75,0.40248969197273254,0.7993705370142242,0.6100000002618106
1,2,1,True,0,0.949999988079071,0.3198170065879822,0.9339529695901586,0.5719999974815364
0,1,0,True,0,0.44999998807907104,0.5939854383468628,0.6329695552826582,0.7079999956924453
3,2,3,True,0,0.8500000238418579,0.17235280573368073,0.8640454394695402,0.5100000023525977
1,0,1,True,1,0.6000000238418579,0.4641976058483124,0.7113207692620573,0.6400000013129329
0,2,0,True,0,0.800000011920929,0.4702085256576538,0.8310790978922871,0.6429999967585903
0,3,0,True,1,0.3499999940395355,0.308532178401947,0.5855909908654705,0.5670000011910246
1,2,1,True,1,0.699999988079071,0.6030307412147522,0.768871768122878,0.7129999863200077
1,1,1,True,0,0.5,0.5421205163002014,0.658077503034407,0.6799999933743011
1,1,1,True,0,0.44999998807907104,0.3198170065879822,0.6329695552826582,0.5719999974815364
0,1,0,True,1,0.5,0.7858811616897583,0.658077503034407,0.8220000062920041
0,0,0,True,1,0.550000011920929,0.29256507754325867,0.6841814055442375,0.5599999986660849
1,2,1,True,1,0.75,0.3812440037727356,0.7993705370142242,0.599999998363473
2,0,2,True,1,0.550000011920929,0.40248969197273254,0.6841814055442375,0.6100000002618106
1,2,1,True,1,0.8999999761581421,0.4171554446220398,0.8983194123648568,0.6169999996816915
2,2,2,True,0,0.6499999761581421,0.21205741167068481,0.7395366334422223,0.5259999997071105
3,2,3,True,1,0.6499999761581421,0.8778916001319885,0.7395366334422223,0.8830000130597426
1,0,1,True,1,0.550000011920929,0.42131510376930237,0.6841814055442375,0.6189999980109001
3,0,3,True,1,0.550000011920929,0.29485827684402466,0.6841814055442375,0.561000001187531
0,2,0,True,1,0.75,0.46620437502861023,0.7993705370142242,0.6410000019167172
2,0,0,False,0,0.550000011920929,0.4939750134944916,0.6841814055442375,0.6549999932755893
0,0,0,True,0,0.550000011920929,0.4959358870983124,0.6841814055442375,0.6560000071025891
2,1,2,True,1,0.44999998807907104,0.39191073179244995,0.6329695552826582,0.6049999933638269
0,2,0,True,1,0.800000011920929,0.4621877074241638,0.8310790978922871,0.6390000050779484
1,0,1,True,0,0.550000011920929,0.3812440037727356,0.6841814055442375,0.599999998363473
1,2,1,True,1,0.800000011920929,0.6138017773628235,0.8310790978922871,0.7189999932327383
3,1,3,True,1,0.44999998807907104,0.30399036407470703,0.6329695552826582,0.565000005083747
0,1,0,True,0,0.5,0.42131510376930237,0.658077503034407,0.6189999980109001
3,2,3,True,1,0.6499999761581421,0.5848760008811951,0.7395366334422223,0.7029999894420969
2,2,2,True,1,0.949999988079071,0.4821467101573944,0.9339529695901586,0.6489999998467633
0,2,0,True,0,0.75,0.37264642119407654,0.7993705370142242,0.5960000009269539
0,2,0,True,0,0.6499999761581421,0.33766916394233704,0.7395366334422223,0.5799999977030665
1,3,1,True,1,0.30000001192092896,0.4150705635547638,0.5632486689650297,0.6160000041365007
0,0,0,True,1,0.550000011920929,0.4459942877292633,0.6841814055442375,0.6309999984516933
1,2,1,True,1,0.8999999761581421,0.523078203201294,0.8983194123648568,0.6700000089266277
3,0,3,True,1,0.550000011920929,0.3661602735519409,0.6841814055442375,0.592999998817374
2,2,2,True,0,0.8500000238418579,0.5307289958000183,0.8640454394695402,0.6739999925477638
0,1,0,True,0,0.5,0.5608848929405212,0.658077503034407,0.6900000116606454
2,2,2,True,1,1.0,0.5192356109619141,0.971,0.6679999910003619
1,1,1,True,1,0.5,0.9986755847930908,0.658077503034407,0.9699999920540093
1,1,1,True,0,0.5,0.4439556896686554,0.658077503034407,0.6299999975354973
3,2,3,True,0,0.6000000238418579,0.3618179261684418,0.7113207692620573,0.591000000410564
3,1,3,True,0,0.5,0.2576669752597809,0.658077503034407,0.5450000004380767
0,0,2,False,1,0.550000011920929,0.3618179261684418,0.6841814055442375,0.591000000410564
3,2,3,True,0,0.800000011920929,0.17738346755504608,0.8310790978922871,0.5119999989763284
0,2,0,True,0,0.75,0.5037494897842407,0.7993705370142242,0.6600000042038996
2,2,2,True,1,0.699999988079071,0.3812440037727356,0.768871768122878,0.599999998363473
3,1,3,True,0,0.44999998807907104,0.22904980182647705,0.6329695552826582,0.5329999974819276
3,0,3,True,0,0.550000011920929,0.30399036407470703,0.6841814055442375,0.565000005083747
2,2,2,True,1,0.8999999761581421,0.4520907402038574,0.8983194123648568,0.6339999946097808
2,1,2,True,1,0.44999998807907104,0.5720133781433105,0.6329695552826582,0.6959999995050431
0,2,0,True,1,0.699999988079071,0.4581584334373474,0.768871768122878,0.6370000008314272
1,2,1,True,0,0.6499999761581421,0.2694052755832672,0.7395366334422223,0.5500000017162529
3,2,3,True,0,0.8500000238418579,0.5793792009353638,0.8640454394695402,0.6999999930529267
3,2,3,True,0,0.800000011920929,0.12093255668878555,0.8310790978922871,0.489999999500772
0,0,0,True,0,0.550000011920929,0.23626405000686646,0.6841814055442375,0.5359999987561012
3,3,3,True,1,0.3499999940395355,0.40248969197273254,0.5855909908654705,0.6100000002618106
3,1,3,True,0,0.5,0.31756794452667236,0.658077503034407,0.5709999943657259
2,1,2,True,1,0.4000000059604645,0.46017464995384216,0.6088195772640365,0.6380000032773165
2,2,2,True,0,0.6499999761581421,0.29026779532432556,0.7395366334422223,0.559000002995557
2,0,2,True,0,0.550000011920929,0.33766916394233704,0.6841814055442375,0.5799999977030665
0,2,0,True,1,0.75,0.3310036361217499,0.7993705370142242,0.5770000013431426
2,0,2,True,0,0.550000011920929,0.40248969197273254,0.6841814055442375,0.6100000002618106
0,0,0,True,0,0.550000011920929,0.4459942877292633,0.6841814055442375,0.6309999984516933
0,0,0,True,0,0.6000000238418579,0.29256507754325867,0.7113207692620573,0.5599999986660849
0,2,0,True,1,0.800000011920929,0.24582049250602722,0.8310790978922871,0.5400000017738655
2,0,2,True,1,0.6000000238418579,0.42338991165161133,0.7113207692620573,0.6200000046867694
3,1,3,True,1,0.5,0.22179484367370605,0.658077503034407,0.530000000488792
2,2,2,True,1,0.6000000238418579,0.4959358870983124,0.7113207692620573,0.6560000071025891
1,2,1,True,1,0.75,0.5173100233078003,0.7993705370142242,0.6669999949844069
1,1,2,False,1,0.44999998807907104,0.29256507754325867,0.6329695552826582,0.5599999986660849
0,2,0,True,1,0.8999999761581421,0.33322933316230774,0.8983194123648568,0.5780000053118328
1,2,1,True,1,0.699999988079071,0.2717401087284088,0.768871768122878,0.5509999944515519
1,1,1,True,1,0.44999998807907104,0.26706618070602417,0.6329695552826582,0.5490000035364818
0,1,0,True,0,0.44999998807907104,0.17235280573368073,0.6329695552826582,0.5100000023525977
0,2,0,True,1,0.699999988079071,0.38338443636894226,0.768871768122878,0.6009999943513901
1,1,1,True,1,0.5,0.48610159754753113,0.658077503034407,0.651000004150087
0,2,0,True,0,0.8500000238418579,0.3812440037727356,0.8640454394695402,0.599999998363473
3,2,3,True,0,0.699999988079071,0.40038084983825684,0.768871768122878,0.6089999968669422
1,0,1,True,0,0.550000011920929,0.44802966713905334,0.6841814055442375,0.6320000040573776
3,0,3,True,0,0.550000011920929,0.29485827684402466,0.6841814055442375,0.561000001187531
0,1,0,True,1,0.44999998807907104,0.42131510376930237,0.6329695552826582,0.6189999980109001
3,2,3,True,1,0.75,0.3855213224887848,0.7993705370142242,0.6019999959607932
0,2,0,True,0,0.6499999761581421,0.3153149485588074,0.7395366334422223,0.5699999949628566
0,0,0,True,0,0.550000011920929,0.22663603723049164,0.6841814055442375,0.5320000016500914
2,2,2,True,0,1.0,0.4045950770378113,0.971,0.6110000023402741
0,1,0,True,1,0.4000000059604645,0.33766916394233704,0.6088195772640365,0.5799999977030665
0,1,0,True,0,0.44999998807907104,0.40248969197273254,0.6329695552826582,0.6100000002618106
2,3,2,True,1,0.3499999940395355,0.42338991165161133,0.5855909908654705,0.6200000046867694
0,1,0,True,0,0.44999998807907104,0.4439556896686554,0.6329695552826582,0.6299999975354973
2,2,2,True,0,0.6499999761581421,0.2694052755832672,0.7395366334422223,0.5500000017162529
0,0,0,True,1,0.550000011920929,0.4439556896686554,0.6841814055442375,0.6299999975354973
0,1,2,False,1,0.44999998807907104,0.4275294840335846,0.6329695552826582,0.6220000070202574
0,2,0,True,1,0.6000000238418579,0.5115158557891846,0.7113207692620573,0.663999988738256
1,2,1,True,1,0.699999988079071,0.328774094581604,0.768871768122878,0.5760000046448289
1,2,1,True,0,0.75,0.29256507754325867,0.7993705370142242,0.5599999986660849
0,1,0,True,1,0.5,0.42338991165161133,0.658077503034407,0.6200000046867694
1,0,1,True,0,0.550000011920929,0.523078203201294,0.6841814055442375,0.6700000089266277
1,2,3,False,0,0.6499999761581421,0.17235280573368073,0.7395366334422223,0.5100000023525977
3,0,3,True,1,0.550000011920929,0.4821467101573944,0.6841814055442375,0.6489999998467633
2,0,2,True,0,0.550000011920929,0.23386380076408386,0.6841814055442375,0.5349999999477194
2,3,2,True,0,0.20000000298023224,0.34870216250419617,0.5210887942181833,0.5850000047715612
1,2,1,True,0,0.699999988079071,0.419236958026886,0.768871768122878,0.6179999993857016
2,2,2,True,0,0.949999988079071,0.22179484367370605,0.9339529695901586,0.530000000488792
3,0,3,True,1,0.550000011920929,0.3220621347427368,0.6841814055442375,0.5729999981902032
3,2,3,True,1,0.699999988079071,0.42338991165161133,0.768871768122878,0.6200000046867694
1,0,1,True,0,0.6000000238418579,0.4439556896686554,0.7113207692620573,0.6299999975354973
2,1,2,True,1,0.5,0.6833903193473816,0.658077503034407,0.7589999845343992
3,2,3,True,1,0.949999988079071,0.3812440037727356,0.9339529695901586,0.599999998363473
2,3,2,True,0,0.3499999940395355,0.27407073974609375,0.5855909908654705,0.5520000006930108
1,0,1,True,0,0.550000011920929,0.27639713883399963,0.6841814055442375,0.553000001098508
1,1,1,True,0,0.5,0.308532178401947,0.658077503034407,0.5670000011910246
1,0,1,True,0,0.550000011920929,0.3574608564376831,0.6841814055442375,0.5890000008539068
0,1,0,True,0,0.44999998807907104,0.36832594871520996,0.6329695552826582,0.5939999935821837
2,2,2,True,0,0.6499999761581421,0.5421205163002014,0.7395366334422223,0.6799999933743011
2,2,2,True,0,0.8500000238418579,0.48412567377090454,0.8640454394695402,0.6500000013936217
0,0,0,True,1,0.6000000238418579,0.5608848929405212,0.7113207692620573,0.6900000116606454
1,0,1,True,0,0.6000000238418579,0.46620437502861023,0.7113207692620573,0.6410000019167172
3,2,3,True,0,0.6499999761581421,0.4439556896686554,0.7395366334422223,0.6299999975354973
1,1,1,True,0,0.44999998807907104,0.17235280573368073,0.6329695552826582,0.5100000023525977
2,0,2,True,1,0.550000011920929,0.4641976058483124,0.6841814055442375,0.6400000013129329
1,3,1,True,1,0.30000001192092896,0.36832594871520996,0.5632486689650297,0.5939999935821837
3,2,1,False,1,0.6499999761581421,0.4641976058483124,0.7395366334422223,0.6400000013129329
3,2,3,True,0,0.6499999761581421,0.40669700503349304,0.7395366334422223,0.6119999977165095
1,0,1,True,0,0.550000011920929,0.38978445529937744,0.6841814055442375,0.6039999939804539
3,0,3,True,1,0.550000011920929,0.3310036361217499,0.6841814055442375,0.5770000013431426
2,0,2,True,0,0.550000011920929,0.29485827684402466,0.6841814055442375,0.561000001187531
3,2,3,True,0,0.800000011920929,0.3220621347427368,0.8310790978922871,0.5729999981902032
3,0,3,True,1,0.6000000238418579,0.3574608564376831,0.7113207692620573,0.5890000008539068
0,1,0,True,1,0.5,0.40038084983825684,0.658077503034407,0.6089999968669422
1,0,1,True,0,0.550000011920929,0.3220621347427368,0.6841814055442375,0.5729999981902032
3,2,3,True,1,0.949999988079071,0.4439556896686554,0.9339529695901586,0.6299999975354973
1,2,1,True,0,0.6499999761581421,0.419236958026886,0.7395366334422223,0.6179999993857016
2,2,2,True,0,0.6499999761581421,0.33766916394233704,0.7395366334422223,0.5799999977030665
0,1,0,True,1,0.5,0.601226806640625,0.658077503034407,0.7120000107926829
2,2,2,True,1,0.6499999761581421,0.5307289958000183,0.7395366334422223,0.6739999925477638
3,2,3,True,0,1.0,0.2694052755832672,0.971,0.5500000017162529
3,3,3,True,0,0.25,0.4641976058483124,0.5417587713672438,0.6400000013129329
0,0,0,True,0,0.6000000238418579,0.39191073179244995,0.7113207692620573,0.6049999933638269
0,1,0,True,0,0.44999998807907104,0.4295942783355713,0.6329695552826582,0.6230000066815589
2,2,2,True,1,1.0,0.4378204345703125,0.971,0.6270000001630176
1,2,3,False,1,0.949999988079071,0.27639713883399963,0.9339529695901586,0.553000001098508
0,1,0,True,0,0.4000000059604645,0.40248969197273254,0.6088195772640365,0.6100000002618106
2,1,2,True,1,0.44999998807907104,0.4682080149650574,0.6329695552826582,0.642000002023176
0,2,0,True,1,1.0,0.5571538805961609,0.971,0.6880000143862413
1,0,1,True,0,0.550000011920929,0.3107970952987671,0.6841814055442375,0.5680000053827252
3,1,3,True,1,0.44999998807907104,0.4641976058483124,0.6329695552826582,0.6400000013129329
3,1,3,True,1,0.44999998807907104,0.4459942877292633,0.6329695552826582,0.6309999984516933
2,0,2,True,1,0.550000011920929,0.5738587975502014,0.6841814055442375,0.6969999993252933
2,1,2,True,0,0.5,0.4108906090259552,0.658077503034407,0.6140000037210799
1,2,1,True,0,0.8999999761581421,0.40248969197273254,0.8983194123648568,0.6100000002618106
1,2,1,True,0,0.75,0.38338443636894226,0.7993705370142242,0.6009999943513901
0,1,0,True,1,0.5,0.6473264694213867,0.658077503034407,0.7379999897497476
0,2,0,True,1,0.75,0.3748012185096741,0.7993705370142242,0.5970000022301625
1,2,1,True,0,1.0,0.3618179261684418,0.971,0.591000000410564
0,2,0,True,1,0.699999988079071,0.4761914908885956,0.768871768122878,0.6460000047372518
2,1,1,False,0,0.5,0.2810373306274414,0.658077503034407,0.5549999965892977
2,2,2,True,1,0.6000000238418579,0.9582952857017517,0.7113207692620573,0.9400000111289352
2,2,2,True,1,0.6000000238418579,0.9306526184082031,0.7113207692620573,0.9200000130052026
2,1,2,True,0,0.4000000059604645,0.29256507754325867,0.6088195772640365,0.5599999986660849
0,0,0,True,0,0.6000000238418579,0.3812440037727356,0.7113207692620573,0.599999998363473
3,2,3,True,1,1.0,0.5095786452293396,0.971,0.6629999853834717
0,1,0,True,1,0.5,0.48610159754753113,0.658077503034407,0.651000004150087
3,1,3,True,0,0.44999998807907104,0.33766916394233704,0.6329695552826582,0.5799999977030665
0,0,0,True,1,0.550000011920929,0.5421205163002014,0.6841814055442375,0.6799999933743011
3,1,2,False,1,0.44999998807907104,0.7348437905311584,0.6329695552826582,0.7899999991132267
1,2,1,True,1,0.8500000238418579,0.710204005241394,0.8640454394695402,0.7749999820436188
1,2,1,True,1,0.6499999761581421,0.40248969197273254,0.7395366334422223,0.6100000002618106
0,2,0,True,0,0.8999999761581421,0.4722059369087219,0.8983194123648568,0.6439999961737441
1,1,3,False,1,0.44999998807907104,0.06736920028924942,0.6329695552826582,0.4700000007079045
0,0,0,True,1,0.550000011920929,0.4641976058483124,0.6841814055442375,0.6400000013129329
0,1,0,True,1,0.5,0.42338991165161133,0.658077503034407,0.6200000046867694
3,1,3,True,1,0.5,0.4045950770378113,0.658077503034407,0.6110000023402741
3,1,3,True,1,0.5,0.990700364112854,0.658077503034407,0.9639999875277621
2,2,2,True,0,0.6499999761581421,0.4641976058483124,0.7395366334422223,0.6400000013129329
0,1,0,True,0,0.5,0.3661602735519409,0.658077503034407,0.592999998817374
0,2,0,True,1,0.75,0.33766916394233704,0.7993705370142242,0.5799999977030665
3,2,3,True,1,0.6499999761581421,0.48807448148727417,0.7395366334422223,0.6520000033843422
3,0,3,True,0,0.550000011920929,0.24582049250602722,0.6841814055442375,0.5400000017738655
0,3,0,True,1,0.3499999940395355,0.35308897495269775,0.5855909908654705,0.587000005058579
1,0,1,True,0,0.6000000238418579,0.33766916394233704,0.7113207692620573,0.5799999977030665
1,2,1,True,1,0.699999988079071,0.4254613518714905,0.768871768122878,0.6209999998295582
3,2,3,True,1,0.699999988079071,0.6155881881713867,0.768871768122878,0.7199999836812788
1,1,1,True,1,0.44999998807907104,0.3639909327030182,0.6329695552826582,0.5919999991910871
1,3,1,True,0,0.30000001192092896,0.48412567377090454,0.5632486689650297,0.6500000013936217
2,2,2,True,1,0.75,0.7811815738677979,0.7993705370142242,0.8190000034469699
2,0,2,True,1,0.550000011920929,0.6867728233337402,0.6841814055442375,0.7610000096516587
0,2,0,True,1,0.699999988079071,0.32430335879325867,0.768871768122878,0.5740000036699657
2,2,2,True,0,0.75,0.5421205163002014,0.7993705370142242,0.6799999933743011
1,1,1,True,0,0.5,0.2386598289012909,0.658077503034407,0.5369999990486598
0,1,0,True,1,0.5,0.4581584334373474,0.658077503034407,0.6370000008314272
0,2,0,True,1,0.699999988079071,0.4337139427661896,0.768871768122878,0.6250000060421259
1,1,1,True,1,0.44999998807907104,0.3596412241458893,0.6329695552826582,0.5899999944934109
3,0,3,True,0,0.550000011920929,0.3812440037727356,0.6841814055442375,0.599999998363473
3,2,3,True,0,0.699999988079071,0.33988335728645325,0.768871768122878,0.5810000010414563
0,0,0,True,0,0.6000000238418579,0.4581584334373474,0.7113207692620573,0.6370000008314272
0,0,0,True,1,0.550000011920929,0.4254613518714905,0.6841814055442375,0.6209999998295582
2,2,2,True,1,0.75,0.3130580186843872,0.7993705370142242,0.5690000053822707
1,2,1,True,1,0.75,0.2694052755832672,0.7993705370142242,0.5500000017162529
3,2,3,True,1,0.6000000238418579,0.19483736157417297,0.7113207692620573,0.5190000003162492
1,2,1,True,0,0.8500000238418579,0.2623751759529114,0.8640454394695402,0.547000004689126
3,1,3,True,1,0.5,0.4419138729572296,0.658077503034407,0.6290000063056567
1,2,1,True,0,0.75,0.4045950770378113,0.7993705370142242,0.6110000023402741
2,3,2,True,0,0.3499999940395355,0.42338991165161133,0.5855909908654705,0.6200000046867694
3,2,3,True,0,0.699999988079071,0.24582049250602722,0.768871768122878,0.5400000017738655
1,1,1,True,1,0.44999998807907104,0.4439556896686554,0.6329695552826582,0.6299999975354973
3,0,3,True,1,0.550000011920929,0.8454616665840149,0.6841814055442375,0.8609999818448884
1,0,1,True,1,0.550000011920929,0.6155881881713867,0.6841814055442375,0.7199999836812788
2,2,2,True,0,0.75,0.28335118293762207,0.7993705370142242,0.5560000043586534
3,2,3,True,1,0.699999988079071,0.34870216250419617,0.768871768122878,0.5850000047715612
0,2,0,True,1,0.949999988079071,0.48412567377090454,0.9339529695901586,0.6500000013936217
1,2,1,True,1,0.800000011920929,0.33766916394233704,0.8310790978922871,0.5799999977030665
2,1,2,True,0,0.44999998807907104,0.3596412241458893,0.6329695552826582,0.5899999944934109
2,1,2,True,0,0.44999998807907104,0.1571415662765503,0.6329695552826582,0.504000001829767
3,2,3,True,0,0.75,0.2694052755832672,0.7993705370142242,0.5500000017162529
0,1,0,True,0,0.5,0.4702085256576538,0.658077503034407,0.6429999967585903
0,0,0,True,1,0.550000011920929,0.3704880177974701,0.6841814055442375,0.5950000053605375
3,2,3,True,1,0.800000011920929,0.5421205163002014,0.8310790978922871,0.6799999933743011
0,2,0,True,0,0.75,0.19235841929912567,0.7993705370142242,0.5180000030009603
1,3,1,True,0,0.30000001192092896,0.19235841929912567,0.5632486689650297,0.5180000030009603
1,2,1,True,0,0.949999988079071,0.3153149485588074,0.9339529695901586,0.5699999949628566
1,2,1,True,0,0.699999988079071,0.35308897495269775,0.768871768122878,0.587000005058579
2,2,2,True,1,0.8999999761581421,0.4621877074241638,0.8983194123648568,0.6390000050779484
0,2,0,True,0,0.6499999761581421,0.33988335728645325,0.7395366334422223,0.5810000010414563
1,1,1,True,0,0.5,0.19483736157417297,0.658077503034407,0.5190000003162492
0,0,0,True,0,0.550000011920929,0.3130580186843872,0.6841814055442375,0.5690000053822707
2,2,2,True,0,0.6499999761581421,0.22904980182647705,0.7395366334422223,0.5329999974819276
0,1,0,True,1,0.5,0.3354511559009552,0.658077503034407,0.5789999971512589
0,2,0,True,0,0.6499999761581421,0.29714739322662354,0.7395366334422223,0.5620000042133692
2,1,2,True,1,0.5,0.3812440037727356,0.658077503034407,0.599999998363473
1,1,1,True,0,0.5,0.3748012185096741,0.658077503034407,0.5970000022301625
1,1,3,False,1,0.44999998807907104,0.4398687779903412,0.6329695552826582,0.6280000006288825
0,2,0,True,1,0.699999988079071,0.4337139427661896,0.768871768122878,0.6250000060421259
0,2,0,True,0,0.6499999761581421,0.3596412241458893,0.7395366334422223,0.5899999944934109
2,2,2,True,0,0.75,0.36832594871520996,0.7993705370142242,0.5939999935821837
0,1,0,True,0,0.44999998807907104,0.29256507754325867,0.6329695552826582,0.5599999986660849
2,2,2,True,1,0.6000000238418579,0.4439556896686554,0.7113207692620573,0.6299999975354973
1,1,1,True,0,0.5,0.3220621347427368,0.658077503034407,0.5729999981902032
1,2,1,True,1,0.699999988079071,0.4761914908885956,0.768871768122878,0.6460000047372518
0,2,0,True,0,1.0,0.3130580186843872,0.971,0.5690000053822707
1,2,1,True,1,0.699999988079071,0.5037494897842407,0.768871768122878,0.6600000042038996
1,1,1,True,1,0.44999998807907104,0.48412567377090454,0.6329695552826582,0.6500000013936217
0,2,1,False,1,0.8500000238418579,0.2623751759529114,0.8640454394695402,0.547000004689126
2,1,2,True,1,0.44999998807907104,0.4641976058483124,0.6329695552826582,0.6400000013129329
3,2,3,True,1,0.6499999761581421,0.29256507754325867,0.7395366334422223,0.5599999986660849
2,1,2,True,0,0.44999998807907104,0.36832594871520996,0.6329695552826582,0.5939999935821837
2,0,2,True,0,0.550000011920929,0.6244832873344421,0.6841814055442375,0.7249999916605938
1,2,1,True,0,0.800000011920929,0.42338991165161133,0.8310790978922871,0.6200000046867694
1,1,1,True,1,0.5,0.31756794452667236,0.658077503034407,0.5709999943657259
0,2,0,True,1,0.8999999761581421,0.306263267993927,0.8983194123648568,0.565999999023059
3,1,1,False,1,0.5,0.22904980182647705,0.658077503034407,0.5329999974819276
0,2,0,True,1,0.75,0.3940335214138031,0.7993705370142242,0.6060000044077539
3,0,3,True,1,0.550000011920929,0.3639909327030182,0.6841814055442375,0.5919999991910871
1,1,1,True,1,0.44999998807907104,0.40669700503349304,0.6329695552826582,0.6119999977165095
1,0,1,True,1,0.550000011920929,0.5037494897842407,0.6841814055442375,0.6600000042038996
2,2,2,True,1,0.75,0.7201166749000549,0.7993705370142242,0.7809999905068582
0,0,0,True,1,0.550000011920929,0.6173721551895142,0.6841814055442375,0.7209999940943931
3,2,3,True,1,0.6499999761581421,0.29485827684402466,0.7395366334422223,0.561000001187531
0,2,0,True,0,0.800000011920929,0.328774094581604,0.8310790978922871,0.5760000046448289
1,2,1,True,0,1.0,0.3812440037727356,0.971,0.599999998363473
1,2,1,True,1,1.0,0.3790999948978424,0.971,0.5989999996127661
2,0,0,False,1,0.6000000238418579,0.2994324266910553,0.7113207692620573,0.5630000013857446
1,0,1,True,0,0.550000011920929,0.3661602735519409,0.6841814055442375,0.592999998817374
2,2,2,True,0,0.6000000238418579,0.3639909327030182,0.7113207692620573,0.5919999991910871
2,0,2,True,0,0.550000011920929,0.40248969197273254,0.6841814055442375,0.6100000002618106
1,2,1,True,0,1.0,0.7380936741828918,0.971,0.7919999892543018
2,2,2,True,0,1.0,0.4439556896686554,0.971,0.6299999975354973
1,0,1,True,0,0.6000000238418579,0.19978095591068268,0.7113207692620573,0.5209999976935672
2,0,2,True,1,0.6000000238418579,0.3596412241458893,0.7113207692620573,0.5899999944934109
0,1,2,False,1,0.5,0.3812440037727356,0.658077503034407,0.599999998363473
2,2,2,True,0,0.75,0.328774094581604,0.7993705370142242,0.5760000046448289
0,2,0,True,1,0.75,0.4821467101573944,0.7993705370142242,0.6489999998467633
0,1,0,True,1,0.5,0.3769524097442627,0.658077503034407,0.5980000036639656
2,2,2,True,1,0.6000000238418579,0.3596412241458893,0.7113207692620573,0.5899999944934109
0,2,0,True,1,0.699999988079071,0.3812440037727356,0.768871768122878,0.599999998363473
3,1,3,True,1,0.44999998807907104,0.3153149485588074,0.6329695552826582,0.5699999949628566
3,2,3,True,0,0.6000000238418579,0.4129822850227356,0.7113207692620573,0.6150000037195905
0,2,0,True,1,0.6499999761581421,0.3153149485588074,0.7395366334422223,0.5699999949628566
3,2,3,True,1,1.0,0.5976111888885498,0.971,0.7099999849109374
1,2,1,True,1,0.6000000238418579,0.4641976058483124,0.7113207692620573,0.6400000013129329
2,2,2,True,1,0.75,0.3812440037727356,0.7993705370142242,0.599999998363473
3,1,3,True,0,0.44999998807907104,0.24582049250602722,0.6329695552826582,0.5400000017738655
0,2,0,True,1,0.800000011920929,0.7983300089836121,0.8310790978922871,0.8299999989073663
2,1,2,True,0,0.5,0.46620437502861023,0.658077503034407,0.6410000019167172
0,1,0,True,1,0.5,0.4459942877292633,0.658077503034407,0.6309999984516933
1,1,1,True,0,0.5,0.7653909921646118,0.658077503034407,0.8089999836193342
0,0,0,True,0,0.6000000238418579,0.3790999948978424,0.7113207692620573,0.5989999996127661
1,2,1,True,0,0.6499999761581421,0.19483736157417297,0.7395366334422223,0.5190000003162492
0,2,0,True,1,0.8500000238418579,0.9445482492446899,0.8640454394695402,0.9300000030373721
2,2,2,True,1,0.6499999761581421,0.39826855063438416,0.7395366334422223,0.6079999975326807
3,1,1,False,0,0.4000000059604645,0.31756794452667236,0.6088195772640365,0.5709999943657259
1,2,1,True,0,0.6499999761581421,0.29485827684402466,0.7395366334422223,0.561000001187531
0,3,0,True,1,0.30000001192092896,0.3812440037727356,0.5632486689650297,0.599999998363473
1,3,1,True,1,0.25,0.5173100233078003,0.5417587713672438,0.6669999949844069
0,2,0,True,0,0.800000011920929,0.3596412241458893,0.8310790978922871,0.5899999944934109
2,2,2,True,1,0.8500000238418579,0.5095786452293396,0.8640454394695402,0.6629999853834717
3,1,3,True,1,0.5,0.42338991165161133,0.658077503034407,0.6200000046867694
2,0,2,True,0,0.550000011920929,0.3354511559009552,0.6841814055442375,0.5789999971512589
3,2,3,True,0,0.6000000238418579,0.43165573477745056,0.7113207692620573,0.6239999936034302
1,1,1,True,0,0.5,0.17235280573368073,0.658077503034407,0.5100000023525977
3,1,3,True,1,0.4000000059604645,0.3220621347427368,0.6088195772640365,0.5729999981902032
0,2,0,True,1,0.6499999761581421,0.6473264694213867,0.7395366334422223,0.7379999897497476
1,0,1,True,0,0.550000011920929,0.24819853901863098,0.6841814055442375,0.5410000011131741
3,2,3,True,0,0.8500000238418579,0.3310036361217499,0.8640454394695402,0.5770000013431426
1,2,1,True,0,0.75,0.3310036361217499,0.7993705370142242,0.5770000013431426
3,2,3,True,0,0.699999988079071,0.48016470670700073,0.768871768122878,0.6480000042340459
3,2,3,True,1,0.6499999761581421,0.6490669250488281,0.7395366334422223,0.7389999832416423
2,1,2,True,0,0.44999998807907104,0.306263267993927,0.6329695552826582,0.565999999023059
3,1,3,True,1,0.5,0.5421205163002014,0.658077503034407,0.6799999933743011
0,1,0,True,0,0.5,0.19978095591068268,0.658077503034407,0.5209999976935672
0,1,0,True,1,0.5,0.4275294840335846,0.658077503034407,0.6220000070202574
2,0,2,True,1,0.550000011920929,0.3639909327030182,0.6841814055442375,0.5919999991910871
1,3,1,True,1,0.3499999940395355,0.3876546621322632,0.5855909908654705,0.6029999976780734
0,2,0,True,0,0.699999988079071,0.19731153547763824,0.768871768122878,0.5199999990084729
2,2,2,True,0,0.6499999761581421,0.29026779532432556,0.7395366334422223,0.559000002995557
1,2,1,True,0,1.0,0.3153149485588074,0.971,0.5699999949628566
2,2,2,True,0,0.699999988079071,0.5458953976631165,0.768871768122878,0.6820000113596617
2,2,2,True,0,1.0,0.19731153547763824,0.971,0.5199999990084729
0,3,0,True,0,0.3499999940395355,0.27639713883399963,0.5855909908654705,0.553000001098508
2,2,2,True,1,0.6000000238418579,0.6850826740264893,0.7113207692620573,0.7599999911836276
1,2,3,False,0,0.6499999761581421,0.9986755847930908,0.7395366334422223,0.9699999920540093
0,0,0,True,1,0.6000000238418579,0.5364373922348022,0.7113207692620573,0.6770000015404591
2,1,2,True,0,0.5,0.5037494897842407,0.658077503034407,0.6600000042038996
2,0,0,False,1,0.6000000238418579,0.38338443636894226,0.7113207692620573,0.6009999943513901
0,0,0,True,0,0.6000000238418579,0.3812440037727356,0.7113207692620573,0.599999998363473
2,1,2,True,0,0.5,0.42131510376930237,0.658077503034407,0.6189999980109001
0,0,0,True,0,0.6000000238418579,0.7638012170791626,0.7113207692620573,0.8079999849095449
2,0,2,True,0,0.550000011920929,0.2994324266910553,0.6841814055442375,0.5630000013857446
3,0,3,True,0,0.550000011920929,0.3596412241458893,0.6841814055442375,0.5899999944934109
0,2,0,True,0,0.699999988079071,0.3596412241458893,0.768871768122878,0.5899999944934109
2,2,2,True,1,0.75,0.5976111888885498,0.7993705370142242,0.7099999849109374
1,0,1,True,1,0.6000000238418579,0.7936757802963257,0.7113207692620573,0.8269999830873308
0,0,0,True,0,0.6000000238418579,0.3220621347427368,0.7113207692620573,0.5729999981902032
3,1,3,True,0,0.5,0.633317232131958,0.658077503034407,0.7299999888020932
2,1,2,True,0,0.5,0.3596412241458893,0.658077503034407,0.5899999944934109
2,1,2,True,1,0.5,0.5037494897842407,0.658077503034407,0.6600000042038996
1,1,1,True,1,0.5,0.5848760008811951,0.658077503034407,0.7029999894420969
3,1,3,True,1,0.44999998807907104,0.3618179261684418,0.6329695552826582,0.591000000410564
2,1,2,True,0,0.5,0.38338443636894226,0.658077503034407,0.6009999943513901
3,3,3,True,1,0.3499999940395355,0.4939750134944916,0.5855909908654705,0.6549999932755893
0,0,0,True,0,0.6000000238418579,0.4337139427661896,0.7113207692620573,0.6250000060421259
2,2,2,True,0,1.0,0.42338991165161133,0.971,0.6200000046867694
0,0,0,True,0,0.6000000238418579,0.36832594871520996,0.7113207692620573,0.5939999935821837
3,0,3,True,0,0.550000011920929,0.2193673849105835,0.6841814055442375,0.5289999970624468
2,0,2,True,1,0.550000011920929,0.4641976058483124,0.6841814055442375,0.6400000013129329
3,1,0,False,0,0.44999998807907104,0.22179484367370605,0.6329695552826582,0.530000000488792
3,2,3,True,1,0.6499999761581421,0.33322933316230774,0.7395366334422223,0.5780000053118328
2,0,2,True,1,0.550000011920929,0.5608848929405212,0.6841814055442375,0.6900000116606454
0,2,0,True,0,0.800000011920929,0.2623751759529114,0.8310790978922871,0.547000004689126
0,2,0,True,1,0.6499999761581421,0.27639713883399963,0.7395366334422223,0.553000001098508
1,1,1,True,0,0.5,0.5421205163002014,0.658077503034407,0.6799999933743011
3,2,3,True,1,1.0,0.25057220458984375,0.971,0.5420000049430272
0,0,0,True,0,0.6000000238418579,0.29256507754325867,0.7113207692620573,0.5599999986660849
0,0,0,True,1,0.550000011920929,0.48412567377090454,0.6841814055442375,0.6500000013936217
2,2,2,True,1,1.0,0.4129822850227356,0.971,0.6150000037195905
0,2,0,True,1,0.6499999761581421,0.3812440037727356,0.7395366334422223,0.599999998363473
0,2,0,True,0,0.6499999761581421,0.16476967930793762,0.7395366334422223,0.5069999986737193
0,1,0,True,0,0.44999998807907104,0.33766916394233704,0.6329695552826582,0.5799999977030665
1,0,1,True,0,0.6000000238418579,0.3153149485588074,0.7113207692620573,0.5699999949628566
2,2,2,True,1,0.800000011920929,0.4761914908885956,0.8310790978922871,0.6460000047372518
0,2,0,True,1,0.6499999761581421,0.45411649346351624,0.7395366334422223,0.6349999989235079
0,3,0,True,1,0.30000001192092896,0.4821467101573944,0.5632486689650297,0.6489999998467633
0,2,0,True,1,0.6000000238418579,0.9880309700965881,0.7113207692620573,0.9620000215471537
3,2,3,True,0,0.6000000238418579,0.8735172152519226,0.7113207692620573,0.8800000031734108
1,0,1,True,0,0.6000000238418579,0.3153149485588074,0.7113207692620573,0.5699999949628566
3,1,3,True,0,0.5,0.5976111888885498,0.658077503034407,0.7099999849109374
1,2,1,True,0,1.0,0.3596412241458893,0.971,0.5899999944934109
2,2,2,True,1,0.6499999761581421,0.48807448148727417,0.7395366334422223,0.6520000033843422
2,2,2,True,1,0.75,0.2553063929080963,0.7993705370142242,0.5439999988025059
1,1,1,True,1,0.4000000059604645,0.6350767612457275,0.6088195772640365,0.7309999897138583
2,1,2,True,1,0.44999998807907104,0.40248969197273254,0.6329695552826582,0.6100000002618106
1,1,1,True,1,0.5,0.5976111888885498,0.658077503034407,0.7099999849109374
2,2,2,True,1,0.8999999761581421,0.33988335728645325,0.8983194123648568,0.5810000010414563
1,2,1,True,1,0.8999999761581421,0.4398687779903412,0.8983194123648568,0.6280000006288825
0,0,0,True,0,0.550000011920929,0.3220621347427368,0.6841814055442375,0.5729999981902032
2,1,2,True,1,0.44999998807907104,0.628024160861969,0.6329695552826582,0.7269999942109775
0,0,0,True,0,0.6000000238418579,0.42338991165161133,0.7113207692620573,0.6200000046867694
2,1,2,True,0,0.5,0.3812440037727356,0.658077503034407,0.599999998363473
0,1,0,True,0,0.5,0.5976111888885498,0.658077503034407,0.7099999849109374
2,1,0,False,0,0.44999998807907104,0.29026779532432556,0.6329695552826582,0.559000002995557
1,1,1,True,0,0.5,0.42338991165161133,0.658077503034407,0.6200000046867694
3,2,3,True,0,0.6000000238418579,0.21449869871139526,0.7113207692620573,0.5270000017425633
0,1,0,True,0,0.5,0.3153149485588074,0.658077503034407,0.5699999949628566
2,0,2,True,0,0.550000011920929,0.3153149485588074,0.6841814055442375,0.5699999949628566
0,1,0,True,0,0.44999998807907104,0.22904980182647705,0.6329695552826582,0.5329999974819276
3,2,3,True,1,0.6499999761581421,0.33766916394233704,0.7395366334422223,0.5799999977030665
3,2,3,True,1,0.800000011920929,0.9772974252700806,0.8310790978922871,0.9540000220034865
2,2,2,True,0,0.75,0.4641976058483124,0.7993705370142242,0.6400000013129329
0,1,0,True,0,0.5,0.29256507754325867,0.658077503034407,0.5599999986660849
2,0,2,True,1,0.550000011920929,0.6155881881713867,0.6841814055442375,0.7199999836812788
1,2,1,True,1,0.6499999761581421,0.3443003296852112,0.7395366334422223,0.5830000058412748
3,2,3,True,1,0.699999988079071,0.45613905787467957,0.768871768122878,0.6360000026529686
0,0,0,True,1,0.550000011920929,0.29256507754325867,0.6841814055442375,0.5599999986660849
3,2,3,True,1,0.6499999761581421,0.5994202494621277,0.7395366334422223,0.7109999869912261
1,2,1,True,0,0.8500000238418579,0.3130580186843872,0.8640454394695402,0.5690000053822707
3,2,3,True,1,0.6000000238418579,0.28796637058258057,0.7113207692620573,0.5579999946350287
0,2,0,True,1,0.6000000238418579,0.36832594871520996,0.7113207692620573,0.5939999935821837
0,2,0,True,0,0.6499999761581421,0.31756794452667236,0.7395366334422223,0.5709999943657259
1,2,3,False,1,0.699999988079071,0.31756794452667236,0.768871768122878,0.5709999943657259
2,1,2,True,0,0.5,0.3769524097442627,0.658077503034407,0.5980000036639656
0,0,0,True,0,0.550000011920929,0.49004432559013367,0.6841814055442375,0.6529999943573211
3,2,3,True,1,0.8500000238418579,0.4337139427661896,0.8640454394695402,0.6250000060421259
0,2,0,True,0,0.699999988079071,0.3618179261684418,0.768871768122878,0.591000000410564
1,2,1,True,1,0.6499999761581421,0.45411649346351624,0.7395366334422223,0.6349999989235079
2,0,2,True,0,0.6000000238418579,0.25294145941734314,0.7113207692620573,0.542999993858368
1,2,1,True,0,0.75,0.24582049250602722,0.7993705370142242,0.5400000017738655
2,0,2,True,1,0.550000011920929,0.5421205163002014,0.6841814055442375,0.6799999933743011
1,0,1,True,0,0.6000000238418579,0.3574608564376831,0.7113207692620573,0.5890000008539068
1,2,1,True,0,0.800000011920929,0.33766916394233704,0.8310790978922871,0.5799999977030665
2,0,2,True,1,0.550000011920929,0.4378204345703125,0.6841814055442375,0.6270000001630176
0,2,0,True,0,0.6499999761581421,0.22179484367370605,0.7395366334422223,0.530000000488792
3,2,3,True,0,0.6499999761581421,0.633317232131958,0.7395366334422223,0.7299999888020932
3,0,3,True,0,0.550000011920929,0.27407073974609375,0.6841814055442375,0.5520000006930108
3,1,3,True,0,0.44999998807907104,0.5153815746307373,0.6329695552826582,0.6660000135132109
3,2,3,True,0,0.6000000238418579,0.3153149485588074,0.7113207692620573,0.5699999949628566
1,1,1,True,1,0.44999998807907104,0.26706618070602417,0.6329695552826582,0.5490000035364818
0,1,0,True,1,0.4000000059604645,0.4419138729572296,0.6088195772640365,0.6290000063056567
1,0,1,True,1,0.550000011920929,0.523078203201294,0.6841814055442375,0.6700000089266277
3,0,3,True,0,0.550000011920929,0.22179484367370605,0.6841814055442375,0.530000000488792
0,2,0,True,1,0.699999988079071,0.4295942783355713,0.768871768122878,0.6230000066815589
1,2,1,True,0,1.0,0.26002323627471924,0.971,0.5460000046421294
0,0,3,False,1,0.550000011920929,0.4087955057621002,0.6841814055442375,0.6129999952092078
3,0,3,True,0,0.550000011920929,0.4254613518714905,0.6841814055442375,0.6209999998295582
3,1,3,True,0,0.44999998807907104,0.2386598289012909,0.6329695552826582,0.5369999990486598
1,2,1,True,0,0.6000000238418579,0.05638336390256882,0.7113207692620573,0.4659999994423259
0,0,0,True,1,0.550000011920929,0.36832594871520996,0.6841814055442375,0.5939999935821837
1,2,1,True,1,0.6499999761581421,0.4150705635547638,0.7395366334422223,0.6160000041365007
0,2,0,True,1,0.75,0.40248969197273254,0.7993705370142242,0.6100000002618106
0,1,0,True,0,0.4000000059604645,0.25294145941734314,0.6088195772640365,0.542999993858368
0,1,0,True,0,0.5,0.36832594871520996,0.658077503034407,0.5939999935821837
2,2,2,True,0,0.75,0.44802966713905334,0.7993705370142242,0.6320000040573776
0,2,0,True,1,1.0,0.4641976058483124,0.971,0.6400000013129329
0,2,0,True,0,0.6499999761581421,0.28335118293762207,0.7395366334422223,0.5560000043586534
1,0,1,True,1,0.550000011920929,0.32430335879325867,0.6841814055442375,0.5740000036699657
0,1,0,True,1,0.5,0.43165573477745056,0.658077503034407,0.6239999936034302
1,2,1,True,0,1.0,0.40248969197273254,0.971,0.6100000002618106
0,2,0,True,1,1.0,0.36832594871520996,0.971,0.5939999935821837
0,2,0,True,0,1.0,0.33766916394233704,0.971,0.5799999977030665
3,2,1,False,1,0.699999988079071,0.35308897495269775,0.768871768122878,0.587000005058579
0,1,0,True,1,0.5,0.38978445529937744,0.658077503034407,0.6039999939804539
2,0,2,True,0,0.550000011920929,0.3153149485588074,0.6841814055442375,0.5699999949628566
1,0,1,True,0,0.550000011920929,0.25294145941734314,0.6841814055442375,0.542999993858368
1,0,1,True,1,0.6000000238418579,0.4045950770378113,0.7113207692620573,0.6110000023402741
0,0,0,True,0,0.550000011920929,0.24582049250602722,0.6841814055442375,0.5400000017738655
1,1,1,True,0,0.4000000059604645,0.29256507754325867,0.6088195772640365,0.5599999986660849
0,2,0,True,1,0.6499999761581421,0.328774094581604,0.7395366334422223,0.5760000046448289
1,2,1,True,1,0.6000000238418579,0.42131510376930237,0.7113207692620573,0.6189999980109001
1,2,1,True,1,1.0,0.33766916394233704,0.971,0.5799999977030665
3,1,3,True,1,0.44999998807907104,0.5921686887741089,0.6329695552826582,0.7069999836614034
1,1,1,True,1,0.5,0.24819853901863098,0.658077503034407,0.5410000011131741
3,2,3,True,0,0.6499999761581421,0.29256507754325867,0.7395366334422223,0.5599999986660849
2,2,2,True,1,0.800000011920929,0.5249951481819153,0.8310790978922871,0.6709999908340439
0,0,0,True,0,0.550000011920929,0.26706618070602417,0.6841814055442375,0.5490000035364818
1,2,1,True,1,0.6000000238418579,0.46017464995384216,0.7113207692620573,0.6380000032773165
3,2,3,True,0,0.8999999761581421,0.48807448148727417,0.8983194123648568,0.6520000033843422
2,2,2,True,1,0.800000011920929,0.37264642119407654,0.8310790978922871,0.5960000009269539
0,2,0,True,1,1.0,0.4641976058483124,0.971,0.6400000013129329
0,2,0,True,0,0.8500000238418579,0.29256507754325867,0.8640454394695402,0.5599999986660849
3,2,3,True,0,0.75,0.4500617980957031,0.7993705370142242,0.632999994670712
1,1,1,True,0,0.4000000059604645,0.34870216250419617,0.6088195772640365,0.5850000047715612
0,1,0,True,1,0.44999998807907104,0.36832594871520996,0.6329695552826582,0.5939999935821837
0,1,0,True,0,0.5,0.24582049250602722,0.658077503034407,0.5400000017738655
1,2,1,True,1,0.6000000238418579,0.4722059369087219,0.7113207692620573,0.6439999961737441
1,2,1,True,0,0.699999988079071,0.2694052755832672,0.768871768122878,0.5500000017162529
3,1,3,True,0,0.5,0.20716089010238647,0.658077503034407,0.5239999985726885
3,0,3,True,1,0.550000011920929,0.30171340703964233,0.6841814055442375,0.5639999994126826
0,1,0,True,1,0.5,0.3790999948978424,0.658077503034407,0.5989999996127661
3,0,3,True,1,0.550000011920929,0.5037494897842407,0.6841814055442375,0.6600000042038996
0,2,0,True,1,0.6000000238418579,0.26002323627471924,0.7113207692620573,0.5460000046421294
1,0,1,True,0,0.550000011920929,0.5608848929405212,0.6841814055442375,0.6900000116606454
2,2,2,True,1,0.6000000238418579,0.3508974313735962,0.7113207692620573,0.5860000008743051
2,0,2,True,1,0.550000011920929,0.3790999948978424,0.6841814055442375,0.5989999996127661
3,2,3,True,1,0.8999999761581421,0.4742002487182617,0.8983194123648568,0.6449999954493963
2,2,2,True,1,1.0,0.5738587975502014,0.971,0.6969999993252933
2,2,2,True,1,0.75,0.45411649346351624,0.7993705370142242,0.6349999989235079
0,2,0,True,1,0.800000011920929,0.3153149485588074,0.8310790978922871,0.5699999949628566
0,2,0,True,0,0.949999988079071,0.42338991165161133,0.9339529695901586,0.6200000046867694
1,2,1,True,0,0.699999988079071,0.3876546621322632,0.768871768122878,0.6029999976780734
2,2,2,True,1,0.699999988079071,0.306263267993927,0.768871768122878,0.565999999023059
0,2,0,True,0,1.0,0.17235280573368073,0.971,0.5100000023525977
0,2,0,True,0,0.8500000238418579,0.29256507754325867,0.8640454394695402,0.5599999986660849
1,2,3,False,1,0.8999999761581421,0.22904980182647705,0.8983194123648568,0.5329999974819276
1,1,1,True,1,0.5,0.4998486042022705,0.658077503034407,0.6579999945792723
3,2,3,True,0,0.6499999761581421,0.4641976058483124,0.7395366334422223,0.6400000013129329
1,2,1,True,0,0.75,0.48412567377090454,0.7993705370142242,0.6500000013936217
0,0,0,True,0,0.550000011920929,0.24105115234851837,0.6841814055442375,0.5380000001029064
0,0,0,True,1,0.550000011920929,0.38978445529937744,0.6841814055442375,0.6039999939804539
0,1,0,True,0,0.5,0.43576881289482117,0.658077503034407,0.625999995435672
0,0,0,True,0,0.6000000238418579,0.3130580186843872,0.7113207692620573,0.5690000053822707
3,1,3,True,1,0.44999998807907104,0.5173100233078003,0.6329695552826582,0.6669999949844069
3,2,3,True,1,0.6000000238418579,0.6350767612457275,0.7113207692620573,0.7309999897138583
1,1,1,True,0,0.44999998807907104,0.29256507754325867,0.6329695552826582,0.5599999986660849
3,2,3,True,0,0.75,0.3596412241458893,0.7993705370142242,0.5899999944934109
0,1,0,True,0,0.44999998807907104,0.328774094581604,0.6329695552826582,0.5760000046448289
0,2,0,True,0,0.6499999761581421,0.3876546621322632,0.7395366334422223,0.6029999976780734
1,0,1,True,1,0.6000000238418579,0.3961527645587921,0.7113207692620573,0.6069999935530198
1,2,1,True,0,0.6499999761581421,0.2694052755832672,0.7395366334422223,0.5500000017162529
2,2,2,True,0,0.800000011920929,0.29485827684402466,0.8310790978922871,0.561000001187531
1,2,1,True,0,0.75,0.43576881289482117,0.7993705370142242,0.625999995435672
1,0,1,True,0,0.550000011920929,0.3508974313735962,0.6841814055442375,0.5860000008743051
2,2,2,True,1,0.8999999761581421,0.23145905137062073,0.8983194123648568,0.5339999971886118
0,3,0,True,0,0.3499999940395355,0.43576881289482117,0.5855909908654705,0.625999995435672
1,1,1,True,1,0.5,0.419236958026886,0.658077503034407,0.6179999993857016
2,1,2,True,1,0.5,0.3107970952987671,0.658077503034407,0.5680000053827252
2,0,2,True,0,0.550000011920929,0.42338991165161133,0.6841814055442375,0.6200000046867694
2,1,2,True,1,0.5,0.4045950770378113,0.658077503034407,0.6110000023402741
0,2,0,True,0,0.949999988079071,0.5571538805961609,0.9339529695901586,0.6880000143862413
3,1,3,True,0,0.5,0.33766916394233704,0.658077503034407,0.5799999977030665
0,2,0,True,1,0.6000000238418579,0.5364373922348022,0.7113207692620573,0.6770000015404591
2,2,2,True,0,0.699999988079071,0.4920111894607544,0.768871768122878,0.6540000026505938
3,2,3,True,0,0.800000011920929,0.40248969197273254,0.8310790978922871,0.6100000002618106
2,1,1,False,0,0.44999998807907104,0.29256507754325867,0.6329695552826582,0.5599999986660849
3,1,3,True,1,0.44999998807907104,0.7118614912033081,0.6329695552826582,0.7760000174887798
3,1,3,True,0,0.44999998807907104,0.5037494897842407,0.6329695552826582,0.6600000042038996
1,2,1,True,1,0.6000000238418579,0.34870216250419617,0.7113207692620573,0.5850000047715612
1,2,1,True,0,0.6499999761581421,0.4150705635547638,0.7395366334422223,0.6160000041365007
2,2,2,True,0,0.6499999761581421,0.2717401087284088,0.7395366334422223,0.5509999944515519
1,2,1,True,1,1.0,0.35527676343917847,0.971,0.5879999979029831
0,2,0,True,0,0.800000011920929,0.308532178401947,0.8310790978922871,0.5670000011910246
3,2,3,True,0,0.800000011920929,0.2810373306274414,0.8310790978922871,0.5549999965892977
2,2,2,True,0,0.699999988079071,0.38338443636894226,0.768871768122878,0.6009999943513901
1,1,1,True,1,0.5,0.29256507754325867,0.658077503034407,0.5599999986660849
1,2,1,True,1,0.699999988079071,0.2623751759529114,0.768871768122878,0.547000004689126
0,0,0,True,0,0.6000000238418579,0.30171340703964233,0.7113207692620573,0.5639999994126826
2,2,2,True,1,0.75,0.38338443636894226,0.7993705370142242,0.6009999943513901
3,2,3,True,0,0.6000000238418579,0.3596412241458893,0.7113207692620573,0.5899999944934109
2,1,2,True,1,0.5,0.5037494897842407,0.658077503034407,0.6600000042038996
1,0,1,True,0,0.550000011920929,0.2242177128791809,0.6841814055442375,0.5309999982366974
2,2,2,True,1,0.800000011920929,0.523078203201294,0.8310790978922871,0.6700000089266277
0,2,0,True,0,0.8999999761581421,0.24105115234851837,0.8983194123648568,0.5380000001029064
3,2,3,True,1,0.6499999761581421,0.523078203201294,0.7395366334422223,0.6700000089266277
0,1,0,True,1,0.5,0.38338443636894226,0.658077503034407,0.6009999943513901
0,2,0,True,0,0.699999988079071,0.3310036361217499,0.768871768122878,0.5770000013431426
3,1,3,True,1,0.5,0.3596412241458893,0.658077503034407,0.5899999944934109
0,2,0,True,1,0.8500000238418579,0.48016470670700073,0.8640454394695402,0.6480000042340459
3,1,3,True,0,0.5,0.9813329577445984,0.658077503034407,0.9569999786178592
2,2,2,True,0,0.6499999761581421,0.3354511559009552,0.7395366334422223,0.5789999971512589
2,1,2,True,0,0.5,0.523078203201294,0.658077503034407,0.6700000089266277
1,2,1,True,0,0.949999988079071,0.4641976058483124,0.9339529695901586,0.6400000013129329
1,2,1,True,1,0.800000011920929,0.3508974313735962,0.8310790978922871,0.5860000008743051
1,0,1,True,0,0.6000000238418579,0.25057220458984375,0.7113207692620573,0.5420000049430272
0,1,0,True,1,0.4000000059604645,0.42338991165161133,0.6088195772640365,0.6200000046867694
3,2,3,True,0,0.6000000238418579,0.17235280573368073,0.7113207692620573,0.5100000023525977
3,0,3,True,0,0.550000011920929,0.3596412241458893,0.6841814055442375,0.5899999944934109
0,0,0,True,0,0.550000011920929,0.4108906090259552,0.6841814055442375,0.6140000037210799
1,0,1,True,0,0.550000011920929,0.2694052755832672,0.6841814055442375,0.5500000017162529
2,2,2,True,0,0.8500000238418579,0.38338443636894226,0.8640454394695402,0.6009999943513901
1,1,1,True,1,0.5,0.328774094581604,0.658077503034407,0.5760000046448289
3,0,3,True,0,0.550000011920929,0.22179484367370605,0.6841814055442375,0.530000000488792
2,2,2,True,0,0.6000000238418579,0.33766916394233704,0.7113207692620573,0.5799999977030665
1,0,1,True,1,0.6000000238418579,0.40248969197273254,0.7113207692620573,0.6100000002618106
1,1,1,True,1,0.5,0.29714739322662354,0.658077503034407,0.5620000042133692
2,0,2,True,1,0.550000011920929,0.5885275602340698,0.6841814055442375,0.7050000102948958
1,1,1,True,0,0.44999998807907104,0.35527676343917847,0.6329695552826582,0.5879999979029831
3,1,3,True,0,0.44999998807907104,0.9799891710281372,0.6329695552826582,0.955999980777704
0,0,0,True,0,0.550000011920929,0.29256507754325867,0.6841814055442375,0.5599999986660849
2,2,2,True,0,0.8500000238418579,0.23145905137062073,0.8640454394695402,0.5339999971886118
3,2,3,True,0,0.75,0.45411649346351624,0.7993705370142242,0.6349999989235079
1,1,1,True,0,0.44999998807907104,0.7780389189720154,0.6329695552826582,0.8169999869867062
3,0,3,True,0,0.550000011920929,0.3618179261684418,0.6841814055442375,0.591000000410564
0,1,0,True,0,0.5,0.48016470670700073,0.658077503034407,0.6480000042340459
3,1,3,True,1,0.5,0.5976111888885498,0.658077503034407,0.7099999849109374
0,0,0,True,0,0.550000011920929,0.42338991165161133,0.6841814055442375,0.6200000046867694
3,1,3,True,1,0.5,0.33766916394233704,0.658077503034407,0.5799999977030665
1,2,1,True,0,0.75,0.12093255668878555,0.7993705370142242,0.489999999500772
3,0,3,True,1,0.550000011920929,0.3876546621322632,0.6841814055442375,0.6029999976780734
0,2,0,True,0,0.800000011920929,0.3812440037727356,0.8310790978922871,0.599999998363473
1,3,1,True,0,0.20000000298023224,0.2694052755832672,0.5210887942181833,0.5500000017162529
1,0,1,True,1,0.6000000238418579,0.5552842617034912,0.7113207692620573,0.6869999924912059
1,0,1,True,0,0.550000011920929,0.40669700503349304,0.6841814055442375,0.6119999977165095
3,1,3,True,1,0.5,0.2694052755832672,0.658077503034407,0.5500000017162529
0,1,0,True,1,0.44999998807907104,0.25294145941734314,0.6329695552826582,0.542999993858368
0,0,0,True,0,0.550000011920929,0.2694052755832672,0.6841814055442375,0.5500000017162529
1,2,1,True,0,0.8999999761581421,0.40248969197273254,0.8983194123648568,0.6100000002618106
1,2,1,True,1,0.8999999761581421,0.5664611458778381,0.8983194123648568,0.6929999875251339
2,0,2,True,1,0.550000011920929,0.4742002487182617,0.6841814055442375,0.6449999954493963
3,0,3,True,1,0.6000000238418579,0.5288205742835999,0.7113207692620573,0.6730000026427778
2,2,2,True,0,0.800000011920929,0.5134501457214355,0.8310790978922871,0.6649999893374305
1,2,1,True,1,0.75,0.4581584334373474,0.7993705370142242,0.6370000008314272
0,2,0,True,0,0.800000011920929,0.24582049250602722,0.8310790978922871,0.5400000017738655
3,0,3,True,0,0.6000000238418579,0.7118614912033081,0.7113207692620573,0.7760000174887798
0,0,0,True,1,0.6000000238418579,0.5037494897842407,0.7113207692620573,0.6600000042038996
1,0,1,True,1,0.550000011920929,0.4621877074241638,0.6841814055442375,0.6390000050779484
2,1,2,True,1,0.5,0.4108906090259552,0.658077503034407,0.6140000037210799
3,2,3,True,0,0.8500000238418579,0.28335118293762207,0.8640454394695402,0.5560000043586534
0,2,0,True,1,0.800000011920929,0.3812440037727356,0.8310790978922871,0.599999998363473
1,1,1,True,1,0.5,0.38338443636894226,0.658077503034407,0.6009999943513901
3,2,3,True,1,0.800000011920929,0.4641976058483124,0.8310790978922871,0.6400000013129329
0,2,0,True,0,0.8999999761581421,0.40248969197273254,0.8983194123648568,0.6100000002618106
1,2,1,True,0,1.0,0.26002323627471924,0.971,0.5460000046421294
0,1,0,True,0,0.4000000059604645,0.12093255668878555,0.6088195772640365,0.489999999500772
1,2,1,True,1,0.699999988079071,0.2694052755832672,0.768871768122878,0.5500000017162529
2,2,2,True,0,0.8999999761581421,0.33988335728645325,0.8983194123648568,0.5810000010414563
3,2,3,True,1,1.0,0.40248969197273254,0.971,0.6100000002618106
2,2,2,True,1,0.6499999761581421,0.5364373922348022,0.7395366334422223,0.6770000015404591
3,1,3,True,1,0.44999998807907104,0.33766916394233704,0.6329695552826582,0.5799999977030665
2,0,2,True,0,0.550000011920929,0.33766916394233704,0.6841814055442375,0.5799999977030665
3,2,3,True,0,0.75,0.3596412241458893,0.7993705370142242,0.5899999944934109
0,1,0,True,1,0.44999998807907104,0.33766916394233704,0.6329695552826582,0.5799999977030665
3,2,3,True,0,0.6499999761581421,0.3812440037727356,0.7395366334422223,0.599999998363473
3,1,0,False,0,0.5,0.42131510376930237,0.658077503034407,0.6189999980109001
1,1,1,True,0,0.44999998807907104,0.4337139427661896,0.6329695552826582,0.6250000060421259
1,2,1,True,1,0.699999988079071,0.33988335728645325,0.768871768122878,0.5810000010414563
3,2,3,True,1,0.8500000238418579,0.3790999948978424,0.8640454394695402,0.5989999996127661
1,2,1,True,1,0.6000000238418579,0.4641976058483124,0.7113207692620573,0.6400000013129329
0,1,0,True,1,0.5,0.25294145941734314,0.658077503034407,0.542999993858368
1,0,1,True,1,0.6000000238418579,0.4742002487182617,0.7113207692620573,0.6449999954493963
0,2,0,True,0,0.6499999761581421,0.28566086292266846,0.7395366334422223,0.5570000058769908
0,0,0,True,0,0.550000011920929,0.3596412241458893,0.6841814055442375,0.5899999944934109
0,0,0,True,0,0.6000000238418579,0.29256507754325867,0.7113207692620573,0.5599999986660849
2,2,2,True,1,0.6000000238418579,0.523078203201294,0.7113207692620573,0.6700000089266277
1,1,1,True,1,0.44999998807907104,0.39191073179244995,0.6329695552826582,0.6049999933638269
3,1,3,True,0,0.44999998807907104,0.3596412241458893,0.6329695552826582,0.5899999944934109
0,0,0,True,0,0.550000011920929,0.3465031087398529,0.6841814055442375,0.5839999954464355
3,2,2,False,1,0.75,0.45411649346351624,0.7993705370142242,0.6349999989235079
3,1,3,True,0,0.44999998807907104,0.40248969197273254,0.6329695552826582,0.6100000002618106
3,1,3,True,1,0.5,0.38338443636894226,0.658077503034407,0.6009999943513901
1,2,1,True,1,1.0,0.48412567377090454,0.971,0.6500000013936217
1,2,3,False,1,0.800000011920929,0.36832594871520996,0.8310790978922871,0.5939999935821837
1,2,1,True,0,0.800000011920929,0.24343803524971008,0.8310790978922871,0.5390000012298091
1,1,1,True,1,0.44999998807907104,0.48807448148727417,0.6329695552826582,0.6520000033843422
3,2,0,False,1,1.0,0.4459942877292633,0.971,0.6309999984516933
0,1,0,True,1,0.5,0.4459942877292633,0.658077503034407,0.6309999984516933
2,2,2,True,1,0.699999988079071,0.4108906090259552,0.768871768122878,0.6140000037210799
3,2,3,True,1,0.6000000238418579,0.4275294840335846,0.7113207692620573,0.6220000070202574
2,3,2,True,1,0.3499999940395355,0.3855213224887848,0.5855909908654705,0.6019999959607932
0,0,0,True,0,0.550000011920929,0.25294145941734314,0.6841814055442375,0.542999993858368
0,2,0,True,0,0.8500000238418579,0.28335118293762207,0.8640454394695402,0.5560000043586534
3,0,3,True,1,0.550000011920929,0.4045950770378113,0.6841814055442375,0.6110000023402741
0,2,0,True,0,0.75,0.14946790039539337,0.7993705370142242,0.5010000004429338
1,0,1,True,0,0.6000000238418579,0.5402289628982544,0.7113207692620573,0.6790000122923703
2,2,2,True,0,0.6499999761581421,0.4520907402038574,0.7395366334422223,0.6339999946097808
2,2,2,True,0,1.0,0.4254613518714905,0.971,0.6209999998295582
0,2,0,True,0,0.6499999761581421,0.19731153547763824,0.7395366334422223,0.5199999990084729
0,2,0,True,0,0.6499999761581421,0.39826855063438416,0.7395366334422223,0.6079999975326807
2,1,2,True,1,0.5,0.5056954622268677,0.658077503034407,0.6609999885813245
2,0,2,True,0,0.550000011920929,0.40248969197273254,0.6841814055442375,0.6100000002618106
2,0,2,True,1,0.550000011920929,0.3812440037727356,0.6841814055442375,0.599999998363473
2,0,2,True,0,0.550000011920929,0.24582049250602722,0.6841814055442375,0.5400000017738655
2,1,2,True,1,0.44999998807907104,0.4959358870983124,0.6329695552826582,0.6560000071025891
2,2,2,True,1,0.8500000238418579,0.3130580186843872,0.8640454394695402,0.5690000053822707
1,2,1,True,1,0.800000011920929,0.5173100233078003,0.8310790978922871,0.6669999949844069
2,3,2,True,1,0.3499999940395355,0.39826855063438416,0.5855909908654705,0.6079999975326807
3,1,3,True,1,0.44999998807907104,0.5383345484733582,0.6329695552826582,0.677999992582976
2,3,2,True,0,0.3499999940395355,0.33766916394233704,0.5855909908654705,0.5799999977030665
2,1,1,False,1,0.44999998807907104,0.26706618070602417,0.6329695552826582,0.5490000035364818
1,2,1,True,0,0.6499999761581421,0.3596412241458893,0.7395366334422223,0.5899999944934109
3,2,3,True,0,0.6499999761581421,0.21449869871139526,0.7395366334422223,0.5270000017425633
0,0,0,True,0,0.6000000238418579,0.3443003296852112,0.7113207692620573,0.5830000058412748
1,2,0,False,1,0.75,0.46620437502861023,0.7993705370142242,0.6410000019167172
3,1,3,True,0,0.44999998807907104,0.3153149485588074,0.6329695552826582,0.5699999949628566
1,1,1,True,0,0.4000000059604645,0.40248969197273254,0.6088195772640365,0.6100000002618106
2,1,2,True,1,0.5,0.4998486042022705,0.658077503034407,0.6579999945792723
1,1,1,True,0,0.5,0.5440093278884888,0.658077503034407,0.680999994476731
3,2,3,True,1,0.699999988079071,0.4171554446220398,0.768871768122878,0.6169999996816915
1,2,1,True,1,0.699999988079071,0.24582049250602722,0.768871768122878,0.5400000017738655
1,2,1,True,1,0.699999988079071,0.3596412241458893,0.768871768122878,0.5899999944934109
2,2,2,True,1,0.8500000238418579,0.2647227942943573,0.8640454394695402,0.5479999938412414
3,1,3,True,0,0.5,0.3130580186843872,0.658077503034407,0.5690000053822707
1,0,1,True,1,0.550000011920929,0.39826855063438416,0.6841814055442375,0.6079999975326807
1,1,1,True,0,0.5,0.21693535149097443,0.658077503034407,0.5280000012242887
0,1,0,True,1,0.44999998807907104,0.42338991165161133,0.6329695552826582,0.6200000046867694
0,2,0,True,0,0.75,0.6782999038696289,0.7993705370142242,0.7559999994989051
2,2,2,True,1,0.6000000238418579,0.6968671083450317,0.7113207692620573,0.7669999990699831
0,2,0,True,0,0.800000011920929,0.29256507754325867,0.8310790978922871,0.5599999986660849
2,0,2,True,0,0.550000011920929,0.3153149485588074,0.6841814055442375,0.5699999949628566
3,1,3,True,0,0.44999998807907104,0.36832594871520996,0.6329695552826582,0.5939999935821837
1,1,1,True,0,0.44999998807907104,0.4275294840335846,0.6329695552826582,0.6220000070202574
1,0,1,True,0,0.550000011920929,0.4641976058483124,0.6841814055442375,0.6400000013129329
2,0,2,True,0,0.550000011920929,0.5364373922348022,0.6841814055442375,0.6770000015404591
1,2,1,True,0,0.800000011920929,0.3812440037727356,0.8310790978922871,0.599999998363473
1,1,1,True,1,0.4000000059604645,0.29485827684402466,0.6088195772640365,0.561000001187531
2,0,2,True,0,0.550000011920929,0.3790999948978424,0.6841814055442375,0.5989999996127661
0,2,0,True,0,0.6499999761581421,0.3812440037727356,0.7395366334422223,0.599999998363473
1,2,0,False,1,0.800000011920929,0.22179484367370605,0.8310790978922871,0.530000000488792
2,2,2,True,1,0.699999988079071,0.48412567377090454,0.768871768122878,0.6500000013936217
1,3,1,True,0,0.3499999940395355,0.5037494897842407,0.5855909908654705,0.6600000042038996
2,0,2,True,0,0.6000000238418579,0.3130580186843872,0.7113207692620573,0.5690000053822707
0,2,0,True,1,1.0,0.5037494897842407,0.971,0.6600000042038996
0,1,0,True,0,0.5,0.19731153547763824,0.658077503034407,0.5199999990084729
2,2,1,False,1,0.6499999761581421,0.24582049250602722,0.7395366334422223,0.5400000017738655
1,2,1,True,0,0.75,0.31756794452667236,0.7993705370142242,0.5709999943657259
3,1,3,True,1,0.44999998807907104,0.24582049250602722,0.6329695552826582,0.5400000017738655
0,0,0,True,1,0.550000011920929,0.3940335214138031,0.6841814055442375,0.6060000044077539
2,2,2,True,1,0.75,0.7184698581695557,0.7993705370142242,0.7799999861212166
2,2,2,True,1,0.75,0.4439556896686554,0.7993705370142242,0.6299999975354973
1,2,1,True,1,0.6000000238418579,0.29256507754325867,0.7113207692620573,0.5599999986660849
1,2,1,True,1,0.800000011920929,0.4439556896686554,0.8310790978922871,0.6299999975354973
0,1,0,True,0,0.44999998807907104,0.5056954622268677,0.6329695552826582,0.6609999885813245
1,2,0,False,1,0.6499999761581421,0.19978095591068268,0.7395366334422223,0.5209999976935672
2,2,2,True,1,0.6499999761581421,0.40248969197273254,0.7395366334422223,0.6100000002618106
1,2,1,True,1,0.699999988079071,0.6155881881713867,0.768871768122878,0.7199999836812788
3,2,3,True,0,0.800000011920929,0.2647227942943573,0.8310790978922871,0.5479999938412414
2,2,2,True,0,0.6000000238418579,0.3153149485588074,0.7113207692620573,0.5699999949628566
0,1,0,True,1,0.44999998807907104,0.3812440037727356,0.6329695552826582,0.599999998363473
0,0,0,True,0,0.6000000238418579,0.16223199665546417,0.7113207692620573,0.5059999977281833
3,2,3,True,1,0.800000011920929,0.34209373593330383,0.8310790978922871,0.5820000012303785
0,2,0,True,0,0.800000011920929,0.4722059369087219,0.8310790978922871,0.6439999961737441
1,2,1,True,0,0.8999999761581421,0.33766916394233704,0.8983194123648568,0.5799999977030665
2,1,2,True,1,0.5,0.37264642119407654,0.658077503034407,0.5960000009269539
0,0,0,True,0,0.6000000238418579,0.6490669250488281,0.7113207692620573,0.7389999832416423
0,1,0,True,1,0.5,0.5037494897842407,0.658077503034407,0.6600000042038996
0,2,0,True,1,0.6499999761581421,0.4439556896686554,0.7395366334422223,0.6299999975354973
2,2,2,True,0,0.699999988079071,0.4459942877292633,0.768871768122878,0.6309999984516933
0,2,0,True,0,0.699999988079071,0.28335118293762207,0.768871768122878,0.5560000043586534
0,1,0,True,1,0.5,0.42338991165161133,0.658077503034407,0.6200000046867694
2,2,2,True,1,0.6499999761581421,0.42338991165161133,0.7395366334422223,0.6200000046867694
3,2,3,True,1,0.6000000238418579,0.4171554446220398,0.7113207692620573,0.6169999996816915
2,2,2,True,1,0.8999999761581421,0.3574608564376831,0.8983194123648568,0.5890000008539068
2,2,2,True,0,0.6000000238418579,0.5608848929405212,0.7113207692620573,0.6900000116606454
2,0,2,True,1,0.550000011920929,0.4641976058483124,0.6841814055442375,0.6400000013129329
1,2,1,True,0,0.6499999761581421,0.4045950770378113,0.7395366334422223,0.6110000023402741
0,1,0,True,0,0.44999998807907104,0.4439556896686554,0.6329695552826582,0.6299999975354973
3,2,3,True,0,0.699999988079071,0.523078203201294,0.768871768122878,0.6700000089266277
3,2,3,True,1,1.0,0.5115158557891846,0.971,0.663999988738256
2,2,2,True,0,0.6000000238418579,0.35308897495269775,0.7113207692620573,0.587000005058579
2,2,2,True,0,0.75,0.3153149485588074,0.7993705370142242,0.5699999949628566
1,2,1,True,1,0.6000000238418579,0.4045950770378113,0.7113207692620573,0.6110000023402741
3,0,3,True,0,0.550000011920929,0.3198170065879822,0.6841814055442375,0.5719999974815364
2,0,2,True,1,0.550000011920929,0.501800537109375,0.6841814055442375,0.6590000046509626
2,2,2,True,1,0.699999988079071,0.33766916394233704,0.768871768122878,0.5799999977030665
3,2,3,True,0,0.6499999761581421,0.3130580186843872,0.7395366334422223,0.5690000053822707
1,2,1,True,0,0.699999988079071,0.4641976058483124,0.768871768122878,0.6400000013129329
3,1,3,True,0,0.5,0.4108906090259552,0.658077503034407,0.6140000037210799
2,0,2,True,0,0.550000011920929,0.3704880177974701,0.6841814055442375,0.5950000053605375
0,1,0,True,0,0.4000000059604645,0.27639713883399963,0.6088195772640365,0.553000001098508
1,0,1,True,0,0.550000011920929,0.3153149485588074,0.6841814055442375,0.5699999949628566
0,2,0,True,1,0.6499999761581421,0.2647227942943573,0.7395366334422223,0.5479999938412414
3,2,3,True,0,0.6000000238418579,0.33766916394233704,0.7113207692620573,0.5799999977030665
3,2,3,True,0,0.699999988079071,0.24582049250602722,0.768871768122878,0.5400000017738655
1,0,1,True,0,0.6000000238418579,0.29485827684402466,0.7113207692620573,0.561000001187531
1,2,1,True,1,0.6499999761581421,0.4761914908885956,0.7395366334422223,0.6460000047372518
1,1,1,True,1,0.5,0.3704880177974701,0.658077503034407,0.5950000053605375
3,2,3,True,1,0.6000000238418579,0.4959358870983124,0.7113207692620573,0.6560000071025891
0,1,0,True,0,0.5,0.3130580186843872,0.658077503034407,0.5690000053822707
1,1,1,True,1,0.5,0.5345374345779419,0.658077503034407,0.6760000120375971
3,1,3,True,0,0.5,0.4781796336174011,0.658077503034407,0.6470000042710665
1,1,1,True,0,0.5,0.3107970952987671,0.658077503034407,0.5680000053827252
2,0,2,True,0,0.550000011920929,0.2193673849105835,0.6841814055442375,0.5289999970624468
2,2,2,True,0,0.8500000238418579,0.5076385736465454,0.8640454394695402,0.6620000145171903
3,1,3,True,0,0.44999998807907104,0.3812440037727356,0.6329695552826582,0.599999998363473
3,2,3,True,0,0.75,0.33766916394233704,0.7993705370142242,0.5799999977030665
2,1,2,True,1,0.44999998807907104,0.24582049250602722,0.6329695552826582,0.5400000017738655
1,2,1,True,1,0.75,0.4781796336174011,0.7993705370142242,0.6470000042710665
2,2,2,True,0,0.699999988079071,0.5867030620574951,0.768871768122878,0.7039999915253303
0,3,0,True,0,0.3499999940395355,0.3153149485588074,0.5855909908654705,0.5699999949628566
2,0,2,True,1,0.550000011920929,0.5421205163002014,0.6841814055442375,0.6799999933743011
0,1,0,True,0,0.44999998807907104,0.2994324266910553,0.6329695552826582,0.5630000013857446
2,2,2,True,0,0.6499999761581421,0.6697707772254944,0.7395366334422223,0.7509999993362723
2,2,2,True,0,0.6000000238418579,0.36832594871520996,0.7113207692620573,0.5939999935821837
2,1,2,True,0,0.5,0.4439556896686554,0.658077503034407,0.6299999975354973
0,2,0,True,0,0.75,0.2694052755832672,0.7993705370142242,0.5500000017162529
2,2,2,True,1,0.75,0.49789372086524963,0.7993705370142242,0.6569999938720841
3,0,3,True,0,0.550000011920929,0.27639713883399963,0.6841814055442375,0.553000001098508
3,2,3,True,0,0.800000011920929,0.30399036407470703,0.8310790978922871,0.565000005083747
3,1,3,True,0,0.5,0.29256507754325867,0.658077503034407,0.5599999986660849
1,1,1,True,0,0.44999998807907104,0.13657577335834503,0.6329695552826582,0.49600000174021064
2,1,2,True,0,0.5,0.5608848929405212,0.658077503034407,0.6900000116606454
2,2,2,True,0,1.0,0.20716089010238647,0.971,0.5239999985726885
0,2,0,True,0,0.699999988079071,0.35527676343917847,0.768871768122878,0.5879999979029831
2,2,2,True,0,0.6000000238418579,0.4500617980957031,0.7113207692620573,0.632999994670712
2,2,2,True,0,0.699999988079071,0.4439556896686554,0.768871768122878,0.6299999975354973
2,2,2,True,0,0.699999988079071,0.3812440037727356,0.768871768122878,0.599999998363473
1,1,1,True,1,0.5,0.48412567377090454,0.658077503034407,0.6500000013936217
1,2,1,True,0,0.6499999761581421,0.48412567377090454,0.7395366334422223,0.6500000013936217
2,2,2,True,0,0.699999988079071,0.29256507754325867,0.768871768122878,0.5599999986660849
1,1,1,True,1,0.44999998807907104,0.5976111888885498,0.6329695552826582,0.7099999849109374
0,0,0,True,0,0.550000011920929,0.5421205163002014,0.6841814055442375,0.6799999933743011
3,0,3,True,0,0.550000011920929,0.523078203201294,0.6841814055442375,0.6700000089266277
0,2,0,True,1,0.800000011920929,0.33766916394233704,0.8310790978922871,0.5799999977030665
2,1,2,True,1,0.44999998807907104,0.5440093278884888,0.6329695552826582,0.680999994476731
1,2,1,True,1,0.8500000238418579,0.3465031087398529,0.8640454394695402,0.5839999954464355
1,0,1,True,0,0.6000000238418579,0.4045950770378113,0.7113207692620573,0.6110000023402741
3,1,3,True,0,0.5,0.5627463459968567,0.658077503034407,0.6910000104977662
2,2,2,True,0,0.699999988079071,0.4337139427661896,0.768871768122878,0.6250000060421259
3,2,3,True,0,1.0,0.2694052755832672,0.971,0.5500000017162529
0,1,0,True,1,0.44999998807907104,0.35527676343917847,0.6329695552826582,0.5879999979029831
3,2,3,True,0,0.75,0.5848760008811951,0.7993705370142242,0.7029999894420969
2,0,2,True,1,0.6000000238418579,0.5173100233078003,0.7113207692620573,0.6669999949844069
3,1,0,False,1,0.44999998807907104,0.2994324266910553,0.6329695552826582,0.5630000013857446
3,2,3,True,0,0.6499999761581421,0.45613905787467957,0.7395366334422223,0.6360000026529686
2,0,2,True,1,0.6000000238418579,0.40248969197273254,0.7113207692620573,0.6100000002618106
1,2,1,True,0,0.800000011920929,0.3153149485588074,0.8310790978922871,0.5699999949628566
0,2,0,True,1,0.75,0.4459942877292633,0.7993705370142242,0.6309999984516933
1,0,1,True,0,0.6000000238418579,0.3153149485588074,0.7113207692620573,0.5699999949628566
3,2,3,True,1,0.75,0.34870216250419617,0.7993705370142242,0.5850000047715612
2,2,2,True,1,0.8999999761581421,0.3596412241458893,0.8983194123648568,0.5899999944934109
1,2,1,True,0,0.75,0.4781796336174011,0.7993705370142242,0.6470000042710665
1,0,1,True,1,0.550000011920929,0.6066311597824097,0.6841814055442375,0.7150000080374032
1,0,1,True,0,0.6000000238418579,0.3443003296852112,0.7113207692620573,0.5830000058412748
1,2,1,True,0,0.6499999761581421,0.3153149485588074,0.7395366334422223,0.5699999949628566
3,0,3,True,1,0.550000011920929,0.3790999948978424,0.6841814055442375,0.5989999996127661
3,2,2,False,1,0.8999999761581421,0.30399036407470703,0.8983194123648568,0.565000005083747
1,0,1,True,0,0.550000011920929,0.6102214455604553,0.6841814055442375,0.7169999875646331
2,2,2,True,0,0.6499999761581421,0.7827500104904175,0.7395366334422223,0.820000002693469
2,1,2,True,0,0.44999998807907104,0.33988335728645325,0.6329695552826582,0.5810000010414563
3,2,3,True,1,0.75,0.7018846869468689,0.7993705370142242,0.7699999993629786
3,1,3,True,0,0.44999998807907104,0.24582049250602722,0.6329695552826582,0.5400000017738655
0,2,0,True,0,0.6499999761581421,0.6611846685409546,0.7395366334422223,0.7459999952140282
3,3,3,True,0,0.30000001192092896,0.306263267993927,0.5632486689650297,0.565999999023059
1,2,1,True,0,0.75,0.4337139427661896,0.7993705370142242,0.6250000060421259
3,2,3,True,0,0.6499999761581421,0.28796637058258057,0.7395366334422223,0.5579999946350287
0,1,0,True,0,0.44999998807907104,0.3961527645587921,0.6329695552826582,0.6069999935530198
2,1,2,True,1,0.5,0.4295942783355713,0.658077503034407,0.6230000066815589
1,2,1,True,1,0.6499999761581421,0.4439556896686554,0.7395366334422223,0.6299999975354973
1,2,1,True,1,0.6000000238418579,0.3153149485588074,0.7113207692620573,0.5699999949628566
3,1,3,True,0,0.44999998807907104,0.42131510376930237,0.6329695552826582,0.6189999980109001
1,2,1,True,1,0.6000000238418579,0.8909260630607605,0.7113207692620573,0.8919999937054144
3,2,3,True,0,0.8500000238418579,0.33766916394233704,0.8640454394695402,0.5799999977030665
2,0,2,True,1,0.550000011920929,0.3596412241458893,0.6841814055442375,0.5899999944934109
1,2,1,True,1,0.6499999761581421,0.3596412241458893,0.7395366334422223,0.5899999944934109
1,0,1,True,1,0.550000011920929,0.4459942877292633,0.6841814055442375,0.6309999984516933
2,2,2,True,1,0.75,0.29256507754325867,0.7993705370142242,0.5599999986660849
3,2,3,True,0,0.699999988079071,0.3876546621322632,0.768871768122878,0.6029999976780734
3,0,3,True,1,0.550000011920929,0.33766916394233704,0.6841814055442375,0.5799999977030665
0,0,2,False,1,0.6000000238418579,0.4398687779903412,0.7113207692620573,0.6280000006288825
1,2,1,True,1,0.75,0.3812440037727356,0.7993705370142242,0.599999998363473
1,2,1,True,0,0.6499999761581421,0.33322933316230774,0.7395366334422223,0.5780000053118328
1,1,1,True,0,0.44999998807907104,0.4439556896686554,0.6329695552826582,0.6299999975354973
1,2,1,True,0,0.75,0.18239453434944153,0.7993705370142242,0.5140000026807984
2,2,2,True,0,0.75,0.28796637058258057,0.7993705370142242,0.5579999946350287
2,1,2,True,1,0.4000000059604645,0.4781796336174011,0.6088195772640365,0.6470000042710665
0,1,0,True,1,0.44999998807907104,0.45411649346351624,0.6329695552826582,0.6349999989235079
3,0,3,True,1,0.550000011920929,0.7669788599014282,0.6841814055442375,0.8100000179642232
2,0,2,True,0,0.6000000238418579,0.29256507754325867,0.7113207692620573,0.5599999986660849
2,2,2,True,0,0.699999988079071,0.3130580186843872,0.768871768122878,0.5690000053822707
3,2,3,True,1,0.699999988079071,0.5095786452293396,0.768871768122878,0.6629999853834717
2,2,2,True,0,0.699999988079071,0.48807448148727417,0.768871768122878,0.6520000033843422
0,2,0,True,1,0.6499999761581421,0.42338991165161133,0.7395366334422223,0.6200000046867694
1,2,1,True,1,0.75,0.39191073179244995,0.7993705370142242,0.6049999933638269
2,3,1,False,1,0.3499999940395355,0.3812440037727356,0.5855909908654705,0.599999998363473
2,1,2,True,1,0.5,0.5402289628982544,0.658077503034407,0.6790000122923703
2,2,2,True,0,0.75,0.36832594871520996,0.7993705370142242,0.5939999935821837
1,0,1,True,0,0.6000000238418579,0.22904980182647705,0.7113207692620573,0.5329999974819276
1,1,1,True,1,0.44999998807907104,0.5552842617034912,0.6329695552826582,0.6869999924912059
0,3,0,True,0,0.3499999940395355,0.2717401087284088,0.5855909908654705,0.5509999944515519
3,2,3,True,0,0.800000011920929,0.29256507754325867,0.8310790978922871,0.5599999986660849
3,2,3,True,0,0.6499999761581421,0.18987467885017395,0.7395366334422223,0.5170000024850443
0,0,0,True,0,0.6000000238418579,0.24819853901863098,0.7113207692620573,0.5410000011131741
3,2,3,True,1,0.6000000238418579,0.4439556896686554,0.7113207692620573,0.6299999975354973
3,2,3,True,0,0.6000000238418579,0.306263267993927,0.7113207692620573,0.565999999023059
2,2,2,True,0,0.75,0.3812440037727356,0.7993705370142242,0.599999998363473
0,2,0,True,0,0.699999988079071,0.3790999948978424,0.768871768122878,0.5989999996127661
0,0,0,True,0,0.550000011920929,0.5056954622268677,0.6841814055442375,0.6609999885813245
3,2,3,True,0,0.699999988079071,0.3596412241458893,0.768871768122878,0.5899999944934109
1,0,1,True,0,0.6000000238418579,0.3790999948978424,0.7113207692620573,0.5989999996127661
0,1,0,True,0,0.5,0.5249951481819153,0.658077503034407,0.6709999908340439
1,3,1,True,0,0.3499999940395355,0.19731153547763824,0.5855909908654705,0.5199999990084729
3,2,3,True,1,0.6000000238418579,0.34870216250419617,0.7113207692620573,0.5850000047715612
1,2,1,True,0,0.800000011920929,0.30171340703964233,0.8310790978922871,0.5639999994126826
0,2,0,True,1,0.699999988079071,0.2694052755832672,0.768871768122878,0.5500000017162529
0,1,0,True,1,0.44999998807907104,0.4641976058483124,0.6329695552826582,0.6400000013129329
2,2,2,True,1,0.800000011920929,0.3618179261684418,0.8310790978922871,0.591000000410564
1,2,1,True,1,0.800000011920929,0.5458953976631165,0.8310790978922871,0.6820000113596617
2,3,2,True,1,0.3499999940395355,0.5793792009353638,0.5855909908654705,0.6999999930529267
1,0,1,True,0,0.550000011920929,0.5608848929405212,0.6841814055442375,0.6900000116606454
2,2,2,True,0,0.699999988079071,0.3704880177974701,0.768871768122878,0.5950000053605375
3,2,3,True,0,0.699999988079071,0.27639713883399963,0.768871768122878,0.553000001098508
3,0,2,False,1,0.550000011920929,0.5440093278884888,0.6841814055442375,0.680999994476731
1,2,1,True,0,0.6499999761581421,0.19978095591068268,0.7395366334422223,0.5209999976935672
3,0,3,True,1,0.6000000238418579,0.22179484367370605,0.7113207692620573,0.530000000488792
2,2,2,True,1,0.75,0.501800537109375,0.7993705370142242,0.6590000046509626
3,2,0,False,1,0.6499999761581421,0.4641976058483124,0.7395366334422223,0.6400000013129329
2,2,2,True,0,0.8999999761581421,0.4129822850227356,0.8983194123648568,0.6150000037195905
2,1,2,True,0,0.4000000059604645,0.31756794452667236,0.6088195772640365,0.5709999943657259
3,0,3,True,0,0.550000011920929,0.5037494897842407,0.6841814055442375,0.6600000042038996
1,2,1,True,1,0.75,0.4959358870983124,0.7993705370142242,0.6560000071025891
3,1,3,True,1,0.5,0.42338991165161133,0.658077503034407,0.6200000046867694
1,0,1,True,0,0.6000000238418579,0.3812440037727356,0.7113207692620573,0.599999998363473
1,2,1,True,1,0.699999988079071,0.6048322319984436,0.768871768122878,0.7140000087524918
3,2,3,True,1,0.8500000238418579,0.22179484367370605,0.8640454394695402,0.530000000488792
1,2,1,True,0,0.6499999761581421,0.3812440037727356,0.7395366334422223,0.599999998363473
1,1,1,True,0,0.44999998807907104,0.4621877074241638,0.6329695552826582,0.6390000050779484
3,1,3,True,1,0.4000000059604645,0.29256507754325867,0.6088195772640365,0.5599999986660849
2,0,2,True,1,0.550000011920929,0.2576669752597809,0.6841814055442375,0.5450000004380767
0,3,0,True,0,0.3499999940395355,0.3107970952987671,0.5855909908654705,0.5680000053827252
1,2,1,True,0,0.8999999761581421,0.49004432559013367,0.8983194123648568,0.6529999943573211
1,2,1,True,0,0.800000011920929,0.38338443636894226,0.8310790978922871,0.6009999943513901
1,2,1,True,1,0.800000011920929,0.4295942783355713,0.8310790978922871,0.6230000066815589
0,2,0,True,1,0.75,0.3812440037727356,0.7993705370142242,0.599999998363473
1,1,1,True,1,0.44999998807907104,0.28566086292266846,0.6329695552826582,0.5570000058769908
3,2,3,True,0,0.699999988079071,0.42131510376930237,0.768871768122878,0.6189999980109001
1,3,1,True,1,0.3499999940395355,0.5326346158981323,0.5855909908654705,0.6749999971262126
3,1,3,True,0,0.44999998807907104,0.5496591925621033,0.6329695552826582,0.6840000120373209
1,0,1,True,0,0.550000011920929,0.25294145941734314,0.6841814055442375,0.542999993858368
0,2,0,True,0,0.699999988079071,0.5793792009353638,0.768871768122878,0.6999999930529267
2,2,2,True,0,0.6499999761581421,0.3812440037727356,0.7395366334422223,0.599999998363473
0,1,0,True,1,0.5,0.4150705635547638,0.658077503034407,0.6160000041365007
3,2,3,True,1,0.75,0.5608848929405212,0.7993705370142242,0.6900000116606454
1,2,1,True,0,0.949999988079071,0.19731153547763824,0.9339529695901586,0.5199999990084729
2,1,2,True,1,0.5,0.4108906090259552,0.658077503034407,0.6140000037210799
1,3,1,True,0,0.3499999940395355,0.48412567377090454,0.5855909908654705,0.6500000013936217
3,0,3,True,0,0.550000011920929,0.4045950770378113,0.6841814055442375,0.6110000023402741
2,2,2,True,1,0.6000000238418579,0.3855213224887848,0.7113207692620573,0.6019999959607932
0,1,0,True,0,0.5,0.34870216250419617,0.658077503034407,0.5850000047715612
2,0,2,True,1,0.6000000238418579,0.3153149485588074,0.7113207692620573,0.5699999949628566
3,2,3,True,0,0.6499999761581421,0.28796637058258057,0.7395366334422223,0.5579999946350287
3,0,3,True,1,0.550000011920929,0.5037494897842407,0.6841814055442375,0.6600000042038996
2,0,2,True,0,0.6000000238418579,0.29256507754325867,0.7113207692620573,0.5599999986660849
0,2,0,True,0,1.0,0.42338991165161133,0.971,0.6200000046867694
2,1,2,True,0,0.4000000059604645,0.40248969197273254,0.6088195772640365,0.6100000002618106
1,1,1,True,1,0.4000000059604645,0.4500617980957031,0.6088195772640365,0.632999994670712
0,0,0,True,1,0.550000011920929,0.4254613518714905,0.6841814055442375,0.6209999998295582
1,2,1,True,1,0.699999988079071,0.42131510376930237,0.768871768122878,0.6189999980109001
1,2,1,True,0,1.0,0.4295942783355713,0.971,0.6230000066815589
2,0,2,True,0,0.550000011920929,0.29256507754325867,0.6841814055442375,0.5599999986660849
3,1,3,True,1,0.44999998807907104,0.40248969197273254,0.6329695552826582,0.6100000002618106
0,0,0,True,1,0.550000011920929,0.4295942783355713,0.6841814055442375,0.6230000066815589
2,0,2,True,0,0.6000000238418579,0.33766916394233704,0.7113207692620573,0.5799999977030665
3,2,3,True,1,0.6499999761581421,0.3153149485588074,0.7395366334422223,0.5699999949628566
3,2,2,False,1,0.6000000238418579,0.3130580186843872,0.7113207692620573,0.5690000053822707
2,1,2,True,0,0.4000000059604645,0.43576881289482117,0.6088195772640365,0.625999995435672
1,0,1,True,1,0.550000011920929,0.3812440037727356,0.6841814055442375,0.599999998363473
0,1,0,True,1,0.44999998807907104,0.38978445529937744,0.6329695552826582,0.6039999939804539
3,0,3,True,1,0.550000011920929,0.5056954622268677,0.6841814055442375,0.6609999885813245
2,1,2,True,0,0.44999998807907104,0.3574608564376831,0.6329695552826582,0.5890000008539068
0,1,0,True,1,0.44999998807907104,0.3855213224887848,0.6329695552826582,0.6019999959607932
1,0,1,True,1,0.6000000238418579,0.24819853901863098,0.7113207692620573,0.5410000011131741
3,2,3,True,0,0.6000000238418579,0.19731153547763824,0.7113207692620573,0.5199999990084729
3,0,3,True,0,0.550000011920929,0.24582049250602722,0.6841814055442375,0.5400000017738655
2,2,2,True,0,0.75,0.29256507754325867,0.7993705370142242,0.5599999986660849
1,2,1,True,0,0.75,0.48412567377090454,0.7993705370142242,0.6500000013936217
0,1,1,False,1,0.4000000059604645,0.5364373922348022,0.6088195772640365,0.6770000015404591
1,2,1,True,1,0.8999999761581421,0.3812440037727356,0.8983194123648568,0.599999998363473
1,2,3,False,1,0.800000011920929,0.308532178401947,0.8310790978922871,0.5670000011910246
3,2,3,True,1,0.699999988079071,0.6244832873344421,0.768871768122878,0.7249999916605938
3,1,3,True,0,0.4000000059604645,0.6403409838676453,0.6088195772640365,0.7340000160240354
1,2,1,True,1,1.0,0.5037494897842407,0.971,0.6600000042038996
3,0,1,False,1,0.6000000238418579,0.4500617980957031,0.7113207692620573,0.632999994670712
1,2,1,True,1,0.6000000238418579,0.26706618070602417,0.7113207692620573,0.5490000035364818
3,3,3,True,1,0.30000001192092896,0.3748012185096741,0.5632486689650297,0.5970000022301625
1,1,1,True,1,0.5,0.4378204345703125,0.658077503034407,0.6270000001630176
3,3,3,True,0,0.30000001192092896,0.3596412241458893,0.5632486689650297,0.5899999944934109
0,3,0,True,1,0.25,0.4378204345703125,0.5417587713672438,0.6270000001630176
3,2,3,True,1,0.800000011920929,0.4129822850227356,0.8310790978922871,0.6150000037195905
1,2,1,True,1,0.8500000238418579,0.3310036361217499,0.8640454394695402,0.5770000013431426
1,1,1,True,0,0.5,0.39826855063438416,0.658077503034407,0.6079999975326807
3,1,3,True,0,0.5,0.48412567377090454,0.658077503034407,0.6500000013936217
3,0,3,True,0,0.550000011920929,0.42338991165161133,0.6841814055442375,0.6200000046867694
1,0,1,True,1,0.550000011920929,0.7827500104904175,0.6841814055442375,0.820000002693469
2,0,2,True,0,0.550000011920929,0.40248969197273254,0.6841814055442375,0.6100000002618106
0,2,0,True,0,1.0,0.3876546621322632,0.971,0.6029999976780734
0,1,0,True,0,0.4000000059604645,0.4742002487182617,0.6088195772640365,0.6449999954493963
1,1,1,True,1,0.4000000059604645,0.4254613518714905,0.6088195772640365,0.6209999998295582
0,0,0,True,1,0.550000011920929,0.2193673849105835,0.6841814055442375,0.5289999970624468
2,2,2,True,0,0.800000011920929,0.1698300689458847,0.8310790978922871,0.5090000028495377
0,1,0,True,1,0.5,0.27407073974609375,0.658077503034407,0.5520000006930108
3,2,3,True,0,0.8500000238418579,0.29714739322662354,0.8640454394695402,0.5620000042133692
1,0,1,True,0,0.6000000238418579,0.22663603723049164,0.7113207692620573,0.5320000016500914
2,0,2,True,1,0.6000000238418579,0.3465031087398529,0.7113207692620573,0.5839999954464355
3,2,3,True,1,1.0,0.636833906173706,0.971,0.7320000026925029
2,0,2,True,1,0.6000000238418579,0.5921686887741089,0.7113207692620573,0.7069999836614034
0,2,0,True,0,0.800000011920929,0.4520907402038574,0.8310790978922871,0.6339999946097808
2,1,2,True,1,0.5,0.48610159754753113,0.658077503034407,0.651000004150087
0,2,0,True,0,0.6499999761581421,0.523078203201294,0.7395366334422223,0.6700000089266277
1,1,1,True,0,0.5,0.3153149485588074,0.658077503034407,0.5699999949628566
2,2,2,True,0,0.800000011920929,0.40248969197273254,0.8310790978922871,0.6100000002618106
0,2,0,True,0,0.8999999761581421,0.39191073179244995,0.8983194123648568,0.6049999933638269
1,1,1,True,1,0.5,0.3961527645587921,0.658077503034407,0.6069999935530198
1,0,1,True,1,0.550000011920929,0.5037494897842407,0.6841814055442375,0.6600000042038996
3,0,3,True,1,0.550000011920929,0.37264642119407654,0.6841814055442375,0.5960000009269539
0,0,0,True,0,0.6000000238418579,0.2647227942943573,0.7113207692620573,0.5479999938412414
2,0,2,True,0,0.550000011920929,0.5095786452293396,0.6841814055442375,0.6629999853834717
3,0,0,False,1,0.550000011920929,0.33766916394233704,0.6841814055442375,0.5799999977030665
1,0,1,True,0,0.6000000238418579,0.29256507754325867,0.7113207692620573,0.5599999986660849
0,1,0,True,1,0.4000000059604645,0.34209373593330383,0.6088195772640365,0.5820000012303785
2,1,2,True,0,0.5,0.36832594871520996,0.658077503034407,0.5939999935821837
3,0,3,True,0,0.550000011920929,0.25294145941734314,0.6841814055442375,0.542999993858368
0,1,0,True,0,0.5,0.2193673849105835,0.658077503034407,0.5289999970624468
0,2,0,True,1,0.8999999761581421,0.29714739322662354,0.8983194123648568,0.5620000042133692
3,1,3,True,0,0.5,0.19235841929912567,0.658077503034407,0.5180000030009603
1,0,3,False,1,0.6000000238418579,0.40248969197273254,0.7113207692620573,0.6100000002618106
2,1,2,True,1,0.44999998807907104,0.93622887134552,0.6329695552826582,0.9239999808134671
1,1,1,True,0,0.44999998807907104,0.1698300689458847,0.6329695552826582,0.5090000028495377
3,3,3,True,0,0.3499999940395355,0.17738346755504608,0.5855909908654705,0.5119999989763284
2,3,2,True,0,0.3499999940395355,0.4129822850227356,0.5855909908654705,0.6150000037195905
1,2,1,True,1,0.8999999761581421,0.3812440037727356,0.8983194123648568,0.599999998363473
3,2,3,True,0,0.699999988079071,0.28566086292266846,0.768871768122878,0.5570000058769908
3,1,3,True,1,0.5,0.3130580186843872,0.658077503034407,0.5690000053822707
3,1,3,True,1,0.4000000059604645,0.3443003296852112,0.6088195772640365,0.5830000058412748
1,0,1,True,0,0.6000000238418579,0.27639713883399963,0.7113207692620573,0.553000001098508
1,3,1,True,1,0.3499999940395355,0.38978445529937744,0.5855909908654705,0.6039999939804539
0,2,0,True,0,0.8999999761581421,0.6155881881713867,0.8983194123648568,0.7199999836812788
2,2,2,True,1,0.8999999761581421,0.3354511559009552,0.8983194123648568,0.5789999971512589
0,0,1,False,1,0.6000000238418579,0.3748012185096741,0.7113207692620573,0.5970000022301625
0,2,0,True,1,0.699999988079071,0.7168209552764893,0.768871768122878,0.7789999977994572
3,2,3,True,1,0.800000011920929,0.4150705635547638,0.8310790978922871,0.6160000041365007
1,0,1,True,1,0.550000011920929,0.38338443636894226,0.6841814055442375,0.6009999943513901
1,0,3,False,1,0.550000011920929,0.40248969197273254,0.6841814055442375,0.6100000002618106
1,2,1,True,1,0.8500000238418579,0.38978445529937744,0.8640454394695402,0.6039999939804539
0,2,0,True,0,0.8999999761581421,0.3153149485588074,0.8983194123648568,0.5699999949628566
0,2,0,True,1,0.699999988079071,0.4459942877292633,0.768871768122878,0.6309999984516933
3,2,3,True,1,0.6000000238418579,0.2576669752597809,0.7113207692620573,0.5450000004380767
2,2,2,True,0,0.6499999761581421,0.35527676343917847,0.7395366334422223,0.5879999979029831
3,2,3,True,1,0.6499999761581421,0.3596412241458893,0.7395366334422223,0.5899999944934109
3,2,1,False,1,0.800000011920929,0.20224565267562866,0.8310790978922871,0.5220000010712751
0,1,0,True,1,0.44999998807907104,0.4087955057621002,0.6329695552826582,0.6129999952092078
2,2,2,True,0,0.75,0.42338991165161133,0.7993705370142242,0.6200000046867694
1,2,1,True,1,0.800000011920929,0.5269092917442322,0.8310790978922871,0.672000000582687
0,2,0,True,1,0.75,0.5402289628982544,0.7993705370142242,0.6790000122923703
3,2,3,True,1,0.6499999761581421,0.22179484367370605,0.7395366334422223,0.530000000488792
1,1,1,True,1,0.5,0.3618179261684418,0.658077503034407,0.591000000410564
2,0,2,True,0,0.550000011920929,0.29485827684402466,0.6841814055442375,0.561000001187531
0,2,0,True,0,0.699999988079071,0.3153149485588074,0.768871768122878,0.5699999949628566
2,0,2,True,0,0.550000011920929,0.26706618070602417,0.6841814055442375,0.5490000035364818
2,2,2,True,1,0.800000011920929,0.5421205163002014,0.8310790978922871,0.6799999933743011
0,1,0,True,0,0.4000000059604645,0.3508974313735962,0.6088195772640365,0.5860000008743051
1,0,1,True,1,0.550000011920929,0.4459942877292633,0.6841814055442375,0.6309999984516933
1,0,1,True,1,0.6000000238418579,0.45613905787467957,0.7113207692620573,0.6360000026529686
0,1,3,False,0,0.5,0.42338991165161133,0.658077503034407,0.6200000046867694
3,3,3,True,1,0.3499999940395355,0.42338991165161133,0.5855909908654705,0.6200000046867694
3,1,3,True,1,0.5,0.4821467101573944,0.658077503034407,0.6489999998467633
3,1,3,True,0,0.4000000059604645,0.3748012185096741,0.6088195772640365,0.5970000022301625
2,1,2,True,1,0.44999998807907104,0.5421205163002014,0.6329695552826582,0.6799999933743011
3,2,3,True,1,0.800000011920929,0.24582049250602722,0.8310790978922871,0.5400000017738655
0,2,0,True,0,1.0,0.4171554446220398,0.971,0.6169999996816915
0,1,0,True,0,0.44999998807907104,0.179891437292099,0.6329695552826582,0.5129999985509739
2,1,2,True,0,0.44999998807907104,0.33766916394233704,0.6329695552826582,0.5799999977030665
3,0,3,True,1,0.550000011920929,0.2694052755832672,0.6841814055442375,0.5500000017162529
3,0,3,True,1,0.550000011920929,0.5738587975502014,0.6841814055442375,0.6969999993252933
2,2,3,False,1,0.6000000238418579,0.26706618070602417,0.7113207692620573,0.5490000035364818
3,3,3,True,1,0.30000001192092896,0.33766916394233704,0.5632486689650297,0.5799999977030665
3,2,3,True,0,0.6000000238418579,0.13916456699371338,0.7113207692620573,0.4970000025064603
0,2,0,True,0,1.0,0.3618179261684418,0.971,0.591000000410564
3,2,3,True,0,1.0,0.16476967930793762,0.971,0.5069999986737193
3,0,3,True,1,0.550000011920929,0.4295942783355713,0.6841814055442375,0.6230000066815589
0,2,0,True,1,0.8500000238418579,0.46620437502861023,0.8640454394695402,0.6410000019167172
2,2,2,True,1,0.6499999761581421,0.5720133781433105,0.7395366334422223,0.6959999995050431
3,2,3,True,0,0.6000000238418579,0.19731153547763824,0.7113207692620573,0.5199999990084729
2,2,2,True,0,1.0,0.419236958026886,0.971,0.6179999993857016
2,1,2,True,1,0.5,0.35308897495269775,0.658077503034407,0.587000005058579
3,0,3,True,0,0.550000011920929,0.43576881289482117,0.6841814055442375,0.625999995435672
1,2,1,True,0,0.6000000238418579,0.33322933316230774,0.7113207692620573,0.5780000053118328
2,1,2,True,1,0.5,0.3596412241458893,0.658077503034407,0.5899999944934109
0,1,0,True,0,0.5,0.3153149485588074,0.658077503034407,0.5699999949628566
0,2,0,True,1,0.6499999761581421,0.633317232131958,0.7395366334422223,0.7299999888020932
2,1,2,True,0,0.5,0.4439556896686554,0.658077503034407,0.6299999975354973
0,1,0,True,1,0.5,0.3812440037727356,0.658077503034407,0.599999998363473
3,2,3,True,1,1.0,0.4398687779903412,0.971,0.6280000006288825
1,2,1,True,0,0.8500000238418579,0.3812440037727356,0.8640454394695402,0.599999998363473
2,2,2,True,1,0.75,0.33322933316230774,0.7993705370142242,0.5780000053118328
1,1,1,True,1,0.5,0.5552842617034912,0.658077503034407,0.6869999924912059
3,2,3,True,0,0.8999999761581421,0.4459942877292633,0.8983194123648568,0.6309999984516933
3,3,3,True,1,0.25,0.3812440037727356,0.5417587713672438,0.599999998363473
1,1,1,True,1,0.5,0.3153149485588074,0.658077503034407,0.5699999949628566
3,1,3,True,1,0.44999998807907104,0.33322933316230774,0.6329695552826582,0.5780000053118328
3,2,3,True,0,0.800000011920929,0.33766916394233704,0.8310790978922871,0.5799999977030665
1,0,1,True,1,0.550000011920929,0.4581584334373474,0.6841814055442375,0.6370000008314272
2,2,2,True,1,0.6499999761581421,0.3639909327030182,0.7395366334422223,0.5919999991910871
2,2,2,True,0,1.0,0.2576669752597809,0.971,0.5450000004380767
0,2,0,True,0,0.75,0.4087955057621002,0.7993705370142242,0.6129999952092078
3,2,3,True,0,0.6000000238418579,0.4939750134944916,0.7113207692620573,0.6549999932755893
1,2,1,True,0,0.8500000238418579,0.18987467885017395,0.8640454394695402,0.5170000024850443
0,2,0,True,0,0.75,0.9306526184082031,0.7993705370142242,0.9200000130052026
3,2,3,True,1,0.699999988079071,0.4108906090259552,0.768871768122878,0.6140000037210799
3,1,3,True,1,0.44999998807907104,0.2994324266910553,0.6329695552826582,0.5630000013857446
3,2,3,True,0,1.0,0.31756794452667236,0.971,0.5709999943657259
2,2,0,False,1,0.6000000238418579,0.4378204345703125,0.7113207692620573,0.6270000001630176
3,2,3,True,0,0.699999988079071,0.3812440037727356,0.768871768122878,0.599999998363473
3,0,0,False,1,0.6000000238418579,0.5421205163002014,0.7113207692620573,0.6799999933743011
3,3,3,True,0,0.25,0.42338991165161133,0.5417587713672438,0.6200000046867694
3,2,3,True,1,0.8500000238418579,0.35527676343917847,0.8640454394695402,0.5879999979029831
3,2,3,True,0,0.949999988079071,0.6646260023117065,0.9339529695901586,0.7479999995163543
3,0,3,True,1,0.6000000238418579,0.33766916394233704,0.7113207692620573,0.5799999977030665
3,1,3,True,0,0.44999998807907104,0.3790999948978424,0.6329695552826582,0.5989999996127661
2,0,2,True,0,0.550000011920929,0.33766916394233704,0.6841814055442375,0.5799999977030665
3,3,0,False,1,0.3499999940395355,0.5211583375930786,0.5855909908654705,0.6689999971277729
0,2,0,True,1,0.6499999761581421,0.4045950770378113,0.7395366334422223,0.6110000023402741
2,1,2,True,0,0.5,0.29256507754325867,0.658077503034407,0.5599999986660849
0,2,0,True,0,0.6499999761581421,0.40038084983825684,0.7395366334422223,0.6089999968669422
3,2,3,True,0,0.8500000238418579,0.19731153547763824,0.8640454394695402,0.5199999990084729
0,2,0,True,0,0.75,0.3153149485588074,0.7993705370142242,0.5699999949628566
3,2,3,True,1,0.6499999761581421,0.46620437502861023,0.7395366334422223,0.6410000019167172
2,1,2,True,0,0.4000000059604645,0.32654064893722534,0.6088195772640365,0.5749999945167829
1,0,1,True,0,0.6000000238418579,0.30399036407470703,0.7113207692620573,0.565000005083747
0,2,0,True,1,0.699999988079071,0.42338991165161133,0.768871768122878,0.6200000046867694
1,0,1,True,0,0.550000011920929,0.3153149485588074,0.6841814055442375,0.5699999949628566
3,2,3,True,0,0.6000000238418579,0.32430335879325867,0.7113207692620573,0.5740000036699657
1,1,1,True,1,0.5,0.3639909327030182,0.658077503034407,0.5919999991910871
1,2,1,True,0,0.800000011920929,0.2694052755832672,0.8310790978922871,0.5500000017162529
0,3,0,True,1,0.3499999940395355,0.40248969197273254,0.5855909908654705,0.6100000002618106
1,2,1,True,0,1.0,0.24582049250602722,0.971,0.5400000017738655
1,2,1,True,1,0.75,0.5326346158981323,0.7993705370142242,0.6749999971262126
3,2,3,True,0,0.699999988079071,0.3790999948978424,0.768871768122878,0.5989999996127661
2,2,2,True,0,0.8999999761581421,0.8319554328918457,0.8983194123648568,0.8520000044161843
1,1,1,True,0,0.44999998807907104,0.33766916394233704,0.6329695552826582,0.5799999977030665
0,0,0,True,0,0.6000000238418579,0.4439556896686554,0.7113207692620573,0.6299999975354973
1,0,1,True,1,0.6000000238418579,0.5056954622268677,0.7113207692620573,0.6609999885813245
0,3,0,True,1,0.3499999940395355,0.45411649346351624,0.5855909908654705,0.6349999989235079
0,0,3,False,1,0.550000011920929,0.08097074925899506,0.6841814055442375,0.4749999997658424
0,1,0,True,1,0.5,0.3354511559009552,0.658077503034407,0.5789999971512589
3,2,3,True,0,0.6499999761581421,0.3130580186843872,0.7395366334422223,0.5690000053822707
1,2,1,True,1,0.6499999761581421,0.49789372086524963,0.7395366334422223,0.6569999938720841
1,0,1,True,0,0.550000011920929,0.24343803524971008,0.6841814055442375,0.5390000012298091
1,2,1,True,0,0.699999988079071,0.22179484367370605,0.768871768122878,0.530000000488792
0,2,0,True,1,0.75,0.34870216250419617,0.7993705370142242,0.5850000047715612
0,2,0,True,0,0.699999988079071,0.3596412241458893,0.768871768122878,0.5899999944934109
3,2,3,True,0,0.699999988079071,0.3465031087398529,0.768871768122878,0.5839999954464355
3,2,3,True,0,1.0,0.3153149485588074,0.971,0.5699999949628566
1,2,3,False,1,0.6000000238418579,0.23626405000686646,0.7113207692620573,0.5359999987561012
1,3,2,False,0,0.3499999940395355,0.3310036361217499,0.5855909908654705,0.5770000013431426
1,2,1,True,0,0.6499999761581421,0.3153149485588074,0.7395366334422223,0.5699999949628566
1,2,1,True,0,0.8500000238418579,0.49789372086524963,0.8640454394695402,0.6569999938720841
3,1,3,True,1,0.44999998807907104,0.7168209552764893,0.6329695552826582,0.7789999977994572
3,0,3,True,1,0.550000011920929,0.3153149485588074,0.6841814055442375,0.5699999949628566
1,1,1,True,1,0.5,0.328774094581604,0.658077503034407,0.5760000046448289
2,2,2,True,0,0.800000011920929,0.2623751759529114,0.8310790978922871,0.547000004689126
1,2,1,True,1,0.6000000238418579,0.29256507754325867,0.7113207692620573,0.5599999986660849
0,2,0,True,1,0.6499999761581421,0.3812440037727356,0.7395366334422223,0.599999998363473
3,2,3,True,1,0.800000011920929,0.4459942877292633,0.8310790978922871,0.6309999984516933
3,2,3,True,0,0.699999988079071,0.28335118293762207,0.768871768122878,0.5560000043586534
2,2,2,True,0,0.75,0.42131510376930237,0.7993705370142242,0.6189999980109001
1,2,1,True,1,0.6000000238418579,0.3220621347427368,0.7113207692620573,0.5729999981902032
1,2,1,True,1,0.8500000238418579,0.3596412241458893,0.8640454394695402,0.5899999944934109
3,1,3,True,1,0.4000000059604645,0.3812440037727356,0.6088195772640365,0.599999998363473
3,2,3,True,0,0.6499999761581421,0.7332157492637634,0.7395366334422223,0.7889999961732411
0,1,0,True,1,0.4000000059604645,0.5421205163002014,0.6088195772640365,0.6799999933743011
1,2,1,True,1,0.6499999761581421,0.5249951481819153,0.7395366334422223,0.6709999908340439
0,0,0,True,0,0.6000000238418579,0.2717401087284088,0.7113207692620573,0.5509999944515519
1,2,1,True,0,0.699999988079071,0.2994324266910553,0.768871768122878,0.5630000013857446
0,0,0,True,0,0.6000000238418579,0.33988335728645325,0.7113207692620573,0.5810000010414563
3,3,3,True,0,0.25,0.3748012185096741,0.5417587713672438,0.5970000022301625
3,0,3,True,1,0.550000011920929,0.43576881289482117,0.6841814055442375,0.625999995435672
0,2,3,False,1,0.6499999761581421,0.2193673849105835,0.7395366334422223,0.5289999970624468
2,2,2,True,0,0.6499999761581421,0.306263267993927,0.7395366334422223,0.565999999023059
1,2,1,True,0,0.75,0.30399036407470703,0.7993705370142242,0.565000005083747
1,2,1,True,1,0.800000011920929,0.36832594871520996,0.8310790978922871,0.5939999935821837
1,2,2,False,1,0.75,0.16476967930793762,0.7993705370142242,0.5069999986737193
2,2,2,True,1,0.6499999761581421,0.42338991165161133,0.7395366334422223,0.6200000046867694
2,0,2,True,0,0.550000011920929,0.40248969197273254,0.6841814055442375,0.6100000002618106
1,2,1,True,0,0.8999999761581421,0.27871933579444885,0.8983194123648568,0.5540000019118512
3,1,3,True,0,0.5,0.39191073179244995,0.658077503034407,0.6049999933638269
2,2,2,True,0,0.6000000238418579,0.43576881289482117,0.7113207692620573,0.625999995435672
2,3,2,True,0,0.30000001192092896,0.24582049250602722,0.5632486689650297,0.5400000017738655
1,0,1,True,0,0.6000000238418579,0.18489274382591248,0.7113207692620573,0.5149999978148059
3,0,3,True,0,0.550000011920929,0.42338991165161133,0.6841814055442375,0.6200000046867694
1,0,1,True,1,0.550000011920929,0.4108906090259552,0.6841814055442375,0.6140000037210799
0,1,0,True,1,0.44999998807907104,0.7068827748298645,0.6329695552826582,0.7730000118832996
2,2,2,True,1,0.75,0.3596412241458893,0.7993705370142242,0.5899999944934109
1,0,1,True,1,0.550000011920929,0.7874438762664795,0.6841814055442375,0.8230000047076358
3,1,3,True,0,0.5,0.16223199665546417,0.658077503034407,0.5059999977281833
3,2,3,True,1,0.6000000238418579,0.4254613518714905,0.7113207692620573,0.6209999998295582
2,1,2,True,0,0.4000000059604645,0.4520907402038574,0.6088195772640365,0.6339999946097808
0,0,0,True,0,0.550000011920929,0.29256507754325867,0.6841814055442375,0.5599999986660849
1,2,0,False,1,0.75,0.4439556896686554,0.7993705370142242,0.6299999975354973
3,2,3,True,0,0.6499999761581421,0.29256507754325867,0.7395366334422223,0.5599999986660849
3,2,3,True,1,0.8500000238418579,0.3812440037727356,0.8640454394695402,0.599999998363473
2,2,2,True,0,0.6499999761581421,0.2242177128791809,0.7395366334422223,0.5309999982366974
3,3,3,True,0,0.3499999940395355,0.3443003296852112,0.5855909908654705,0.5830000058412748
3,2,3,True,1,1.0,0.5477786660194397,0.971,0.6830000081040974
1,2,1,True,0,0.699999988079071,0.14689980447292328,0.768871768122878,0.5000000028082926
2,1,2,True,1,0.44999998807907104,0.3812440037727356,0.6329695552826582,0.599999998363473
1,0,1,True,0,0.550000011920929,0.501800537109375,0.6841814055442375,0.6590000046509626
3,2,3,True,1,0.699999988079071,0.4920111894607544,0.768871768122878,0.6540000026505938
1,0,1,True,0,0.550000011920929,0.33766916394233704,0.6841814055442375,0.5799999977030665
1,1,1,True,0,0.4000000059604645,0.5173100233078003,0.6088195772640365,0.6669999949844069
1,1,1,True,1,0.44999998807907104,0.45613905787467957,0.6329695552826582,0.6360000026529686
0,1,0,True,0,0.44999998807907104,0.8334631323814392,0.6329695552826582,0.852999988105882
2,2,2,True,0,0.6499999761581421,0.308532178401947,0.7395366334422223,0.5670000011910246
3,2,3,True,0,0.800000011920929,0.6155881881713867,0.8310790978922871,0.7199999836812788
3,1,3,True,0,0.44999998807907104,0.40038084983825684,0.6329695552826582,0.6089999968669422
2,2,2,True,1,0.800000011920929,0.3876546621322632,0.8310790978922871,0.6029999976780734
2,1,2,True,1,0.5,0.4337139427661896,0.658077503034407,0.6250000060421259
0,0,0,True,0,0.6000000238418579,0.48610159754753113,0.7113207692620573,0.651000004150087
2,1,2,True,0,0.44999998807907104,0.2647227942943573,0.6329695552826582,0.5479999938412414
1,2,1,True,0,0.6499999761581421,0.5608848929405212,0.7395366334422223,0.6900000116606454
3,2,3,True,1,0.6000000238418579,0.2694052755832672,0.7113207692620573,0.5500000017162529
0,2,0,True,0,0.6499999761581421,0.4108906090259552,0.7395366334422223,0.6140000037210799
1,0,1,True,1,0.550000011920929,0.3153149485588074,0.6841814055442375,0.5699999949628566
2,2,2,True,0,0.8500000238418579,0.6799989342689514,0.8640454394695402,0.7569999852387321
0,0,0,True,0,0.6000000238418579,0.40669700503349304,0.7113207692620573,0.6119999977165095
3,1,3,True,0,0.5,0.31756794452667236,0.658077503034407,0.5709999943657259
1,1,1,True,0,0.5,0.2694052755832672,0.658077503034407,0.5500000017162529
2,2,2,True,1,1.0,0.49004432559013367,0.971,0.6529999943573211
0,1,0,True,1,0.5,0.4045950770378113,0.658077503034407,0.6110000023402741
0,2,0,True,0,0.699999988079071,0.4254613518714905,0.768871768122878,0.6209999998295582
2,1,2,True,0,0.5,0.49789372086524963,0.658077503034407,0.6569999938720841
2,3,2,True,1,0.3499999940395355,0.5037494897842407,0.5855909908654705,0.6600000042038996
1,2,1,True,1,0.6499999761581421,0.6155881881713867,0.7395366334422223,0.7199999836812788
0,2,0,True,1,0.6499999761581421,0.3661602735519409,0.7395366334422223,0.592999998817374
2,2,2,True,1,0.6000000238418579,0.3704880177974701,0.7113207692620573,0.5950000053605375
3,2,3,True,1,0.6499999761581421,0.4087955057621002,0.7395366334422223,0.6129999952092078
3,0,3,True,0,0.550000011920929,0.3153149485588074,0.6841814055442375,0.5699999949628566
0,1,0,True,0,0.44999998807907104,0.33766916394233704,0.6329695552826582,0.5799999977030665
3,1,3,True,0,0.5,0.33766916394233704,0.658077503034407,0.5799999977030665
2,2,2,True,0,0.6499999761581421,0.18489274382591248,0.7395366334422223,0.5149999978148059
2,2,2,True,0,0.75,0.4500617980957031,0.7993705370142242,0.632999994670712
1,2,1,True,1,0.699999988079071,0.48412567377090454,0.768871768122878,0.6500000013936217
2,2,2,True,1,0.6499999761581421,0.5793792009353638,0.7395366334422223,0.6999999930529267
0,2,0,True,0,0.75,0.5646051168441772,0.7993705370142242,0.6920000145544056
1,2,1,True,0,0.800000011920929,0.5421205163002014,0.8310790978922871,0.6799999933743011
0,2,0,True,1,0.699999988079071,0.5173100233078003,0.768871768122878,0.6669999949844069
0,2,0,True,0,1.0,0.4761914908885956,0.971,0.6460000047372518
0,0,0,True,0,0.550000011920929,0.3596412241458893,0.6841814055442375,0.5899999944934109
1,0,1,True,0,0.550000011920929,0.42338991165161133,0.6841814055442375,0.6200000046867694
1,2,1,True,1,0.6499999761581421,0.48412567377090454,0.7395366334422223,0.6500000013936217
2,1,2,True,1,0.5,0.4337139427661896,0.658077503034407,0.6250000060421259
0,1,0,True,1,0.5,0.5976111888885498,0.658077503034407,0.7099999849109374
0,1,0,True,1,0.44999998807907104,0.42338991165161133,0.6329695552826582,0.6200000046867694
3,2,1,False,1,0.699999988079071,0.4045950770378113,0.768871768122878,0.6110000023402741
2,0,2,True,1,0.6000000238418579,0.3153149485588074,0.7113207692620573,0.5699999949628566
2,2,2,True,1,0.8999999761581421,0.21693535149097443,0.8983194123648568,0.5280000012242887
3,1,3,True,1,0.5,0.33766916394233704,0.658077503034407,0.5799999977030665
1,2,1,True,0,1.0,0.4641976058483124,0.971,0.6400000013129329
0,0,0,True,0,0.6000000238418579,0.36832594871520996,0.7113207692620573,0.5939999935821837
3,2,3,True,1,0.6499999761581421,0.5683145523071289,0.7395366334422223,0.6939999894612926
3,1,3,True,0,0.5,0.3596412241458893,0.658077503034407,0.5899999944934109
0,2,0,True,0,0.800000011920929,0.29256507754325867,0.8310790978922871,0.5599999986660849
0,2,0,True,0,1.0,0.33988335728645325,0.971,0.5810000010414563
3,3,3,True,0,0.3499999940395355,0.49004432559013367,0.5855909908654705,0.6529999943573211
0,1,0,True,0,0.44999998807907104,0.33766916394233704,0.6329695552826582,0.5799999977030665
3,2,3,True,1,0.6499999761581421,0.5627463459968567,0.7395366334422223,0.6910000104977662
3,2,3,True,0,0.699999988079071,0.3812440037727356,0.768871768122878,0.599999998363473
0,1,0,True,0,0.44999998807907104,0.3812440037727356,0.6329695552826582,0.599999998363473
3,2,3,True,1,0.800000011920929,0.29256507754325867,0.8310790978922871,0.5599999986660849
2,0,2,True,0,0.550000011920929,0.43165573477745056,0.6841814055442375,0.6239999936034302
2,0,2,True,1,0.550000011920929,0.5115158557891846,0.6841814055442375,0.663999988738256
1,0,1,True,1,0.6000000238418579,0.3596412241458893,0.7113207692620573,0.5899999944934109
0,2,0,True,0,0.6499999761581421,0.3790999948978424,0.7395366334422223,0.5989999996127661
3,3,3,True,0,0.3499999940395355,0.29256507754325867,0.5855909908654705,0.5599999986660849
1,1,1,True,1,0.5,0.31756794452667236,0.658077503034407,0.5709999943657259
3,0,0,False,1,0.6000000238418579,0.40248969197273254,0.7113207692620573,0.6100000002618106
1,2,1,True,1,1.0,0.4821467101573944,0.971,0.6489999998467633
0,2,0,True,1,0.699999988079071,0.4439556896686554,0.768871768122878,0.6299999975354973
0,0,0,True,0,0.6000000238418579,0.3443003296852112,0.7113207692620573,0.5830000058412748
0,2,0,True,0,0.75,0.43576881289482117,0.7993705370142242,0.625999995435672
0,2,0,True,1,0.8500000238418579,0.39826855063438416,0.8640454394695402,0.6079999975326807
3,3,3,True,0,0.30000001192092896,0.34870216250419617,0.5632486689650297,0.5850000047715612
1,2,1,True,1,0.6499999761581421,0.4821467101573944,0.7395366334422223,0.6489999998467633
0,2,3,False,1,0.6499999761581421,0.38978445529937744,0.7395366334422223,0.6039999939804539
0,2,0,True,0,0.8999999761581421,0.42338991165161133,0.8983194123648568,0.6200000046867694
3,1,1,False,1,0.44999998807907104,0.31756794452667236,0.6329695552826582,0.5709999943657259
2,2,2,True,0,0.699999988079071,0.40669700503349304,0.768871768122878,0.6119999977165095
0,2,0,True,1,0.6000000238418579,0.22179484367370605,0.7113207692620573,0.530000000488792
0,2,0,True,0,1.0,0.30171340703964233,0.971,0.5639999994126826
0,0,2,False,0,0.550000011920929,0.3443003296852112,0.6841814055442375,0.5830000058412748
0,0,0,True,0,0.6000000238418579,0.3153149485588074,0.7113207692620573,0.5699999949628566
2,2,2,True,1,0.6499999761581421,0.7283192276954651,0.7395366334422223,0.7859999944844881
1,0,1,True,1,0.550000011920929,0.5056954622268677,0.6841814055442375,0.6609999885813245
1,1,1,True,0,0.5,0.29714739322662354,0.658077503034407,0.5620000042133692
2,1,2,True,1,0.44999998807907104,0.45411649346351624,0.6329695552826582,0.6349999989235079
3,2,3,True,1,0.6499999761581421,0.37264642119407654,0.7395366334422223,0.5960000009269539
2,2,2,True,0,0.8500000238418579,0.523078203201294,0.8640454394695402,0.6700000089266277
2,2,2,True,0,0.6499999761581421,0.6030307412147522,0.7395366334422223,0.7129999863200077
3,2,3,True,1,0.800000011920929,0.3704880177974701,0.8310790978922871,0.5950000053605375
1,1,2,False,0,0.44999998807907104,0.5192356109619141,0.6329695552826582,0.6679999910003619
1,0,1,True,1,0.550000011920929,0.3704880177974701,0.6841814055442375,0.5950000053605375
2,0,2,True,0,0.550000011920929,0.5037494897842407,0.6841814055442375,0.6600000042038996
3,2,3,True,0,0.6000000238418579,0.49789372086524963,0.7113207692620573,0.6569999938720841
0,3,0,True,1,0.3499999940395355,0.2694052755832672,0.5855909908654705,0.5500000017162529
1,1,1,True,1,0.4000000059604645,0.4621877074241638,0.6088195772640365,0.6390000050779484
3,2,3,True,1,0.6499999761581421,0.3812440037727356,0.7395366334422223,0.599999998363473
1,0,1,True,1,0.550000011920929,0.39826855063438416,0.6841814055442375,0.6079999975326807
2,2,2,True,0,1.0,0.33766916394233704,0.971,0.5799999977030665
3,2,3,True,1,0.6000000238418579,0.48412567377090454,0.7113207692620573,0.6500000013936217
0,0,0,True,1,0.6000000238418579,0.5608848929405212,0.7113207692620573,0.6900000116606454
2,1,2,True,1,0.44999998807907104,0.8121923804283142,0.6329695552826582,0.8390000186126562
3,0,3,True,1,0.550000011920929,0.5976111888885498,0.6841814055442375,0.7099999849109374
3,0,3,True,1,0.550000011920929,0.7843165397644043,0.6841814055442375,0.8210000046306121
3,1,3,True,0,0.5,0.27407073974609375,0.658077503034407,0.5520000006930108
3,2,3,True,0,0.8500000238418579,0.4398687779903412,0.8640454394695402,0.6280000006288825
0,2,0,True,0,0.6499999761581421,0.23386380076408386,0.7395366334422223,0.5349999999477194
2,1,2,True,0,0.44999998807907104,0.5627463459968567,0.6329695552826582,0.6910000104977662
0,0,2,False,1,0.550000011920929,0.28796637058258057,0.6841814055442375,0.5579999946350287
2,1,2,True,0,0.4000000059604645,0.4439556896686554,0.6088195772640365,0.6299999975354973
2,2,2,True,1,0.699999988079071,0.6663432121276855,0.768871768122878,0.7489999969699348
1,1,1,True,0,0.5,0.2810373306274414,0.658077503034407,0.5549999965892977
0,1,0,True,1,0.5,0.46620437502861023,0.658077503034407,0.6410000019167172
3,2,3,True,0,0.699999988079071,0.19731153547763824,0.768871768122878,0.5199999990084729
2,0,2,True,1,0.6000000238418579,0.42338991165161133,0.7113207692620573,0.6200000046867694
1,0,1,True,0,0.550000011920929,0.20961149036884308,0.6841814055442375,0.5250000023269161
0,0,0,True,0,0.6000000238418579,0.3812440037727356,0.7113207692620573,0.599999998363473
3,2,3,True,1,0.75,0.40248969197273254,0.7993705370142242,0.6100000002618106
2,0,2,True,1,0.550000011920929,0.2810373306274414,0.6841814055442375,0.5549999965892977
0,0,0,True,0,0.550000011920929,0.48016470670700073,0.6841814055442375,0.6480000042340459
1,0,1,True,1,0.550000011920929,0.4520907402038574,0.6841814055442375,0.6339999946097808
2,2,2,True,0,1.0,0.5095786452293396,0.971,0.6629999853834717
1,2,1,True,1,0.6499999761581421,0.5288205742835999,0.7395366334422223,0.6730000026427778
3,1,3,True,0,0.4000000059604645,0.523078203201294,0.6088195772640365,0.6700000089266277
3,1,3,True,1,0.44999998807907104,0.5192356109619141,0.6329695552826582,0.6679999910003619
1,2,1,True,1,0.699999988079071,0.48412567377090454,0.768871768122878,0.6500000013936217
3,1,3,True,0,0.44999998807907104,0.29485827684402466,0.6329695552826582,0.561000001187531
3,2,3,True,1,0.6499999761581421,0.4150705635547638,0.7395366334422223,0.6160000041365007
2,1,2,True,1,0.44999998807907104,0.5848760008811951,0.6329695552826582,0.7029999894420969
3,3,3,True,0,0.30000001192092896,0.4682080149650574,0.5632486689650297,0.642000002023176
0,0,0,True,0,0.550000011920929,0.2386598289012909,0.6841814055442375,0.5369999990486598
0,1,0,True,0,0.44999998807907104,0.2810373306274414,0.6329695552826582,0.5549999965892977
3,2,3,True,1,0.699999988079071,0.3508974313735962,0.768871768122878,0.5860000008743051
1,2,1,True,1,0.8500000238418579,0.858827531337738,0.8640454394695402,0.8700000129916116
3,0,3,True,0,0.550000011920929,0.3574608564376831,0.6841814055442375,0.5890000008539068
1,2,1,True,1,0.699999988079071,0.731585681438446,0.768871768122878,0.78800001664077
3,3,3,True,1,0.3499999940395355,0.34870216250419617,0.5855909908654705,0.5850000047715612
1,1,1,True,1,0.5,0.3812440037727356,0.658077503034407,0.599999998363473
2,1,2,True,0,0.5,0.45411649346351624,0.658077503034407,0.6349999989235079
0,2,0,True,0,0.75,0.3855213224887848,0.7993705370142242,0.6019999959607932
2,1,2,True,1,0.5,0.5037494897842407,0.658077503034407,0.6600000042038996
2,2,2,True,0,0.6000000238418579,0.33766916394233704,0.7113207692620573,0.5799999977030665
3,0,3,True,1,0.6000000238418579,0.419236958026886,0.7113207692620573,0.6179999993857016
2,0,2,True,0,0.550000011920929,0.3790999948978424,0.6841814055442375,0.5989999996127661
0,1,0,True,1,0.44999998807907104,0.5037494897842407,0.6329695552826582,0.6600000042038996
2,1,2,True,1,0.5,0.3790999948978424,0.658077503034407,0.5989999996127661
2,1,2,True,1,0.44999998807907104,0.3153149485588074,0.6329695552826582,0.5699999949628566
2,0,2,True,1,0.550000011920929,0.3153149485588074,0.6841814055442375,0.5699999949628566
3,2,0,False,1,0.75,0.39191073179244995,0.7993705370142242,0.6049999933638269
1,2,1,True,0,0.75,0.46620437502861023,0.7993705370142242,0.6410000019167172
0,2,0,True,0,0.6499999761581421,0.42338991165161133,0.7395366334422223,0.6200000046867694
2,1,2,True,1,0.44999998807907104,0.7266829013824463,0.6329695552826582,0.7849999948653199
1,2,1,True,1,0.8500000238418579,0.419236958026886,0.8640454394695402,0.6179999993857016
1,2,1,True,1,0.6000000238418579,0.4045950770378113,0.7113207692620573,0.6110000023402741
0,2,3,False,1,0.699999988079071,0.33766916394233704,0.768871768122878,0.5799999977030665
1,1,1,True,1,0.44999998807907104,0.6438384652137756,0.6329695552826582,0.7359999988901547
2,2,2,True,0,0.75,0.42338991165161133,0.7993705370142242,0.6200000046867694
3,1,3,True,1,0.5,0.5402289628982544,0.658077503034407,0.6790000122923703
2,2,2,True,1,0.800000011920929,0.33322933316230774,0.8310790978922871,0.5780000053118328
3,0,3,True,1,0.6000000238418579,0.29485827684402466,0.7113207692620573,0.561000001187531
0,0,0,True,0,0.550000011920929,0.4129822850227356,0.6841814055442375,0.6150000037195905
2,2,2,True,0,0.6499999761581421,0.38338443636894226,0.7395366334422223,0.6009999943513901
3,3,3,True,1,0.3499999940395355,0.37264642119407654,0.5855909908654705,0.5960000009269539
0,2,0,True,0,0.699999988079071,0.29256507754325867,0.768871768122878,0.5599999986660849
2,2,2,True,0,0.800000011920929,0.3596412241458893,0.8310790978922871,0.5899999944934109
3,2,3,True,1,0.75,0.29256507754325867,0.7993705370142242,0.5599999986660849
1,3,1,True,0,0.3499999940395355,0.308532178401947,0.5855909908654705,0.5670000011910246
1,2,1,True,0,1.0,0.24105115234851837,0.971,0.5380000001029064
2,1,2,True,1,0.4000000059604645,0.42131510376930237,0.6088195772640365,0.6189999980109001
2,0,2,True,1,0.550000011920929,0.5477786660194397,0.6841814055442375,0.6830000081040974
3,2,3,True,0,0.8999999761581421,0.30399036407470703,0.8983194123648568,0.565000005083747
2,0,2,True,1,0.550000011920929,0.33322933316230774,0.6841814055442375,0.5780000053118328
1,2,2,False,1,1.0,0.523078203201294,0.971,0.6700000089266277
3,1,3,True,1,0.44999998807907104,0.4641976058483124,0.6329695552826582,0.6400000013129329
0,1,0,True,1,0.44999998807907104,0.48412567377090454,0.6329695552826582,0.6500000013936217
1,2,1,True,1,0.699999988079071,0.4419138729572296,0.768871768122878,0.6290000063056567
3,2,3,True,1,0.699999988079071,0.4641976058483124,0.768871768122878,0.6400000013129329
1,1,0,False,1,0.44999998807907104,0.42131510376930237,0.6329695552826582,0.6189999980109001
1,1,1,True,1,0.4000000059604645,0.29256507754325867,0.6088195772640365,0.5599999986660849
1,2,1,True,1,0.75,0.33766916394233704,0.7993705370142242,0.5799999977030665
2,3,2,True,0,0.3499999940395355,0.24582049250602722,0.5855909908654705,0.5400000017738655
1,2,1,True,0,0.6499999761581421,0.4439556896686554,0.7395366334422223,0.6299999975354973
0,1,0,True,0,0.5,0.308532178401947,0.658077503034407,0.5670000011910246
0,2,0,True,0,0.6499999761581421,0.28335118293762207,0.7395366334422223,0.5560000043586534
2,2,2,True,0,0.6000000238418579,0.4439556896686554,0.7113207692620573,0.6299999975354973
3,2,3,True,0,0.6499999761581421,0.4459942877292633,0.7395366334422223,0.6309999984516933
0,1,0,True,0,0.5,0.28566086292266846,0.658077503034407,0.5570000058769908
0,0,0,True,0,0.550000011920929,0.35527676343917847,0.6841814055442375,0.5879999979029831
0,2,0,True,0,0.699999988079071,0.050855036824941635,0.768871768122878,0.4640000003173134
3,1,3,True,0,0.44999998807907104,0.7669788599014282,0.6329695552826582,0.8100000179642232
0,2,0,True,1,0.699999988079071,0.4641976058483124,0.768871768122878,0.6400000013129329
1,1,1,True,0,0.44999998807907104,0.40248969197273254,0.6329695552826582,0.6100000002618106
1,0,1,True,1,0.550000011920929,0.6155881881713867,0.6841814055442375,0.7199999836812788
3,2,3,True,1,0.75,0.5957996249198914,0.7993705370142242,0.7090000084138519
0,1,0,True,1,0.5,0.4275294840335846,0.658077503034407,0.6220000070202574
3,1,3,True,0,0.5,0.29256507754325867,0.658077503034407,0.5599999986660849
2,2,2,True,1,0.75,0.48412567377090454,0.7993705370142242,0.6500000013936217
3,2,3,True,0,0.6499999761581421,0.3508974313735962,0.7395366334422223,0.5860000008743051
1,2,1,True,1,0.6000000238418579,0.419236958026886,0.7113207692620573,0.6179999993857016
2,2,2,True,1,1.0,0.5134501457214355,0.971,0.6649999893374305
1,2,1,True,1,0.6499999761581421,0.48412567377090454,0.7395366334422223,0.6500000013936217
1,1,1,True,0,0.5,0.3596412241458893,0.658077503034407,0.5899999944934109
2,1,2,True,0,0.4000000059604645,0.33766916394233704,0.6088195772640365,0.5799999977030665
1,1,1,True,1,0.5,0.24819853901863098,0.658077503034407,0.5410000011131741
2,1,2,True,0,0.5,0.5939854383468628,0.658077503034407,0.7079999956924453
3,0,3,True,1,0.550000011920929,0.4398687779903412,0.6841814055442375,0.6280000006288825
1,1,1,True,0,0.5,0.2047056257724762,0.658077503034407,0.52300000179344
2,2,3,False,1,1.0,0.31756794452667236,0.971,0.5709999943657259
2,2,2,True,0,0.800000011920929,0.3443003296852112,0.8310790978922871,0.5830000058412748
2,1,2,True,0,0.5,0.4439556896686554,0.658077503034407,0.6299999975354973
0,0,0,True,0,0.550000011920929,0.3855213224887848,0.6841814055442375,0.6019999959607932
1,2,1,True,1,0.699999988079071,0.4761914908885956,0.768871768122878,0.6460000047372518
2,2,2,True,1,1.0,0.4398687779903412,0.971,0.6280000006288825
2,0,2,True,0,0.550000011920929,0.5793792009353638,0.6841814055442375,0.6999999930529267
1,0,1,True,0,0.6000000238418579,0.23626405000686646,0.7113207692620573,0.5359999987561012
0,0,0,True,1,0.550000011920929,0.29485827684402466,0.6841814055442375,0.561000001187531
2,2,2,True,1,0.6000000238418579,0.306263267993927,0.7113207692620573,0.565999999023059
1,0,1,True,1,0.6000000238418579,0.3310036361217499,0.7113207692620573,0.5770000013431426
3,1,3,True,0,0.5,0.19483736157417297,0.658077503034407,0.5190000003162492
3,2,3,True,1,0.8500000238418579,0.5867030620574951,0.8640454394695402,0.7039999915253303
1,2,1,True,1,0.949999988079071,0.3661602735519409,0.9339529695901586,0.592999998817374
0,0,0,True,0,0.550000011920929,0.4171554446220398,0.6841814055442375,0.6169999996816915
3,1,3,True,0,0.44999998807907104,0.5037494897842407,0.6329695552826582,0.6600000042038996
3,2,3,True,1,0.8999999761581421,0.5134501457214355,0.8983194123648568,0.6649999893374305
0,2,0,True,0,0.75,0.4641976058483124,0.7993705370142242,0.6400000013129329
3,0,3,True,0,0.550000011920929,0.42338991165161133,0.6841814055442375,0.6200000046867694
3,2,1,False,1,0.75,0.3940335214138031,0.7993705370142242,0.6060000044077539
3,2,3,True,1,0.800000011920929,0.17235280573368073,0.8310790978922871,0.5100000023525977
0,0,0,True,0,0.6000000238418579,0.3748012185096741,0.7113207692620573,0.5970000022301625
3,0,3,True,0,0.550000011920929,0.3465031087398529,0.6841814055442375,0.5839999954464355
1,0,1,True,1,0.6000000238418579,0.308532178401947,0.7113207692620573,0.5670000011910246
2,1,2,True,0,0.44999998807907104,0.3748012185096741,0.6329695552826582,0.5970000022301625
2,2,2,True,0,0.699999988079071,0.49789372086524963,0.768871768122878,0.6569999938720841
2,2,2,True,1,0.75,0.5383345484733582,0.7993705370142242,0.677999992582976
2,2,2,True,0,1.0,0.15203088521957397,0.971,0.5020000018747375
1,0,1,True,0,0.550000011920929,0.24582049250602722,0.6841814055442375,0.5400000017738655
0,0,0,True,1,0.550000011920929,0.3790999948978424,0.6841814055442375,0.5989999996127661
2,1,2,True,1,0.5,0.5249951481819153,0.658077503034407,0.6709999908340439
0,2,0,True,0,0.699999988079071,0.33322933316230774,0.768871768122878,0.5780000053118328
0,2,0,True,0,1.0,0.3812440037727356,0.971,0.599999998363473
0,0,0,True,0,0.6000000238418579,0.40248969197273254,0.7113207692620573,0.6100000002618106
1,2,1,True,1,0.75,0.42131510376930237,0.7993705370142242,0.6189999980109001
0,2,0,True,1,0.6000000238418579,0.4439556896686554,0.7113207692620573,0.6299999975354973
2,2,2,True,1,0.8999999761581421,0.33322933316230774,0.8983194123648568,0.5780000053118328
1,2,1,True,0,0.800000011920929,0.6403409838676453,0.8310790978922871,0.7340000160240354
0,1,0,True,1,0.44999998807907104,0.9596619009971619,0.6329695552826582,0.9409999854047542
2,1,2,True,0,0.4000000059604645,0.42131510376930237,0.6088195772640365,0.6189999980109001
0,2,0,True,1,0.6499999761581421,0.3443003296852112,0.7395366334422223,0.5830000058412748
2,2,2,True,1,0.8999999761581421,0.44802966713905334,0.8983194123648568,0.6320000040573776
0,1,0,True,0,0.44999998807907104,0.29256507754325867,0.6329695552826582,0.5599999986660849
2,0,2,True,1,0.6000000238418579,0.4781796336174011,0.7113207692620573,0.6470000042710665
1,2,1,True,1,0.699999988079071,0.5590206980705261,0.768871768122878,0.688999990255116
0,2,0,True,1,1.0,0.5793792009353638,0.971,0.6999999930529267
0,1,0,True,1,0.4000000059604645,0.2553063929080963,0.6088195772640365,0.5439999988025059
1,1,1,True,0,0.5,0.523078203201294,0.658077503034407,0.6700000089266277
0,2,3,False,1,0.800000011920929,0.48412567377090454,0.8310790978922871,0.6500000013936217
2,2,2,True,0,0.800000011920929,0.32654064893722534,0.8310790978922871,0.5749999945167829
2,2,2,True,1,0.699999988079071,0.6155881881713867,0.768871768122878,0.7199999836812788
1,2,1,True,1,0.949999988079071,0.5249951481819153,0.9339529695901586,0.6709999908340439
1,2,1,True,0,0.949999988079071,0.28796637058258057,0.9339529695901586,0.5579999946350287
3,1,3,True,0,0.5,0.21449869871139526,0.658077503034407,0.5270000017425633
1,2,1,True,0,0.6000000238418579,0.33988335728645325,0.7113207692620573,0.5810000010414563
0,0,0,True,0,0.6000000238418579,0.4500617980957031,0.7113207692620573,0.632999994670712
0,2,0,True,1,0.8500000238418579,0.819829523563385,0.8640454394695402,0.8439999905619762
0,1,0,True,1,0.44999998807907104,0.4500617980957031,0.6329695552826582,0.632999994670712
1,0,1,True,0,0.6000000238418579,0.2623751759529114,0.7113207692620573,0.547000004689126
0,2,0,True,1,0.699999988079071,0.4742002487182617,0.768871768122878,0.6449999954493963
1,2,1,True,1,0.800000011920929,0.5037494897842407,0.8310790978922871,0.6600000042038996
3,2,3,True,0,0.6499999761581421,0.4254613518714905,0.7395366334422223,0.6209999998295582
0,2,0,True,0,0.800000011920929,0.29485827684402466,0.8310790978922871,0.561000001187531
2,2,2,True,0,0.699999988079071,0.29256507754325867,0.768871768122878,0.5599999986660849
3,2,3,True,0,0.8500000238418579,0.2717401087284088,0.8640454394695402,0.5509999944515519
1,2,1,True,0,0.699999988079071,0.4150705635547638,0.768871768122878,0.6160000041365007
3,1,3,True,0,0.5,0.3596412241458893,0.658077503034407,0.5899999944934109
2,2,2,True,0,0.699999988079071,0.4275294840335846,0.768871768122878,0.6220000070202574
0,3,0,True,1,0.30000001192092896,0.5402289628982544,0.5632486689650297,0.6790000122923703
2,0,2,True,0,0.550000011920929,0.5812140703201294,0.6841814055442375,0.7009999861602607
1,0,1,True,0,0.550000011920929,0.3153149485588074,0.6841814055442375,0.5699999949628566
0,1,0,True,0,0.44999998807907104,0.3961527645587921,0.6329695552826582,0.6069999935530198
0,1,0,True,0,0.5,0.2717401087284088,0.658077503034407,0.5509999944515519
2,0,2,True,1,0.6000000238418579,0.5957996249198914,0.7113207692620573,0.7090000084138519
0,2,0,True,1,0.949999988079071,0.40038084983825684,0.9339529695901586,0.6089999968669422
2,2,2,True,1,0.6499999761581421,0.1698300689458847,0.7395366334422223,0.5090000028495377
1,2,1,True,1,0.6499999761581421,0.5211583375930786,0.7395366334422223,0.6689999971277729
0,1,0,True,1,0.5,0.3748012185096741,0.658077503034407,0.5970000022301625
2,2,2,True,0,0.6499999761581421,0.4439556896686554,0.7395366334422223,0.6299999975354973
0,2,0,True,0,0.949999988079071,0.23626405000686646,0.9339529695901586,0.5359999987561012
0,1,0,True,1,0.44999998807907104,0.2694052755832672,0.6329695552826582,0.5500000017162529
1,2,1,True,1,0.75,0.3876546621322632,0.7993705370142242,0.6029999976780734
2,2,2,True,0,0.800000011920929,0.4781796336174011,0.8310790978922871,0.6470000042710665
2,1,2,True,1,0.44999998807907104,0.3443003296852112,0.6329695552826582,0.5830000058412748
3,1,3,True,1,0.44999998807907104,0.5307289958000183,0.6329695552826582,0.6739999925477638
2,0,2,True,1,0.550000011920929,0.48412567377090454,0.6841814055442375,0.6500000013936217
1,2,1,True,0,0.75,0.29256507754325867,0.7993705370142242,0.5599999986660849
3,1,3,True,0,0.5,0.29256507754325867,0.658077503034407,0.5599999986660849
3,1,3,True,0,0.44999998807907104,0.2647227942943573,0.6329695552826582,0.5479999938412414
0,0,0,True,1,0.550000011920929,0.40248969197273254,0.6841814055442375,0.6100000002618106
1,2,1,True,1,0.75,0.3639909327030182,0.7993705370142242,0.5919999991910871
0,1,0,True,1,0.5,0.42338991165161133,0.658077503034407,0.6200000046867694
2,1,2,True,1,0.5,0.5383345484733582,0.658077503034407,0.677999992582976
3,2,3,True,0,0.6000000238418579,0.2694052755832672,0.7113207692620573,0.5500000017162529
0,0,0,True,0,0.6000000238418579,0.29714739322662354,0.7113207692620573,0.5620000042133692
1,2,1,True,1,1.0,0.4254613518714905,0.971,0.6209999998295582
2,0,2,True,1,0.6000000238418579,0.5976111888885498,0.7113207692620573,0.7099999849109374
3,0,3,True,1,0.550000011920929,0.42338991165161133,0.6841814055442375,0.6200000046867694
2,0,2,True,0,0.6000000238418579,0.4621877074241638,0.7113207692620573,0.6390000050779484
0,0,0,True,0,0.550000011920929,0.3596412241458893,0.6841814055442375,0.5899999944934109
0,2,0,True,0,1.0,0.48412567377090454,0.971,0.6500000013936217
2,0,2,True,1,0.550000011920929,0.306263267993927,0.6841814055442375,0.565999999023059
2,2,2,True,0,0.6000000238418579,0.5720133781433105,0.7113207692620573,0.6959999995050431
2,2,2,True,0,1.0,0.3618179261684418,0.971,0.591000000410564
1,1,1,True,0,0.5,0.3198170065879822,0.658077503034407,0.5719999974815364
1,2,1,True,1,0.6499999761581421,0.3354511559009552,0.7395366334422223,0.5789999971512589
3,2,3,True,1,0.8999999761581421,0.5590206980705261,0.8983194123648568,0.688999990255116
1,2,1,True,1,1.0,0.42131510376930237,0.971,0.6189999980109001
0,2,0,True,0,0.699999988079071,0.18987467885017395,0.768871768122878,0.5170000024850443
2,2,2,True,0,0.6000000238418579,0.24819853901863098,0.7113207692620573,0.5410000011131741
1,1,1,True,1,0.44999998807907104,0.5134501457214355,0.6329695552826582,0.6649999893374305
0,2,0,True,1,0.6499999761581421,0.8469536900520325,0.7395366334422223,0.8620000156457588
2,1,2,True,0,0.4000000059604645,0.3812440037727356,0.6088195772640365,0.599999998363473
0,1,0,True,0,0.5,0.44802966713905334,0.658077503034407,0.6320000040573776
3,3,3,True,0,0.3499999940395355,0.33322933316230774,0.5855909908654705,0.5780000053118328
0,2,0,True,1,0.8999999761581421,0.3812440037727356,0.8983194123648568,0.599999998363473
1,2,1,True,1,0.6000000238418579,0.4419138729572296,0.7113207692620573,0.6290000063056567
3,2,3,True,0,0.8500000238418579,0.3596412241458893,0.8640454394695402,0.5899999944934109
0,0,0,True,1,0.550000011920929,0.3661602735519409,0.6841814055442375,0.592999998817374
0,2,0,True,1,0.75,0.3618179261684418,0.7993705370142242,0.591000000410564
2,2,2,True,1,0.6499999761581421,0.4641976058483124,0.7395366334422223,0.6400000013129329
2,0,2,True,0,0.550000011920929,0.5534119606018066,0.6841814055442375,0.6859999926164443
1,1,1,True,1,0.44999998807907104,0.3940335214138031,0.6329695552826582,0.6060000044077539
3,0,3,True,1,0.6000000238418579,0.4087955057621002,0.7113207692620573,0.6129999952092078
0,2,0,True,1,0.800000011920929,0.6030307412147522,0.8310790978922871,0.7129999863200077
2,1,2,True,0,0.44999998807907104,0.3596412241458893,0.6329695552826582,0.5899999944934109
0,0,0,True,1,0.550000011920929,0.633317232131958,0.6841814055442375,0.7299999888020932
0,1,0,True,1,0.5,0.42131510376930237,0.658077503034407,0.6189999980109001
1,3,1,True,0,0.3499999940395355,0.3812440037727356,0.5855909908654705,0.599999998363473
2,2,2,True,0,0.6000000238418579,0.5683145523071289,0.7113207692620573,0.6939999894612926
3,0,3,True,1,0.550000011920929,0.3153149485588074,0.6841814055442375,0.5699999949628566
0,2,0,True,0,0.800000011920929,0.2694052755832672,0.8310790978922871,0.5500000017162529
2,2,2,True,1,1.0,0.40038084983825684,0.971,0.6089999968669422
3,2,3,True,0,0.75,0.39191073179244995,0.7993705370142242,0.6049999933638269
3,2,3,True,1,0.75,0.37264642119407654,0.7993705370142242,0.5960000009269539
3,0,3,True,1,0.6000000238418579,0.3790999948978424,0.7113207692620573,0.5989999996127661
3,3,3,True,1,0.3499999940395355,0.5056954622268677,0.5855909908654705,0.6609999885813245
0,2,0,True,0,0.8500000238418579,0.33988335728645325,0.8640454394695402,0.5810000010414563
3,0,3,True,1,0.6000000238418579,0.3961527645587921,0.7113207692620573,0.6069999935530198
1,2,1,True,1,0.75,0.35527676343917847,0.7993705370142242,0.5879999979029831
1,0,1,True,1,0.6000000238418579,0.42338991165161133,0.7113207692620573,0.6200000046867694
1,2,1,True,0,0.6000000238418579,0.4045950770378113,0.7113207692620573,0.6110000023402741
0,1,0,True,1,0.5,0.42338991165161133,0.658077503034407,0.6200000046867694
2,2,2,True,0,0.8999999761581421,0.48412567377090454,0.8983194123648568,0.6500000013936217
2,2,2,True,1,0.6000000238418579,0.48412567377090454,0.7113207692620573,0.6500000013936217
2,1,2,True,0,0.44999998807907104,0.501800537109375,0.6329695552826582,0.6590000046509626
2,1,2,True,0,0.4000000059604645,0.3443003296852112,0.6088195772640365,0.5830000058412748
2,2,2,True,0,0.75,0.5608848929405212,0.7993705370142242,0.6900000116606454
3,1,3,True,1,0.4000000059604645,0.36832594871520996,0.6088195772640365,0.5939999935821837
3,0,3,True,1,0.6000000238418579,0.42338991165161133,0.7113207692620573,0.6200000046867694
1,0,1,True,0,0.6000000238418579,0.26706618070602417,0.7113207692620573,0.5490000035364818
3,1,3,True,0,0.5,0.2694052755832672,0.658077503034407,0.5500000017162529
3,2,3,True,0,0.6499999761581421,0.28566086292266846,0.7395366334422223,0.5570000058769908
3,2,3,True,0,1.0,0.24582049250602722,0.971,0.5400000017738655
2,2,2,True,0,0.6499999761581421,0.4920111894607544,0.7395366334422223,0.6540000026505938
3,0,3,True,0,0.550000011920929,0.48610159754753113,0.6841814055442375,0.651000004150087
3,0,3,True,1,0.550000011920929,0.3639909327030182,0.6841814055442375,0.5919999991910871
2,3,2,True,0,0.30000001192092896,0.48610159754753113,0.5632486689650297,0.651000004150087
2,2,2,True,0,0.699999988079071,0.33766916394233704,0.768871768122878,0.5799999977030665
1,1,1,True,0,0.5,0.4939750134944916,0.658077503034407,0.6549999932755893
3,1,3,True,1,0.5,0.4641976058483124,0.658077503034407,0.6400000013129329
0,1,0,True,1,0.44999998807907104,0.3596412241458893,0.6329695552826582,0.5899999944934109
0,0,1,False,1,0.6000000238418579,0.43165573477745056,0.7113207692620573,0.6239999936034302
0,2,0,True,1,0.800000011920929,0.2386598289012909,0.8310790978922871,0.5369999990486598
1,2,1,True,1,0.6499999761581421,0.7348437905311584,0.7395366334422223,0.7899999991132267
3,2,3,True,1,0.6499999761581421,0.5037494897842407,0.7395366334422223,0.6600000042038996
1,2,1,True,0,0.6000000238418579,0.33322933316230774,0.7113207692620573,0.5780000053118328
0,1,0,True,0,0.5,0.523078203201294,0.658077503034407,0.6700000089266277
3,2,3,True,0,0.75,0.25294145941734314,0.7993705370142242,0.542999993858368
0,2,0,True,0,0.8500000238418579,0.8319554328918457,0.8640454394695402,0.8520000044161843
1,2,1,True,1,0.6499999761581421,0.3661602735519409,0.7395366334422223,0.592999998817374
3,1,3,True,0,0.4000000059604645,0.4459942877292633,0.6088195772640365,0.6309999984516933
2,1,2,True,0,0.5,0.35308897495269775,0.658077503034407,0.587000005058579
1,2,1,True,0,0.6499999761581421,0.40038084983825684,0.7395366334422223,0.6089999968669422
1,0,1,True,0,0.550000011920929,0.5095786452293396,0.6841814055442375,0.6629999853834717
0,1,0,True,0,0.5,0.2694052755832672,0.658077503034407,0.5500000017162529
3,2,3,True,0,0.949999988079071,0.3812440037727356,0.9339529695901586,0.599999998363473
0,1,0,True,0,0.44999998807907104,0.46017464995384216,0.6329695552826582,0.6380000032773165
1,3,1,True,1,0.3499999940395355,0.4581584334373474,0.5855909908654705,0.6370000008314272
3,1,3,True,1,0.5,0.523078203201294,0.658077503034407,0.6700000089266277
0,1,0,True,0,0.5,0.42338991165161133,0.658077503034407,0.6200000046867694
3,2,3,True,0,0.699999988079071,0.42338991165161133,0.768871768122878,0.6200000046867694
3,2,3,True,1,0.699999988079071,0.22904980182647705,0.768871768122878,0.5329999974819276
1,3,1,True,0,0.3499999940395355,0.34870216250419617,0.5855909908654705,0.5850000047715612
2,2,2,True,0,0.6499999761581421,0.4439556896686554,0.7395366334422223,0.6299999975354973
3,1,3,True,1,0.5,0.29256507754325867,0.658077503034407,0.5599999986660849
3,1,3,True,0,0.5,0.27639713883399963,0.658077503034407,0.553000001098508
1,0,1,True,0,0.550000011920929,0.23145905137062073,0.6841814055442375,0.5339999971886118
3,2,3,True,1,0.6000000238418579,0.33766916394233704,0.7113207692620573,0.5799999977030665
0,2,0,True,1,0.699999988079071,0.2386598289012909,0.768871768122878,0.5369999990486598
0,0,0,True,1,0.550000011920929,0.4045950770378113,0.6841814055442375,0.6110000023402741
2,0,2,True,0,0.550000011920929,0.3310036361217499,0.6841814055442375,0.5770000013431426
3,2,3,True,1,0.8500000238418579,0.7068827748298645,0.8640454394695402,0.7730000118832996
3,0,3,True,1,0.550000011920929,0.5269092917442322,0.6841814055442375,0.672000000582687
0,0,0,True,0,0.550000011920929,0.3812440037727356,0.6841814055442375,0.599999998363473
2,2,2,True,0,0.6000000238418579,0.3639909327030182,0.7113207692620573,0.5919999991910871
3,2,3,True,1,0.6000000238418579,0.5288205742835999,0.7113207692620573,0.6730000026427778
3,2,3,True,1,0.6000000238418579,0.328774094581604,0.7113207692620573,0.5760000046448289
2,3,2,True,0,0.3499999940395355,0.4998486042022705,0.5855909908654705,0.6579999945792723
0,1,0,True,0,0.5,0.4045950770378113,0.658077503034407,0.6110000023402741
2,3,2,True,1,0.3499999940395355,0.46620437502861023,0.5855909908654705,0.6410000019167172
3,2,3,True,1,0.6499999761581421,0.24819853901863098,0.7395366334422223,0.5410000011131741
3,1,3,True,1,0.5,0.3704880177974701,0.658077503034407,0.5950000053605375
0,2,0,True,0,1.0,0.29714739322662354,0.971,0.5620000042133692
1,2,1,True,1,0.699999988079071,0.48412567377090454,0.768871768122878,0.6500000013936217
1,2,1,True,0,1.0,0.3748012185096741,0.971,0.5970000022301625
0,2,0,True,0,0.75,0.4150705635547638,0.7993705370142242,0.6160000041365007
2,3,2,True,0,0.3499999940395355,0.6646260023117065,0.5855909908654705,0.7479999995163543
1,2,1,True,1,0.6499999761581421,0.4108906090259552,0.7395366334422223,0.6140000037210799
0,2,0,True,0,0.6499999761581421,0.4621877074241638,0.7395366334422223,0.6390000050779484
0,2,0,True,1,0.6000000238418579,0.5383345484733582,0.7113207692620573,0.677999992582976
3,1,3,True,0,0.44999998807907104,0.35308897495269775,0.6329695552826582,0.587000005058579
0,2,0,True,1,0.6000000238418579,0.31756794452667236,0.7113207692620573,0.5709999943657259
1,1,1,True,1,0.5,0.3812440037727356,0.658077503034407,0.599999998363473
2,2,2,True,1,1.0,0.5056954622268677,0.971,0.6609999885813245
0,2,3,False,1,0.699999988079071,0.4641976058483124,0.768871768122878,0.6400000013129329
0,2,0,True,1,0.8500000238418579,0.39191073179244995,0.8640454394695402,0.6049999933638269
0,2,0,True,0,0.6499999761581421,0.35527676343917847,0.7395366334422223,0.5879999979029831
1,1,1,True,0,0.5,0.3876546621322632,0.658077503034407,0.6029999976780734
1,2,1,True,1,0.75,0.5326346158981323,0.7993705370142242,0.6749999971262126
3,2,3,True,0,0.75,0.36832594871520996,0.7993705370142242,0.5939999935821837
3,2,3,True,0,0.75,0.2386598289012909,0.7993705370142242,0.5369999990486598
2,2,2,True,1,0.8500000238418579,0.40038084983825684,0.8640454394695402,0.6089999968669422
3,0,3,True,0,0.550000011920929,0.3704880177974701,0.6841814055442375,0.5950000053605375
3,2,3,True,1,0.6499999761581421,0.5552842617034912,0.7395366334422223,0.6869999924912059
1,2,1,True,0,0.6499999761581421,0.2623751759529114,0.7395366334422223,0.547000004689126
3,2,3,True,0,0.699999988079071,0.4641976058483124,0.768871768122878,0.6400000013129329
3,2,1,False,1,0.6499999761581421,0.4129822850227356,0.7395366334422223,0.6150000037195905
3,1,3,True,1,0.5,0.48807448148727417,0.658077503034407,0.6520000033843422
3,0,3,True,0,0.550000011920929,0.3198170065879822,0.6841814055442375,0.5719999974815364
1,1,3,False,0,0.5,0.5903494358062744,0.658077503034407,0.7060000090442848
0,1,0,True,0,0.44999998807907104,0.38978445529937744,0.6329695552826582,0.6039999939804539
3,2,3,True,0,0.6499999761581421,0.29256507754325867,0.7395366334422223,0.5599999986660849
2,1,2,True,1,0.5,0.633317232131958,0.658077503034407,0.7299999888020932
0,3,0,True,0,0.30000001192092896,0.9038296937942505,0.5632486689650297,0.9009999906411374
0,1,0,True,1,0.5,0.6867728233337402,0.658077503034407,0.7610000096516587
1,0,1,True,0,0.550000011920929,0.40248969197273254,0.6841814055442375,0.6100000002618106
2,2,2,True,1,0.75,0.5173100233078003,0.7993705370142242,0.6669999949844069
2,2,2,True,0,0.6000000238418579,0.628024160861969,0.7113207692620573,0.7269999942109775
1,1,1,True,0,0.5,0.26706618070602417,0.658077503034407,0.5490000035364818
3,2,3,True,0,0.6000000238418579,0.38978445529937744,0.7113207692620573,0.6039999939804539
3,2,3,True,0,0.6499999761581421,0.29485827684402466,0.7395366334422223,0.561000001187531
3,1,3,True,1,0.44999998807907104,0.5885275602340698,0.6329695552826582,0.7050000102948958
0,0,0,True,1,0.550000011920929,0.33766916394233704,0.6841814055442375,0.5799999977030665
3,2,3,True,1,1.0,0.5134501457214355,0.971,0.6649999893374305
1,2,1,True,0,0.800000011920929,0.27639713883399963,0.8310790978922871,0.553000001098508
0,2,0,True,1,0.949999988079071,0.1698300689458847,0.9339529695901586,0.5090000028495377
3,2,3,True,1,0.6499999761581421,0.48016470670700073,0.7395366334422223,0.6480000042340459
3,2,3,True,0,0.6000000238418579,0.20716089010238647,0.7113207692620573,0.5239999985726885
2,2,2,True,0,0.75,0.4275294840335846,0.7993705370142242,0.6220000070202574
1,1,1,True,0,0.4000000059604645,0.2553063929080963,0.6088195772640365,0.5439999988025059
0,2,0,True,1,0.699999988079071,0.46620437502861023,0.768871768122878,0.6410000019167172
3,1,3,True,0,0.4000000059604645,0.25057220458984375,0.6088195772640365,0.5420000049430272
2,0,2,True,1,0.550000011920929,0.24582049250602722,0.6841814055442375,0.5400000017738655
0,2,0,True,1,0.6499999761581421,0.4275294840335846,0.7395366334422223,0.6220000070202574
0,2,0,True,1,0.75,0.6155881881713867,0.7993705370142242,0.7199999836812788
1,2,3,False,1,0.6499999761581421,0.19978095591068268,0.7395366334422223,0.5209999976935672
3,0,3,True,1,0.550000011920929,0.6030307412147522,0.6841814055442375,0.7129999863200077
2,2,2,True,1,0.6499999761581421,0.2694052755832672,0.7395366334422223,0.5500000017162529
2,2,2,True,0,0.6499999761581421,0.2694052755832672,0.7395366334422223,0.5500000017162529
0,0,2,False,1,0.6000000238418579,0.4419138729572296,0.7113207692620573,0.6290000063056567
2,2,2,True,0,0.6000000238418579,0.33988335728645325,0.7113207692620573,0.5810000010414563
3,1,3,True,0,0.44999998807907104,0.37264642119407654,0.6329695552826582,0.5960000009269539
3,0,3,True,1,0.6000000238418579,0.42131510376930237,0.7113207692620573,0.6189999980109001
3,0,3,True,0,0.550000011920929,0.4682080149650574,0.6841814055442375,0.642000002023176
1,2,1,True,0,1.0,0.24582049250602722,0.971,0.5400000017738655
0,1,0,True,0,0.4000000059604645,0.5458953976631165,0.6088195772640365,0.6820000113596617
2,1,2,True,1,0.44999998807907104,0.45613905787467957,0.6329695552826582,0.6360000026529686
2,1,2,True,0,0.5,0.42131510376930237,0.658077503034407,0.6189999980109001
0,1,0,True,1,0.5,0.40248969197273254,0.658077503034407,0.6100000002618106
2,1,2,True,0,0.4000000059604645,0.4641976058483124,0.6088195772640365,0.6400000013129329
3,2,3,True,0,0.75,0.5076385736465454,0.7993705370142242,0.6620000145171903
0,2,0,True,1,0.6499999761581421,0.4939750134944916,0.7395366334422223,0.6549999932755893
3,0,3,True,0,0.550000011920929,0.3107970952987671,0.6841814055442375,0.5680000053827252
3,2,3,True,1,0.75,0.3661602735519409,0.7993705370142242,0.592999998817374
1,1,1,True,1,0.5,0.42338991165161133,0.658077503034407,0.6200000046867694
3,1,3,True,1,0.5,0.38978445529937744,0.658077503034407,0.6039999939804539
1,1,1,True,0,0.5,0.3220621347427368,0.658077503034407,0.5729999981902032
1,2,1,True,1,0.6499999761581421,0.23145905137062073,0.7395366334422223,0.5339999971886118
0,2,0,True,0,0.8999999761581421,0.29026779532432556,0.8983194123648568,0.559000002995557
2,2,2,True,1,0.8999999761581421,0.4641976058483124,0.8983194123648568,0.6400000013129329
2,2,2,True,0,0.6000000238418579,0.38338443636894226,0.7113207692620573,0.6009999943513901
2,2,2,True,1,1.0,0.42338991165161133,0.971,0.6200000046867694
1,2,1,True,1,0.75,0.48412567377090454,0.7993705370142242,0.6500000013936217
1,3,1,True,0,0.20000000298023224,0.48412567377090454,0.5210887942181833,0.6500000013936217
1,2,1,True,0,1.0,0.3812440037727356,0.971,0.599999998363473
2,1,2,True,1,0.5,0.38978445529937744,0.658077503034407,0.6039999939804539
0,1,2,False,1,0.44999998807907104,0.39191073179244995,0.6329695552826582,0.6049999933638269
3,1,3,True,1,0.5,0.7364697456359863,0.658077503034407,0.7909999856541007
0,1,0,True,0,0.5,0.44802966713905334,0.658077503034407,0.6320000040573776
3,0,3,True,0,0.550000011920929,0.48412567377090454,0.6841814055442375,0.6500000013936217
0,2,1,False,1,0.8500000238418579,0.3220621347427368,0.8640454394695402,0.5729999981902032
1,0,1,True,1,0.550000011920929,0.3748012185096741,0.6841814055442375,0.5970000022301625
0,0,0,True,1,0.550000011920929,0.31756794452667236,0.6841814055442375,0.5709999943657259
3,2,3,True,1,0.699999988079071,0.33988335728645325,0.768871768122878,0.5810000010414563
3,0,3,True,0,0.550000011920929,0.46017464995384216,0.6841814055442375,0.6380000032773165
1,2,1,True,1,0.6499999761581421,0.4439556896686554,0.7395366334422223,0.6299999975354973
1,2,1,True,0,0.699999988079071,0.2717401087284088,0.768871768122878,0.5509999944515519
1,1,1,True,0,0.5,0.3153149485588074,0.658077503034407,0.5699999949628566
0,1,0,True,1,0.44999998807907104,0.4295942783355713,0.6329695552826582,0.6230000066815589
0,2,0,True,1,0.699999988079071,0.4500617980957031,0.768871768122878,0.632999994670712
1,2,2,False,0,0.8999999761581421,0.7477943897247314,0.8983194123648568,0.7980000083004584
1,0,1,True,0,0.550000011920929,0.29256507754325867,0.6841814055442375,0.5599999986660849
1,2,1,True,1,0.699999988079071,0.4254613518714905,0.768871768122878,0.6209999998295582
3,2,3,True,1,0.6499999761581421,0.308532178401947,0.7395366334422223,0.5670000011910246
2,2,2,True,1,0.6000000238418579,0.3790999948978424,0.7113207692620573,0.5989999996127661
1,2,1,True,0,0.75,0.42338991165161133,0.7993705370142242,0.6200000046867694
2,2,2,True,1,0.6000000238418579,0.601226806640625,0.7113207692620573,0.7120000107926829
1,2,1,True,0,0.6499999761581421,0.40248969197273254,0.7395366334422223,0.6100000002618106
1,1,1,True,0,0.44999998807907104,0.4439556896686554,0.6329695552826582,0.6299999975354973
2,2,2,True,0,0.75,0.22179484367370605,0.7993705370142242,0.530000000488792
3,3,3,True,0,0.30000001192092896,0.22179484367370605,0.5632486689650297,0.530000000488792
2,1,2,True,0,0.5,0.42338991165161133,0.658077503034407,0.6200000046867694
0,1,0,True,1,0.5,0.6350767612457275,0.658077503034407,0.7309999897138583
0,0,0,True,1,0.6000000238418579,0.23145905137062073,0.7113207692620573,0.5339999971886118
2,2,2,True,0,0.6499999761581421,0.3596412241458893,0.7395366334422223,0.5899999944934109
0,2,0,True,0,0.8999999761581421,0.38338443636894226,0.8983194123648568,0.6009999943513901
0,0,0,True,1,0.550000011920929,0.33322933316230774,0.6841814055442375,0.5780000053118328
1,2,1,True,0,0.8500000238418579,0.24343803524971008,0.8640454394695402,0.5390000012298091
2,1,2,True,0,0.5,0.3198170065879822,0.658077503034407,0.5719999974815364
3,2,3,True,1,0.800000011920929,0.4821467101573944,0.8310790978922871,0.6489999998467633
2,1,2,True,1,0.44999998807907104,0.7266829013824463,0.6329695552826582,0.7849999948653199
3,0,3,True,1,0.550000011920929,0.3876546621322632,0.6841814055442375,0.6029999976780734
0,1,0,True,1,0.44999998807907104,0.3596412241458893,0.6329695552826582,0.5899999944934109
3,2,3,True,1,0.6000000238418579,0.3153149485588074,0.7113207692620573,0.5699999949628566
1,1,1,True,0,0.44999998807907104,0.4682080149650574,0.6329695552826582,0.642000002023176
1,0,1,True,1,0.550000011920929,0.24582049250602722,0.6841814055442375,0.5400000017738655
3,1,3,True,1,0.5,0.24343803524971008,0.658077503034407,0.5390000012298091
0,1,0,True,1,0.5,0.24582049250602722,0.658077503034407,0.5400000017738655
1,2,1,True,1,0.699999988079071,0.4459942877292633,0.768871768122878,0.6309999984516933
3,3,3,True,0,0.3499999940395355,0.3310036361217499,0.5855909908654705,0.5770000013431426
3,2,3,True,1,0.6499999761581421,0.40248969197273254,0.7395366334422223,0.6100000002618106
3,2,3,True,0,0.6000000238418579,0.25057220458984375,0.7113207692620573,0.5420000049430272
2,2,2,True,0,0.800000011920929,0.49004432559013367,0.8310790978922871,0.6529999943573211
3,3,3,True,0,0.3499999940395355,0.5249951481819153,0.5855909908654705,0.6709999908340439
1,2,1,True,0,0.75,0.3596412241458893,0.7993705370142242,0.5899999944934109
3,2,3,True,1,0.699999988079071,0.26706618070602417,0.768871768122878,0.5490000035364818
2,2,2,True,1,0.75,0.3812440037727356,0.7993705370142242,0.599999998363473
1,3,1,True,0,0.30000001192092896,0.4108906090259552,0.5632486689650297,0.6140000037210799
0,2,0,True,1,0.8500000238418579,0.48412567377090454,0.8640454394695402,0.6500000013936217
0,1,0,True,1,0.5,0.4702085256576538,0.658077503034407,0.6429999967585903
2,0,2,True,1,0.550000011920929,0.523078203201294,0.6841814055442375,0.6700000089266277
0,2,0,True,1,0.6499999761581421,0.4129822850227356,0.7395366334422223,0.6150000037195905
2,0,2,True,1,0.550000011920929,0.9166051149368286,0.6841814055442375,0.9100000194582607
1,2,1,True,1,0.75,0.29714739322662354,0.7993705370142242,0.5620000042133692
1,2,1,True,1,0.8999999761581421,0.29256507754325867,0.8983194123648568,0.5599999986660849
3,1,3,True,0,0.5,0.30399036407470703,0.658077503034407,0.565000005083747
0,1,0,True,0,0.44999998807907104,0.6935111284255981,0.6329695552826582,0.7649999913757016
3,2,3,True,1,0.699999988079071,0.4500617980957031,0.768871768122878,0.632999994670712
0,1,0,True,1,0.4000000059604645,0.633317232131958,0.6088195772640365,0.7299999888020932
1,1,1,True,1,0.44999998807907104,0.5976111888885498,0.6329695552826582,0.7099999849109374
0,1,0,True,0,0.5,0.26706618070602417,0.658077503034407,0.5490000035364818
2,0,2,True,0,0.550000011920929,0.48412567377090454,0.6841814055442375,0.6500000013936217
0,2,0,True,0,0.699999988079071,0.24343803524971008,0.768871768122878,0.5390000012298091
2,1,2,True,1,0.5,0.5269092917442322,0.658077503034407,0.672000000582687
2,1,2,True,0,0.44999998807907104,0.48412567377090454,0.6329695552826582,0.6500000013936217
3,2,3,True,1,0.6499999761581421,0.4295942783355713,0.7395366334422223,0.6230000066815589
3,0,3,True,1,0.550000011920929,0.7035528421401978,0.6841814055442375,0.7709999828343145
0,1,0,True,1,0.5,0.4821467101573944,0.658077503034407,0.6489999998467633
2,0,2,True,1,0.6000000238418579,0.4439556896686554,0.7113207692620573,0.6299999975354973
0,1,0,True,0,0.44999998807907104,0.28796637058258057,0.6329695552826582,0.5579999946350287
0,2,0,True,0,0.6499999761581421,0.29256507754325867,0.7395366334422223,0.5599999986660849
1,1,1,True,1,0.44999998807907104,0.3153149485588074,0.6329695552826582,0.5699999949628566
3,2,3,True,0,0.75,0.5976111888885498,0.7993705370142242,0.7099999849109374
1,2,1,True,0,0.800000011920929,0.28335118293762207,0.8310790978922871,0.5560000043586534
1,0,1,True,1,0.6000000238418579,0.5793792009353638,0.7113207692620573,0.6999999930529267
0,2,0,True,1,0.75,0.3769524097442627,0.7993705370142242,0.5980000036639656
0,0,0,True,0,0.6000000238418579,0.2623751759529114,0.7113207692620573,0.547000004689126
2,1,1,False,1,0.44999998807907104,0.24819853901863098,0.6329695552826582,0.5410000011131741
0,2,0,True,0,0.8500000238418579,0.39826855063438416,0.8640454394695402,0.6079999975326807
0,1,1,False,1,0.5,0.3812440037727356,0.658077503034407,0.599999998363473
2,0,2,True,1,0.550000011920929,0.48412567377090454,0.6841814055442375,0.6500000013936217
0,2,0,True,0,0.6499999761581421,0.28566086292266846,0.7395366334422223,0.5570000058769908
3,1,3,True,1,0.44999998807907104,0.4641976058483124,0.6329695552826582,0.6400000013129329
0,2,0,True,1,0.6499999761581421,0.2717401087284088,0.7395366334422223,0.5509999944515519
1,2,1,True,0,0.6499999761581421,0.5571538805961609,0.7395366334422223,0.6880000143862413
0,1,0,True,1,0.44999998807907104,0.5793792009353638,0.6329695552826582,0.6999999930529267
2,1,2,True,1,0.44999998807907104,0.8349691033363342,0.6329695552826582,0.8539999969951475
0,1,0,True,1,0.5,0.3940335214138031,0.658077503034407,0.6060000044077539
3,2,3,True,1,0.6000000238418579,0.4419138729572296,0.7113207692620573,0.6290000063056567
0,1,0,True,1,0.5,0.4439556896686554,0.658077503034407,0.6299999975354973
0,2,0,True,1,0.6499999761581421,0.34209373593330383,0.7395366334422223,0.5820000012303785
1,1,1,True,1,0.5,0.29256507754325867,0.658077503034407,0.5599999986660849
0,1,0,True,1,0.44999998807907104,0.42338991165161133,0.6329695552826582,0.6200000046867694
0,2,0,True,1,0.75,0.5664611458778381,0.7993705370142242,0.6929999875251339
3,2,3,True,0,0.699999988079071,0.31756794452667236,0.768871768122878,0.5709999943657259
3,2,3,True,0,0.800000011920929,0.4150705635547638,0.8310790978922871,0.6160000041365007
0,1,0,True,0,0.44999998807907104,0.33988335728645325,0.6329695552826582,0.5810000010414563
3,1,3,True,0,0.5,0.25057220458984375,0.658077503034407,0.5420000049430272
1,2,1,True,1,0.800000011920929,0.5812140703201294,0.8310790978922871,0.7009999861602607
0,0,0,True,0,0.550000011920929,0.34209373593330383,0.6841814055442375,0.5820000012303785
3,2,3,True,0,0.8500000238418579,0.38338443636894226,0.8640454394695402,0.6009999943513901
0,1,0,True,0,0.5,0.23386380076408386,0.658077503034407,0.5349999999477194
0,1,0,True,1,0.5,0.33988335728645325,0.658077503034407,0.5810000010414563
3,1,3,True,1,0.4000000059604645,0.33766916394233704,0.6088195772640365,0.5799999977030665
3,2,3,True,0,0.6000000238418579,0.3153149485588074,0.7113207692620573,0.5699999949628566
3,2,3,True,0,0.75,0.3661602735519409,0.7993705370142242,0.592999998817374
1,1,1,True,1,0.44999998807907104,0.5076385736465454,0.6329695552826582,0.6620000145171903
2,2,2,True,1,0.800000011920929,0.39191073179244995,0.8310790978922871,0.6049999933638269
3,2,3,True,0,0.8999999761581421,0.24582049250602722,0.8983194123648568,0.5400000017738655
3,1,3,True,0,0.4000000059604645,0.24582049250602722,0.6088195772640365,0.5400000017738655
0,2,0,True,1,0.949999988079071,0.5076385736465454,0.9339529695901586,0.6620000145171903
0,2,0,True,1,0.6000000238418579,0.39826855063438416,0.7113207692620573,0.6079999975326807
2,2,2,True,0,0.6499999761581421,0.5037494897842407,0.7395366334422223,0.6600000042038996
2,1,2,True,0,0.44999998807907104,0.4045950770378113,0.6329695552826582,0.6110000023402741
3,2,3,True,0,1.0,0.4295942783355713,0.971,0.6230000066815589
2,1,2,True,1,0.4000000059604645,0.40248969197273254,0.6088195772640365,0.6100000002618106
1,2,1,True,1,1.0,0.523078203201294,0.971,0.6700000089266277
0,0,0,True,0,0.550000011920929,0.18738612532615662,0.6841814055442375,0.516000000251395
3,2,3,True,1,0.6000000238418579,0.5976111888885498,0.7113207692620573,0.7099999849109374
0,1,0,True,0,0.5,0.36832594871520996,0.658077503034407,0.5939999935821837
2,2,2,True,0,0.6499999761581421,0.1545887589454651,0.7395366334422223,0.5029999991504043
2,0,2,True,0,0.550000011920929,0.5571538805961609,0.6841814055442375,0.6880000143862413
1,1,2,False,1,0.5,0.3508974313735962,0.658077503034407,0.5860000008743051
2,2,2,True,0,0.6499999761581421,0.22904980182647705,0.7395366334422223,0.5329999974819276
1,2,1,True,1,0.8999999761581421,0.4641976058483124,0.8983194123648568,0.6400000013129329
2,2,2,True,0,0.6000000238418579,0.3574608564376831,0.7113207692620573,0.5890000008539068
3,2,3,True,0,0.6000000238418579,0.29256507754325867,0.7113207692620573,0.5599999986660849
1,2,1,True,1,0.8999999761581421,0.46620437502861023,0.8983194123648568,0.6410000019167172
1,1,1,True,1,0.5,0.3153149485588074,0.658077503034407,0.5699999949628566
3,2,3,True,0,0.699999988079071,0.4581584334373474,0.768871768122878,0.6370000008314272
2,3,2,True,1,0.3499999940395355,0.33766916394233704,0.5855909908654705,0.5799999977030665
1,1,1,True,0,0.5,0.2717401087284088,0.658077503034407,0.5509999944515519
3,2,3,True,1,0.6499999761581421,0.4439556896686554,0.7395366334422223,0.6299999975354973
2,1,2,True,1,0.5,0.4920111894607544,0.658077503034407,0.6540000026505938
2,2,2,True,0,0.6499999761581421,0.4295942783355713,0.7395366334422223,0.6230000066815589
1,1,1,True,0,0.5,0.3769524097442627,0.658077503034407,0.5980000036639656
1,2,1,True,0,0.8999999761581421,0.5830463767051697,0.8983194123648568,0.7020000080067311
1,2,1,True,0,0.6499999761581421,0.419236958026886,0.7395366334422223,0.6179999993857016
3,0,3,True,1,0.550000011920929,0.4761914908885956,0.6841814055442375,0.6460000047372518
3,2,2,False,1,0.6000000238418579,0.2810373306274414,0.7113207692620573,0.5549999965892977
3,1,3,True,0,0.44999998807907104,0.24582049250602722,0.6329695552826582,0.5400000017738655
1,2,1,True,0,0.699999988079071,0.6731892228126526,0.768871768122878,0.7529999995792407
1,1,1,True,0,0.5,0.23386380076408386,0.658077503034407,0.5349999999477194
2,1,2,True,1,0.4000000059604645,0.3618179261684418,0.6088195772640365,0.591000000410564
2,2,2,True,1,0.699999988079071,0.5115158557891846,0.768871768122878,0.663999988738256
0,0,0,True,0,0.550000011920929,0.15203088521957397,0.6841814055442375,0.5020000018747375
0,2,0,True,0,0.6499999761581421,0.5608848929405212,0.7395366334422223,0.6900000116606454
0,2,0,True,1,0.699999988079071,0.7348437905311584,0.768871768122878,0.7899999991132267
1,2,1,True,1,0.800000011920929,0.3596412241458893,0.8310790978922871,0.5899999944934109
1,2,1,True,0,0.699999988079071,0.31756794452667236,0.768871768122878,0.5709999943657259
2,2,2,True,1,0.699999988079071,0.35527676343917847,0.768871768122878,0.5879999979029831
1,1,1,True,1,0.5,0.4398687779903412,0.658077503034407,0.6280000006288825
2,2,2,True,1,0.8500000238418579,0.5552842617034912,0.8640454394695402,0.6869999924912059
2,2,2,True,1,0.699999988079071,0.48412567377090454,0.768871768122878,0.6500000013936217
3,2,3,True,0,0.800000011920929,0.24582049250602722,0.8310790978922871,0.5400000017738655
3,1,3,True,1,0.5,0.4520907402038574,0.658077503034407,0.6339999946097808
1,3,1,True,1,0.3499999940395355,0.4295942783355713,0.5855909908654705,0.6230000066815589
2,1,2,True,0,0.5,0.29256507754325867,0.658077503034407,0.5599999986660849
0,0,3,False,1,0.550000011920929,0.19731153547763824,0.6841814055442375,0.5199999990084729
2,2,2,True,1,0.6499999761581421,0.5976111888885498,0.7395366334422223,0.7099999849109374
1,3,1,True,0,0.3499999940395355,0.4045950770378113,0.5855909908654705,0.6110000023402741
3,1,3,True,1,0.4000000059604645,0.35527676343917847,0.6088195772640365,0.5879999979029831
1,1,3,False,1,0.5,0.3618179261684418,0.658077503034407,0.591000000410564
1,1,1,True,1,0.5,0.40248969197273254,0.658077503034407,0.6100000002618106
2,2,2,True,0,0.6499999761581421,0.3618179261684418,0.7395366334422223,0.591000000410564
0,2,0,True,0,0.8999999761581421,0.28335118293762207,0.8983194123648568,0.5560000043586534
1,2,1,True,0,0.75,0.4419138729572296,0.7993705370142242,0.6290000063056567
1,2,1,True,1,0.6000000238418579,0.5477786660194397,0.7113207692620573,0.6830000081040974
2,2,2,True,1,0.6499999761581421,0.5646051168441772,0.7395366334422223,0.6920000145544056
1,0,1,True,1,0.6000000238418579,0.37264642119407654,0.7113207692620573,0.5960000009269539
2,0,2,True,1,0.6000000238418579,0.48610159754753113,0.7113207692620573,0.651000004150087
2,1,1,False,1,0.5,0.5037494897842407,0.658077503034407,0.6600000042038996
3,1,3,True,0,0.44999998807907104,0.38338443636894226,0.6329695552826582,0.6009999943513901
2,0,2,True,0,0.550000011920929,0.3153149485588074,0.6841814055442375,0.5699999949628566
3,2,3,True,0,0.6499999761581421,0.5115158557891846,0.7395366334422223,0.663999988738256
1,2,1,True,1,0.8999999761581421,0.6244832873344421,0.8983194123648568,0.7249999916605938
3,2,3,True,0,0.6499999761581421,0.3876546621322632,0.7395366334422223,0.6029999976780734
0,2,0,True,0,0.6499999761581421,0.9960227012634277,0.7395366334422223,0.9680000122967349
1,2,1,True,1,0.6499999761581421,0.5421205163002014,0.7395366334422223,0.6799999933743011
2,0,2,True,0,0.550000011920929,0.22179484367370605,0.6841814055442375,0.530000000488792
2,0,2,True,1,0.550000011920929,0.34870216250419617,0.6841814055442375,0.5850000047715612
2,2,2,True,0,0.699999988079071,0.29256507754325867,0.768871768122878,0.5599999986660849
0,0,0,True,0,0.550000011920929,0.42131510376930237,0.6841814055442375,0.6189999980109001
0,1,0,True,0,0.5,0.35308897495269775,0.658077503034407,0.587000005058579
0,2,0,True,0,0.6499999761581421,0.6901463866233826,0.7395366334422223,0.7629999976011663
1,0,1,True,0,0.550000011920929,0.2553063929080963,0.6841814055442375,0.5439999988025059
0,2,0,True,0,0.699999988079071,0.3855213224887848,0.768871768122878,0.6019999959607932
3,2,3,True,0,1.0,0.43165573477745056,0.971,0.6239999936034302
1,1,3,False,0,0.5,0.4722059369087219,0.658077503034407,0.6439999961737441
3,2,3,True,0,0.6000000238418579,0.2694052755832672,0.7113207692620573,0.5500000017162529
2,2,2,True,1,0.6499999761581421,0.3596412241458893,0.7395366334422223,0.5899999944934109
1,2,1,True,1,0.6000000238418579,0.4761914908885956,0.7113207692620573,0.6460000047372518
3,3,3,True,0,0.30000001192092896,0.30171340703964233,0.5632486689650297,0.5639999994126826
3,2,3,True,0,0.699999988079071,0.23386380076408386,0.768871768122878,0.5349999999477194
2,3,0,False,1,0.30000001192092896,0.39191073179244995,0.5632486689650297,0.6049999933638269
2,1,2,True,0,0.44999998807907104,0.24819853901863098,0.6329695552826582,0.5410000011131741
2,2,1,False,1,0.8500000238418579,0.33988335728645325,0.8640454394695402,0.5810000010414563
3,1,3,True,1,0.5,0.501800537109375,0.658077503034407,0.6590000046509626
2,2,2,True,1,0.75,0.5421205163002014,0.7993705370142242,0.6799999933743011
2,0,2,True,1,0.550000011920929,0.40248969197273254,0.6841814055442375,0.6100000002618106
3,2,3,True,1,0.8999999761581421,0.31756794452667236,0.8983194123648568,0.5709999943657259
0,2,0,True,0,1.0,0.29485827684402466,0.971,0.561000001187531
0,2,0,True,1,0.6499999761581421,0.33766916394233704,0.7395366334422223,0.5799999977030665
2,2,2,True,1,0.6000000238418579,0.4275294840335846,0.7113207692620573,0.6220000070202574
1,2,1,True,1,0.6499999761581421,0.34209373593330383,0.7395366334422223,0.5820000012303785
1,2,1,True,1,0.6499999761581421,0.29256507754325867,0.7395366334422223,0.5599999986660849
0,2,0,True,0,0.699999988079071,0.2717401087284088,0.768871768122878,0.5509999944515519
3,2,3,True,0,0.6000000238418579,0.2810373306274414,0.7113207692620573,0.5549999965892977
3,2,3,True,1,0.6499999761581421,0.4398687779903412,0.7395366334422223,0.6280000006288825
3,2,3,True,1,0.6000000238418579,0.3961527645587921,0.7113207692620573,0.6069999935530198
1,1,1,True,1,0.44999998807907104,0.4581584334373474,0.6329695552826582,0.6370000008314272
0,2,1,False,1,0.949999988079071,0.6173721551895142,0.9339529695901586,0.7209999940943931
3,0,3,True,0,0.550000011920929,0.3618179261684418,0.6841814055442375,0.591000000410564
1,0,1,True,1,0.550000011920929,0.9024023413658142,0.6841814055442375,0.8999999936812267
3,2,3,True,1,1.0,0.5848760008811951,0.971,0.7029999894420969
3,2,3,True,1,0.6000000238418579,0.5793792009353638,0.7113207692620573,0.6999999930529267
3,2,0,False,1,0.6000000238418579,0.28566086292266846,0.7113207692620573,0.5570000058769908
0,0,0,True,0,0.6000000238418579,0.27407073974609375,0.7113207692620573,0.5520000006930108
2,0,2,True,1,0.550000011920929,0.4621877074241638,0.6841814055442375,0.6390000050779484
0,1,0,True,0,0.5,0.3130580186843872,0.658077503034407,0.5690000053822707
0,2,0,True,1,0.6499999761581421,0.5115158557891846,0.7395366334422223,0.663999988738256
2,3,1,False,1,0.30000001192092896,0.3961527645587921,0.5632486689650297,0.6069999935530198
3,2,3,True,0,0.75,0.3812440037727356,0.7993705370142242,0.599999998363473
2,0,2,True,0,0.550000011920929,0.3961527645587921,0.6841814055442375,0.6069999935530198
0,1,0,True,1,0.5,0.3812440037727356,0.658077503034407,0.599999998363473
3,1,3,True,0,0.4000000059604645,0.5037494897842407,0.6088195772640365,0.6600000042038996
3,2,1,False,1,1.0,0.3596412241458893,0.971,0.5899999944934109
3,1,3,True,0,0.4000000059604645,0.5249951481819153,0.6088195772640365,0.6709999908340439
1,3,1,True,0,0.30000001192092896,0.43165573477745056,0.5632486689650297,0.6239999936034302
0,1,0,True,1,0.44999998807907104,0.3596412241458893,0.6329695552826582,0.5899999944934109
2,2,2,True,0,1.0,0.3574608564376831,0.971,0.5890000008539068
0,2,0,True,0,0.6499999761581421,0.4581584334373474,0.7395366334422223,0.6370000008314272
2,2,2,True,0,0.8500000238418579,0.4439556896686554,0.8640454394695402,0.6299999975354973
0,2,0,True,1,1.0,0.28566086292266846,0.971,0.5570000058769908
1,2,1,True,0,0.6499999761581421,0.4581584334373474,0.7395366334422223,0.6370000008314272
2,0,2,True,1,0.6000000238418579,0.419236958026886,0.7113207692620573,0.6179999993857016
3,1,3,True,1,0.44999998807907104,0.6680581569671631,0.6329695552826582,0.750000009687365
3,0,3,True,0,0.550000011920929,0.29256507754325867,0.6841814055442375,0.5599999986660849
3,2,3,True,0,0.6000000238418579,0.24343803524971008,0.7113207692620573,0.5390000012298091
0,2,0,True,0,0.699999988079071,0.31756794452667236,0.768871768122878,0.5709999943657259
2,2,2,True,0,0.6499999761581421,0.38338443636894226,0.7395366334422223,0.6009999943513901
0,3,0,True,0,0.25,0.38338443636894226,0.5417587713672438,0.6009999943513901
0,0,0,True,0,0.6000000238418579,0.25057220458984375,0.7113207692620573,0.5420000049430272
1,2,3,False,0,0.6499999761581421,0.29256507754325867,0.7395366334422223,0.5599999986660849
1,2,1,True,1,0.75,0.501800537109375,0.7993705370142242,0.6590000046509626
3,1,3,True,0,0.44999998807907104,0.31756794452667236,0.6329695552826582,0.5709999943657259
1,2,1,True,1,0.699999988079071,0.3354511559009552,0.768871768122878,0.5789999971512589
3,2,3,True,0,0.6499999761581421,0.24582049250602722,0.7395366334422223,0.5400000017738655
2,2,2,True,0,0.6000000238418579,0.49789372086524963,0.7113207692620573,0.6569999938720841
0,0,0,True,1,0.6000000238418579,0.21449869871139526,0.7113207692620573,0.5270000017425633
3,2,3,True,0,0.6000000238418579,0.3812440037727356,0.7113207692620573,0.599999998363473
0,3,0,True,0,0.25,0.3153149485588074,0.5417587713672438,0.5699999949628566
0,1,0,True,0,0.4000000059604645,0.25057220458984375,0.6088195772640365,0.5420000049430272
2,2,2,True,0,0.6000000238418579,0.4682080149650574,0.7113207692620573,0.642000002023176
2,2,2,True,1,0.6499999761581421,0.36832594871520996,0.7395366334422223,0.5939999935821837
3,1,3,True,0,0.4000000059604645,0.13657577335834503,0.6088195772640365,0.49600000174021064
1,0,1,True,1,0.550000011920929,0.42338991165161133,0.6841814055442375,0.6200000046867694
2,2,2,True,0,0.949999988079071,0.42338991165161133,0.9339529695901586,0.6200000046867694
2,1,2,True,0,0.44999998807907104,0.3220621347427368,0.6329695552826582,0.5729999981902032
2,2,2,True,1,0.8999999761581421,0.523078203201294,0.8983194123648568,0.6700000089266277
2,0,2,True,1,0.550000011920929,0.6209326386451721,0.6841814055442375,0.722999992643757
3,1,3,True,1,0.5,0.5173100233078003,0.658077503034407,0.6669999949844069
1,2,1,True,0,0.8500000238418579,0.4641976058483124,0.8640454394695402,0.6400000013129329
2,2,2,True,1,0.6499999761581421,0.3153149485588074,0.7395366334422223,0.5699999949628566
2,2,2,True,0,0.8500000238418579,0.5738587975502014,0.8640454394695402,0.6969999993252933
1,2,1,True,0,0.800000011920929,0.33766916394233704,0.8310790978922871,0.5799999977030665
1,2,1,True,0,0.699999988079071,0.6508050560951233,0.768871768122878,0.7399999934074837
2,2,2,True,0,0.75,0.5793792009353638,0.7993705370142242,0.6999999930529267
1,1,1,True,1,0.5,0.5534119606018066,0.658077503034407,0.6859999926164443
2,2,2,True,0,0.6000000238418579,0.308532178401947,0.7113207692620573,0.5670000011910246
2,1,2,True,1,0.5,0.38338443636894226,0.658077503034407,0.6009999943513901
3,1,3,True,1,0.4000000059604645,0.35308897495269775,0.6088195772640365,0.587000005058579
1,1,1,True,1,0.5,0.7018846869468689,0.658077503034407,0.7699999993629786
1,2,3,False,1,0.8999999761581421,0.2694052755832672,0.8983194123648568,0.5500000017162529
3,2,3,True,1,0.699999988079071,0.8137234449386597,0.768871768122878,0.8400000138693455
1,1,1,True,0,0.5,0.42338991165161133,0.658077503034407,0.6200000046867694
0,2,0,True,0,0.699999988079071,0.3639909327030182,0.768871768122878,0.5919999991910871
0,1,0,True,1,0.44999998807907104,0.5383345484733582,0.6329695552826582,0.677999992582976
2,0,2,True,1,0.550000011920929,0.46017464995384216,0.6841814055442375,0.6380000032773165
0,1,0,True,1,0.44999998807907104,0.3961527645587921,0.6329695552826582,0.6069999935530198
1,0,1,True,0,0.6000000238418579,0.2694052755832672,0.7113207692620573,0.5500000017162529
1,2,1,True,0,1.0,0.35527676343917847,0.971,0.5879999979029831
1,1,1,True,1,0.5,0.419236958026886,0.658077503034407,0.6179999993857016
3,2,3,True,0,0.6499999761581421,0.48412567377090454,0.7395366334422223,0.6500000013936217
0,2,0,True,1,0.6000000238418579,0.40248969197273254,0.7113207692620573,0.6100000002618106
1,2,1,True,0,0.75,0.24582049250602722,0.7993705370142242,0.5400000017738655
2,2,3,False,1,0.75,0.27407073974609375,0.7993705370142242,0.5520000006930108
2,3,2,True,0,0.3499999940395355,0.308532178401947,0.5855909908654705,0.5670000011910246
0,2,0,True,0,0.75,0.32654064893722534,0.7993705370142242,0.5749999945167829
0,1,0,True,0,0.5,0.1748705953359604,0.658077503034407,0.5109999996742717
2,2,2,True,0,0.800000011920929,0.4150705635547638,0.8310790978922871,0.6160000041365007
0,1,0,True,0,0.4000000059604645,0.4439556896686554,0.6088195772640365,0.6299999975354973
3,0,3,True,1,0.550000011920929,0.42338991165161133,0.6841814055442375,0.6200000046867694
0,1,0,True,0,0.5,0.40248969197273254,0.658077503034407,0.6100000002618106
3,0,3,True,0,0.550000011920929,0.4275294840335846,0.6841814055442375,0.6220000070202574
3,2,3,True,1,0.949999988079071,0.4150705635547638,0.9339529695901586,0.6160000041365007
2,2,2,True,0,0.949999988079071,0.48412567377090454,0.9339529695901586,0.6500000013936217
1,2,1,True,0,0.699999988079071,0.6155881881713867,0.768871768122878,0.7199999836812788
1,0,3,False,0,0.550000011920929,0.40248969197273254,0.6841814055442375,0.6100000002618106
3,2,3,True,0,0.6499999761581421,0.5173100233078003,0.7395366334422223,0.6669999949844069
2,1,2,True,1,0.5,0.33766916394233704,0.658077503034407,0.5799999977030665
3,1,3,True,1,0.44999998807907104,0.5421205163002014,0.6329695552826582,0.6799999933743011
3,2,3,True,0,1.0,0.22179484367370605,0.971,0.530000000488792
3,2,3,True,0,0.800000011920929,0.2193673849105835,0.8310790978922871,0.5289999970624468
1,0,1,True,0,0.550000011920929,0.22179484367370605,0.6841814055442375,0.530000000488792
3,2,3,True,1,0.6499999761581421,0.601226806640625,0.7395366334422223,0.7120000107926829
2,1,2,True,1,0.44999998807907104,0.523078203201294,0.6329695552826582,0.6700000089266277
2,0,2,True,1,0.6000000238418579,0.3596412241458893,0.7113207692620573,0.5899999944934109
2,1,2,True,1,0.5,0.3812440037727356,0.658077503034407,0.599999998363473
3,2,3,True,0,0.800000011920929,0.24819853901863098,0.8310790978922871,0.5410000011131741
1,2,1,True,0,0.800000011920929,0.44802966713905334,0.8310790978922871,0.6320000040573776
3,0,3,True,0,0.6000000238418579,0.39826855063438416,0.7113207692620573,0.6079999975326807
2,2,2,True,1,0.6000000238418579,0.7843165397644043,0.7113207692620573,0.8210000046306121
2,1,2,True,0,0.44999998807907104,0.4581584334373474,0.6329695552826582,0.6370000008314272
1,0,1,True,1,0.6000000238418579,0.4939750134944916,0.7113207692620573,0.6549999932755893
1,2,1,True,0,0.6499999761581421,0.24343803524971008,0.7395366334422223,0.5390000012298091
0,2,0,True,0,0.6499999761581421,0.48016470670700073,0.7395366334422223,0.6480000042340459
3,2,3,True,1,1.0,0.5211583375930786,0.971,0.6689999971277729
2,1,2,True,0,0.44999998807907104,0.31756794452667236,0.6329695552826582,0.5709999943657259
2,0,2,True,0,0.550000011920929,0.31756794452667236,0.6841814055442375,0.5709999943657259
3,2,3,True,1,0.800000011920929,0.29485827684402466,0.8310790978922871,0.561000001187531
0,2,0,True,0,1.0,0.6030307412147522,0.971,0.7129999863200077
3,2,3,True,1,0.6000000238418579,0.4500617980957031,0.7113207692620573,0.632999994670712
0,1,0,True,0,0.4000000059604645,0.6102214455604553,0.6088195772640365,0.7169999875646331
0,1,0,True,1,0.44999998807907104,0.40248969197273254,0.6329695552826582,0.6100000002618106
1,0,1,True,1,0.550000011920929,0.6030307412147522,0.6841814055442375,0.7129999863200077
3,2,3,True,1,0.6000000238418579,0.3639909327030182,0.7113207692620573,0.5919999991910871
2,2,2,True,0,0.6499999761581421,0.3855213224887848,0.7395366334422223,0.6019999959607932
3,2,3,True,0,0.75,0.19731153547763824,0.7993705370142242,0.5199999990084729
3,1,0,False,0,0.5,0.42338991165161133,0.658077503034407,0.6200000046867694
2,1,2,True,0,0.44999998807907104,0.21205741167068481,0.6329695552826582,0.5259999997071105
1,2,1,True,0,0.6499999761581421,0.4108906090259552,0.7395366334422223,0.6140000037210799
1,3,1,True,1,0.30000001192092896,0.5037494897842407,0.5632486689650297,0.6600000042038996
3,2,0,False,1,0.6499999761581421,0.306263267993927,0.7395366334422223,0.565999999023059
3,2,3,True,0,0.699999988079071,0.17235280573368073,0.768871768122878,0.5100000023525977
0,2,0,True,1,0.699999988079071,0.33988335728645325,0.768871768122878,0.5810000010414563
1,2,1,True,1,0.949999988079071,0.14432655274868011,0.9339529695901586,0.498999999553165
1,1,1,True,0,0.4000000059604645,0.49004432559013367,0.6088195772640365,0.6529999943573211
2,2,2,True,0,0.75,0.18987467885017395,0.7993705370142242,0.5170000024850443
3,0,3,True,0,0.550000011920929,0.36832594871520996,0.6841814055442375,0.5939999935821837
2,1,2,True,1,0.5,0.3855213224887848,0.658077503034407,0.6019999959607932
1,2,0,False,1,0.8999999761581421,0.42338991165161133,0.8983194123648568,0.6200000046867694
2,2,2,True,1,0.6000000238418579,0.39826855063438416,0.7113207692620573,0.6079999975326807
1,1,1,True,0,0.4000000059604645,0.42131510376930237,0.6088195772640365,0.6189999980109001
2,2,2,True,0,0.6499999761581421,0.29026779532432556,0.7395366334422223,0.559000002995557
3,2,3,True,0,0.6499999761581421,0.40248969197273254,0.7395366334422223,0.6100000002618106
1,1,1,True,1,0.5,0.3198170065879822,0.658077503034407,0.5719999974815364
1,0,1,True,0,0.6000000238418579,0.3465031087398529,0.7113207692620573,0.5839999954464355
0,1,0,True,0,0.5,0.29256507754325867,0.658077503034407,0.5599999986660849
3,1,3,True,0,0.44999998807907104,0.23626405000686646,0.6329695552826582,0.5359999987561012
2,2,2,True,1,0.800000011920929,0.5830463767051697,0.8310790978922871,0.7020000080067311
0,2,0,True,0,0.6499999761581421,0.4150705635547638,0.7395366334422223,0.6160000041365007
0,2,0,True,1,1.0,0.42338991165161133,0.971,0.6200000046867694
2,2,2,True,1,0.6499999761581421,0.6542742848396301,0.7395366334422223,0.7420000149594025
2,0,2,True,1,0.550000011920929,0.6508050560951233,0.6841814055442375,0.7399999934074837
2,2,2,True,0,0.6499999761581421,0.9718968272209167,0.7395366334422223,0.9500000038413646
2,1,2,True,0,0.44999998807907104,0.44802966713905334,0.6329695552826582,0.6320000040573776
3,2,3,True,0,0.75,0.6663432121276855,0.7993705370142242,0.7489999969699348
1,0,1,True,0,0.550000011920929,0.09710486978292465,0.6841814055442375,0.4810000002270129
0,1,1,False,1,0.4000000059604645,0.7843165397644043,0.6088195772640365,0.8210000046306121
0,1,0,True,0,0.5,0.40248969197273254,0.658077503034407,0.6100000002618106
2,0,2,True,1,0.550000011920929,0.48412567377090454,0.6841814055442375,0.6500000013936217
0,0,0,True,1,0.550000011920929,0.40669700503349304,0.6841814055442375,0.6119999977165095
3,1,3,True,1,0.44999998807907104,0.7184698581695557,0.6329695552826582,0.7799999861212166
0,1,0,True,0,0.5,0.29026779532432556,0.658077503034407,0.559000002995557
0,3,0,True,0,0.3499999940395355,0.5830463767051697,0.5855909908654705,0.7020000080067311
3,1,3,True,1,0.5,0.4959358870983124,0.658077503034407,0.6560000071025891
3,2,3,True,1,0.699999988079071,0.27407073974609375,0.768871768122878,0.5520000006930108
3,1,3,True,1,0.5,0.4150705635547638,0.658077503034407,0.6160000041365007
1,0,1,True,0,0.550000011920929,0.46620437502861023,0.6841814055442375,0.6410000019167172
3,1,3,True,0,0.44999998807907104,0.19235841929912567,0.6329695552826582,0.5180000030009603
0,1,0,True,1,0.44999998807907104,0.4500617980957031,0.6329695552826582,0.632999994670712
3,2,3,True,1,0.75,0.4439556896686554,0.7993705370142242,0.6299999975354973
0,0,0,True,0,0.550000011920929,0.33988335728645325,0.6841814055442375,0.5810000010414563
2,2,2,True,1,0.800000011920929,0.45613905787467957,0.8310790978922871,0.6360000026529686
1,2,1,True,0,1.0,0.3153149485588074,0.971,0.5699999949628566
1,1,1,True,1,0.44999998807907104,0.6155881881713867,0.6329695552826582,0.7199999836812788
3,1,0,False,1,0.44999998807907104,0.4641976058483124,0.6329695552826582,0.6400000013129329
3,2,3,True,1,1.0,0.2242177128791809,0.971,0.5309999982366974
3,2,3,True,1,0.949999988079071,0.3153149485588074,0.9339529695901586,0.5699999949628566
0,0,0,True,0,0.550000011920929,0.48016470670700073,0.6841814055442375,0.6480000042340459
1,0,1,True,0,0.550000011920929,0.33766916394233704,0.6841814055442375,0.5799999977030665
0,1,0,True,0,0.5,0.3596412241458893,0.658077503034407,0.5899999944934109
3,0,3,True,0,0.550000011920929,0.3596412241458893,0.6841814055442375,0.5899999944934109
1,2,1,True,1,1.0,0.4581584334373474,0.971,0.6370000008314272
1,2,1,True,0,0.800000011920929,0.4959358870983124,0.8310790978922871,0.6560000071025891
2,2,2,True,1,0.800000011920929,0.3618179261684418,0.8310790978922871,0.591000000410564
3,1,3,True,1,0.44999998807907104,0.3130580186843872,0.6329695552826582,0.5690000053822707
3,2,3,True,1,1.0,0.3812440037727356,0.971,0.599999998363473
0,2,0,True,1,0.6499999761581421,0.3354511559009552,0.7395366334422223,0.5789999971512589
3,0,3,True,0,0.550000011920929,0.40038084983825684,0.6841814055442375,0.6089999968669422
3,2,3,True,0,0.75,0.5830463767051697,0.7993705370142242,0.7020000080067311
3,1,3,True,1,0.5,0.5458953976631165,0.658077503034407,0.6820000113596617
3,2,3,True,1,1.0,0.3596412241458893,0.971,0.5899999944934109
1,3,1,True,1,0.3499999940395355,0.3596412241458893,0.5855909908654705,0.5899999944934109
3,2,3,True,1,0.75,0.27871933579444885,0.7993705370142242,0.5540000019118512
0,0,0,True,1,0.550000011920929,0.3596412241458893,0.6841814055442375,0.5899999944934109
2,1,2,True,1,0.5,0.4682080149650574,0.658077503034407,0.642000002023176
3,2,3,True,1,0.75,0.8045095205307007,0.7993705370142242,0.8340000029573562
1,2,1,True,1,0.800000011920929,0.2717401087284088,0.8310790978922871,0.5509999944515519
1,2,1,True,0,0.6000000238418579,0.6816957592964172,0.7113207692620573,0.7579999931177763
0,2,0,True,1,0.6000000238418579,0.308532178401947,0.7113207692620573,0.5670000011910246
2,1,2,True,0,0.5,0.2694052755832672,0.658077503034407,0.5500000017162529
2,2,2,True,0,0.75,0.3443003296852112,0.7993705370142242,0.5830000058412748
2,1,2,True,1,0.5,0.3310036361217499,0.658077503034407,0.5770000013431426
0,2,0,True,1,0.6000000238418579,0.4939750134944916,0.7113207692620573,0.6549999932755893
2,0,2,True,0,0.550000011920929,0.3198170065879822,0.6841814055442375,0.5719999974815364
1,1,1,True,0,0.5,0.34209373593330383,0.658077503034407,0.5820000012303785
1,2,1,True,1,0.6000000238418579,0.46620437502861023,0.7113207692620573,0.6410000019167172
3,2,3,True,0,0.6499999761581421,0.3310036361217499,0.7395366334422223,0.5770000013431426
0,0,0,True,1,0.6000000238418579,0.4959358870983124,0.7113207692620573,0.6560000071025891
3,1,2,False,1,0.44999998807907104,0.39826855063438416,0.6329695552826582,0.6079999975326807
1,2,1,True,1,0.699999988079071,0.43576881289482117,0.768871768122878,0.625999995435672
0,0,0,True,1,0.550000011920929,0.48412567377090454,0.6841814055442375,0.6500000013936217
0,2,0,True,1,0.6000000238418579,0.33322933316230774,0.7113207692620573,0.5780000053118328
2,3,2,True,0,0.25,0.34209373593330383,0.5417587713672438,0.5820000012303785
3,2,3,True,1,0.6499999761581421,0.21449869871139526,0.7395366334422223,0.5270000017425633
1,1,1,True,0,0.44999998807907104,0.40248969197273254,0.6329695552826582,0.6100000002618106
0,2,0,True,0,0.75,0.5037494897842407,0.7993705370142242,0.6600000042038996
2,1,2,True,1,0.5,0.45613905787467957,0.658077503034407,0.6360000026529686
0,2,0,True,1,1.0,0.32654064893722534,0.971,0.5749999945167829
3,2,3,True,1,0.699999988079071,0.3812440037727356,0.768871768122878,0.599999998363473
0,0,0,True,1,0.550000011920929,0.40248969197273254,0.6841814055442375,0.6100000002618106
0,0,0,True,0,0.6000000238418579,0.3153149485588074,0.7113207692620573,0.5699999949628566
1,2,1,True,0,0.75,0.4821467101573944,0.7993705370142242,0.6489999998467633
2,2,2,True,1,1.0,0.36832594871520996,0.971,0.5939999935821837
1,2,1,True,0,0.699999988079071,0.4581584334373474,0.768871768122878,0.6370000008314272
0,0,0,True,0,0.550000011920929,0.42131510376930237,0.6841814055442375,0.6189999980109001
3,0,3,True,0,0.550000011920929,0.14946790039539337,0.6841814055442375,0.5010000004429338
3,2,3,True,1,0.800000011920929,0.46620437502861023,0.8310790978922871,0.6410000019167172
0,2,0,True,0,0.699999988079071,0.5076385736465454,0.768871768122878,0.6620000145171903
0,2,0,True,1,0.699999988079071,0.40248969197273254,0.768871768122878,0.6100000002618106
2,1,2,True,0,0.5,0.42338991165161133,0.658077503034407,0.6200000046867694
3,1,3,True,0,0.5,0.40248969197273254,0.658077503034407,0.6100000002618106
3,2,3,True,0,0.6000000238418579,0.3639909327030182,0.7113207692620573,0.5919999991910871
3,1,3,True,1,0.5,0.3961527645587921,0.658077503034407,0.6069999935530198
1,2,1,True,1,0.8500000238418579,0.29256507754325867,0.8640454394695402,0.5599999986660849
2,1,2,True,1,0.5,0.24105115234851837,0.658077503034407,0.5380000001029064
1,2,1,True,0,1.0,0.2994324266910553,0.971,0.5630000013857446
3,0,3,True,0,0.550000011920929,0.3596412241458893,0.6841814055442375,0.5899999944934109
1,1,1,True,0,0.4000000059604645,0.35308897495269775,0.6088195772640365,0.587000005058579
2,2,2,True,1,0.6000000238418579,0.523078203201294,0.7113207692620573,0.6700000089266277
3,2,3,True,1,0.8999999761581421,0.29256507754325867,0.8983194123648568,0.5599999986660849
0,2,0,True,1,0.6000000238418579,0.6850826740264893,0.7113207692620573,0.7599999911836276
1,0,1,True,1,0.550000011920929,0.29256507754325867,0.6841814055442375,0.5599999986660849
3,3,1,False,1,0.30000001192092896,0.4439556896686554,0.5632486689650297,0.6299999975354973
1,2,1,True,1,0.6499999761581421,0.20961149036884308,0.7395366334422223,0.5250000023269161
2,2,2,True,1,0.75,0.34870216250419617,0.7993705370142242,0.5850000047715612
2,1,2,True,0,0.4000000059604645,0.38338443636894226,0.6088195772640365,0.6009999943513901
2,2,2,True,1,0.75,0.5552842617034912,0.7993705370142242,0.6869999924912059
0,0,0,True,0,0.550000011920929,0.33766916394233704,0.6841814055442375,0.5799999977030665
3,1,3,True,1,0.44999998807907104,0.6611846685409546,0.6329695552826582,0.7459999952140282
0,1,0,True,0,0.5,0.36832594871520996,0.658077503034407,0.5939999935821837
3,2,0,False,1,0.699999988079071,0.3596412241458893,0.768871768122878,0.5899999944934109
3,2,3,True,0,0.6499999761581421,0.5608848929405212,0.7395366334422223,0.6900000116606454
3,1,3,True,1,0.44999998807907104,0.4337139427661896,0.6329695552826582,0.6250000060421259
0,1,0,True,0,0.5,0.2694052755832672,0.658077503034407,0.5500000017162529
0,1,0,True,0,0.5,0.19731153547763824,0.658077503034407,0.5199999990084729
3,0,3,True,0,0.550000011920929,0.29256507754325867,0.6841814055442375,0.5599999986660849
2,2,2,True,1,0.699999988079071,0.3574608564376831,0.768871768122878,0.5890000008539068
2,2,2,True,0,0.6499999761581421,0.25294145941734314,0.7395366334422223,0.542999993858368
2,0,2,True,1,0.6000000238418579,0.5515369176864624,0.7113207692620573,0.6849999871350084
0,2,0,True,1,0.800000011920929,0.19731153547763824,0.8310790978922871,0.5199999990084729
3,1,1,False,0,0.44999998807907104,0.2994324266910553,0.6329695552826582,0.5630000013857446
0,2,0,True,0,0.8500000238418579,0.5812140703201294,0.8640454394695402,0.7009999861602607
1,1,1,True,1,0.4000000059604645,0.328774094581604,0.6088195772640365,0.5760000046448289
3,2,3,True,0,0.6000000238418579,0.33988335728645325,0.7113207692620573,0.5810000010414563
0,1,0,True,0,0.5,0.3153149485588074,0.658077503034407,0.5699999949628566
2,2,2,True,1,0.8500000238418579,0.3661602735519409,0.8640454394695402,0.592999998817374
1,1,1,True,0,0.44999998807907104,0.42338991165161133,0.6329695552826582,0.6200000046867694
3,2,3,True,1,0.75,0.4722059369087219,0.7993705370142242,0.6439999961737441
3,2,0,False,0,0.6499999761581421,0.27407073974609375,0.7395366334422223,0.5520000006930108
3,2,3,True,0,0.699999988079071,0.2694052755832672,0.768871768122878,0.5500000017162529
3,1,3,True,0,0.44999998807907104,0.3855213224887848,0.6329695552826582,0.6019999959607932
2,0,2,True,0,0.550000011920929,0.28796637058258057,0.6841814055442375,0.5579999946350287
3,1,3,True,1,0.5,0.4295942783355713,0.658077503034407,0.6230000066815589
3,0,3,True,0,0.6000000238418579,0.33988335728645325,0.7113207692620573,0.5810000010414563
3,2,3,True,1,0.6000000238418579,0.3748012185096741,0.7113207692620573,0.5970000022301625
1,1,1,True,1,0.5,0.4398687779903412,0.658077503034407,0.6280000006288825
2,2,2,True,1,0.8500000238418579,0.5421205163002014,0.8640454394695402,0.6799999933743011
2,2,2,True,0,0.699999988079071,0.4439556896686554,0.768871768122878,0.6299999975354973
1,1,1,True,1,0.5,0.4742002487182617,0.658077503034407,0.6449999954493963
2,2,2,True,0,0.800000011920929,0.5269092917442322,0.8310790978922871,0.672000000582687
0,2,0,True,1,1.0,0.4045950770378113,0.971,0.6110000023402741
3,1,3,True,1,0.5,0.3596412241458893,0.658077503034407,0.5899999944934109
1,1,1,True,1,0.5,0.6084275841712952,0.658077503034407,0.7160000133544392
2,2,2,True,0,1.0,0.5957996249198914,0.971,0.7090000084138519
3,3,3,True,0,0.3499999940395355,0.1545887589454651,0.5855909908654705,0.5029999991504043
2,1,2,True,1,0.5,0.7299534678459167,0.658077503034407,0.7869999906465494
3,1,3,True,1,0.5,0.5037494897842407,0.658077503034407,0.6600000042038996
2,2,2,True,1,0.6000000238418579,0.43165573477745056,0.7113207692620573,0.6239999936034302
3,1,3,True,1,0.5,0.12877796590328217,0.658077503034407,0.49300000166646407
2,2,2,True,0,0.8999999761581421,0.24582049250602722,0.8983194123648568,0.5400000017738655
1,2,1,True,1,0.6000000238418579,0.3198170065879822,0.7113207692620573,0.5719999974815364
3,2,3,True,1,0.6000000238418579,0.6315553188323975,0.7113207692620573,0.7290000036479916
2,2,2,True,1,0.949999988079071,0.5173100233078003,0.9339529695901586,0.6669999949844069
0,2,0,True,1,0.75,0.5345374345779419,0.7993705370142242,0.6760000120375971
3,0,3,True,1,0.550000011920929,0.48016470670700073,0.6841814055442375,0.6480000042340459
2,1,2,True,1,0.5,0.5921686887741089,0.658077503034407,0.7069999836614034
1,1,1,True,0,0.5,0.29485827684402466,0.658077503034407,0.561000001187531
3,2,3,True,0,0.699999988079071,0.27871933579444885,0.768871768122878,0.5540000019118512
3,0,3,True,0,0.550000011920929,0.7827500104904175,0.6841814055442375,0.820000002693469
3,1,3,True,1,0.5,0.3812440037727356,0.658077503034407,0.599999998363473
2,1,2,True,1,0.4000000059604645,0.4682080149650574,0.6088195772640365,0.642000002023176
0,2,0,True,1,0.75,0.7843165397644043,0.7993705370142242,0.8210000046306121
1,2,1,True,1,0.6499999761581421,0.5211583375930786,0.7395366334422223,0.6689999971277729
1,0,1,True,1,0.550000011920929,0.23145905137062073,0.6841814055442375,0.5339999971886118
1,2,3,False,1,0.800000011920929,0.5608848929405212,0.8310790978922871,0.6900000116606454
2,2,2,True,0,0.6499999761581421,0.3596412241458893,0.7395366334422223,0.5899999944934109
3,2,3,True,1,0.6000000238418579,0.7701485753059387,0.7113207692620573,0.8119999935787118
1,2,1,True,1,0.6000000238418579,0.48412567377090454,0.7113207692620573,0.6500000013936217
3,2,3,True,1,0.6499999761581421,0.3790999948978424,0.7395366334422223,0.5989999996127661
3,1,3,True,0,0.44999998807907104,0.20224565267562866,0.6329695552826582,0.5220000010712751
2,2,2,True,0,1.0,0.4520907402038574,0.971,0.6339999946097808
2,0,2,True,1,0.6000000238418579,0.601226806640625,0.7113207692620573,0.7120000107926829
2,2,2,True,0,0.6499999761581421,0.5153815746307373,0.7395366334422223,0.6660000135132109
1,2,1,True,1,0.699999988079071,0.4419138729572296,0.768871768122878,0.6290000063056567
3,2,3,True,1,0.6000000238418579,0.42338991165161133,0.7113207692620573,0.6200000046867694
2,0,2,True,1,0.6000000238418579,0.5571538805961609,0.7113207692620573,0.6880000143862413
3,2,3,True,0,0.800000011920929,0.2694052755832672,0.8310790978922871,0.5500000017162529
2,2,2,True,0,0.699999988079071,0.22179484367370605,0.768871768122878,0.530000000488792
0,2,3,False,0,1.0,0.27407073974609375,0.971,0.5520000006930108
1,1,1,True,0,0.4000000059604645,0.3812440037727356,0.6088195772640365,0.599999998363473
3,0,3,True,1,0.550000011920929,0.5249951481819153,0.6841814055442375,0.6709999908340439
2,3,2,True,1,0.25,0.43165573477745056,0.5417587713672438,0.6239999936034302
3,2,3,True,1,0.949999988079071,0.24105115234851837,0.9339529695901586,0.5380000001029064
0,1,0,True,0,0.5,0.2694052755832672,0.658077503034407,0.5500000017162529
3,2,3,True,0,0.75,0.27407073974609375,0.7993705370142242,0.5520000006930108
2,1,2,True,1,0.44999998807907104,0.5627463459968567,0.6329695552826582,0.6910000104977662
1,2,1,True,1,1.0,0.3812440037727356,0.971,0.599999998363473
2,1,2,True,1,0.5,0.3812440037727356,0.658077503034407,0.599999998363473
1,0,1,True,0,0.550000011920929,0.4722059369087219,0.6841814055442375,0.6439999961737441
0,2,0,True,1,0.699999988079071,0.6473264694213867,0.768871768122878,0.7379999897497476
3,1,3,True,0,0.44999998807907104,0.48412567377090454,0.6329695552826582,0.6500000013936217
0,2,3,False,0,0.800000011920929,0.3812440037727356,0.8310790978922871,0.599999998363473
3,2,3,True,0,0.800000011920929,0.306263267993927,0.8310790978922871,0.565999999023059
1,0,1,True,0,0.6000000238418579,0.4500617980957031,0.7113207692620573,0.632999994670712
3,1,3,True,1,0.44999998807907104,0.6490669250488281,0.6329695552826582,0.7389999832416423
2,1,2,True,1,0.5,0.42338991165161133,0.658077503034407,0.6200000046867694
3,1,3,True,0,0.44999998807907104,0.2623751759529114,0.6329695552826582,0.547000004689126
2,0,2,True,1,0.550000011920929,0.5552842617034912,0.6841814055442375,0.6869999924912059
2,0,2,True,1,0.550000011920929,0.34870216250419617,0.6841814055442375,0.5850000047715612
2,0,2,True,0,0.550000011920929,0.3220621347427368,0.6841814055442375,0.5729999981902032
0,2,0,True,0,0.8999999761581421,0.4500617980957031,0.8983194123648568,0.632999994670712
3,3,3,True,0,0.3499999940395355,0.17738346755504608,0.5855909908654705,0.5119999989763284
3,2,3,True,0,0.6000000238418579,0.4439556896686554,0.7113207692620573,0.6299999975354973
0,2,0,True,1,1.0,0.5421205163002014,0.971,0.6799999933743011
1,2,1,True,1,1.0,0.6155881881713867,0.971,0.7199999836812788
3,0,3,True,1,0.550000011920929,0.35308897495269775,0.6841814055442375,0.587000005058579
2,3,2,True,0,0.3499999940395355,0.42338991165161133,0.5855909908654705,0.6200000046867694
0,3,0,True,0,0.3499999940395355,0.29026779532432556,0.5855909908654705,0.559000002995557
1,1,1,True,1,0.5,0.5590206980705261,0.658077503034407,0.688999990255116
0,1,0,True,1,0.44999998807907104,0.40248969197273254,0.6329695552826582,0.6100000002618106
0,2,0,True,0,0.800000011920929,0.6350767612457275,0.8310790978922871,0.7309999897138583
0,2,0,True,1,0.6499999761581421,0.4520907402038574,0.7395366334422223,0.6339999946097808
0,3,0,True,0,0.30000001192092896,0.29256507754325867,0.5632486689650297,0.5599999986660849
1,0,1,True,0,0.550000011920929,0.3639909327030182,0.6841814055442375,0.5919999991910871
1,3,1,True,1,0.3499999940395355,0.3812440037727356,0.5855909908654705,0.599999998363473
1,1,1,True,0,0.5,0.34870216250419617,0.658077503034407,0.5850000047715612
0,1,0,True,0,0.44999998807907104,0.33766916394233704,0.6329695552826582,0.5799999977030665
1,2,1,True,1,0.6000000238418579,0.6066311597824097,0.7113207692620573,0.7150000080374032
2,2,2,True,0,0.8999999761581421,0.24582049250602722,0.8983194123648568,0.5400000017738655
2,0,2,True,0,0.550000011920929,0.4045950770378113,0.6841814055442375,0.6110000023402741
3,2,3,True,0,0.699999988079071,0.39191073179244995,0.768871768122878,0.6049999933638269
1,1,1,True,0,0.5,0.35527676343917847,0.658077503034407,0.5879999979029831
1,2,1,True,0,0.699999988079071,0.33766916394233704,0.768871768122878,0.5799999977030665
0,0,0,True,0,0.550000011920929,0.3596412241458893,0.6841814055442375,0.5899999944934109
0,0,0,True,0,0.6000000238418579,0.25057220458984375,0.7113207692620573,0.5420000049430272
3,2,3,True,0,0.699999988079071,0.22179484367370605,0.768871768122878,0.530000000488792
1,0,1,True,0,0.550000011920929,0.29714739322662354,0.6841814055442375,0.5620000042133692
0,2,0,True,0,0.8999999761581421,0.6155881881713867,0.8983194123648568,0.7199999836812788
3,1,3,True,1,0.5,0.3639909327030182,0.658077503034407,0.5919999991910871
2,2,2,True,1,0.6000000238418579,0.3618179261684418,0.7113207692620573,0.591000000410564
2,2,2,True,1,0.6499999761581421,0.29485827684402466,0.7395366334422223,0.561000001187531
1,1,1,True,1,0.5,0.3769524097442627,0.658077503034407,0.5980000036639656
2,2,2,True,0,0.699999988079071,0.4419138729572296,0.768871768122878,0.6290000063056567
1,1,1,True,0,0.4000000059604645,0.38338443636894226,0.6088195772640365,0.6009999943513901
2,1,2,True,0,0.5,0.5288205742835999,0.658077503034407,0.6730000026427778
3,0,3,True,0,0.550000011920929,0.19483736157417297,0.6841814055442375,0.5190000003162492
1,0,1,True,0,0.6000000238418579,0.4439556896686554,0.7113207692620573,0.6299999975354973
0,2,0,True,0,0.800000011920929,0.40248969197273254,0.8310790978922871,0.6100000002618106
0,2,0,True,0,0.800000011920929,0.2994324266910553,0.8310790978922871,0.5630000013857446
3,2,3,True,0,0.8500000238418579,0.6918298602104187,0.8640454394695402,0.7639999954757027
3,0,3,True,0,0.550000011920929,0.33766916394233704,0.6841814055442375,0.5799999977030665
3,0,3,True,1,0.6000000238418579,0.5608848929405212,0.7113207692620573,0.6900000116606454
2,0,2,True,1,0.6000000238418579,0.3596412241458893,0.7113207692620573,0.5899999944934109
1,1,1,True,1,0.44999998807907104,0.3354511559009552,0.6329695552826582,0.5789999971512589
3,2,3,True,0,0.699999988079071,0.5211583375930786,0.768871768122878,0.6689999971277729
2,2,2,True,0,0.6000000238418579,0.37264642119407654,0.7113207692620573,0.5960000009269539
0,2,0,True,1,0.6499999761581421,0.24582049250602722,0.7395366334422223,0.5400000017738655
0,0,0,True,1,0.550000011920929,0.29256507754325867,0.6841814055442375,0.5599999986660849
2,1,2,True,0,0.5,0.45613905787467957,0.658077503034407,0.6360000026529686
0,2,0,True,1,0.75,0.308532178401947,0.7993705370142242,0.5670000011910246
2,2,2,True,1,0.6000000238418579,0.3661602735519409,0.7113207692620573,0.592999998817374
0,0,0,True,1,0.550000011920929,0.3748012185096741,0.6841814055442375,0.5970000022301625
2,0,2,True,1,0.550000011920929,0.4641976058483124,0.6841814055442375,0.6400000013129329
1,0,1,True,0,0.550000011920929,0.2193673849105835,0.6841814055442375,0.5289999970624468
1,2,1,True,1,1.0,0.42338991165161133,0.971,0.6200000046867694
1,2,1,True,0,0.699999988079071,0.3153149485588074,0.768871768122878,0.5699999949628566
0,1,0,True,1,0.5,0.7348437905311584,0.658077503034407,0.7899999991132267
3,0,3,True,1,0.6000000238418579,0.2193673849105835,0.7113207692620573,0.5289999970624468
0,2,0,True,1,0.6499999761581421,0.4045950770378113,0.7395366334422223,0.6110000023402741
0,0,0,True,0,0.550000011920929,0.419236958026886,0.6841814055442375,0.6179999993857016
1,2,0,False,1,0.800000011920929,0.21449869871139526,0.8310790978922871,0.5270000017425633
0,0,0,True,0,0.6000000238418579,0.39826855063438416,0.7113207692620573,0.6079999975326807
0,0,0,True,0,0.6000000238418579,0.33766916394233704,0.7113207692620573,0.5799999977030665
2,1,2,True,0,0.5,0.43576881289482117,0.658077503034407,0.625999995435672
2,1,2,True,0,0.4000000059604645,0.4129822850227356,0.6088195772640365,0.6150000037195905
1,1,1,True,0,0.44999998807907104,0.36832594871520996,0.6329695552826582,0.5939999935821837
3,1,3,True,0,0.4000000059604645,0.29026779532432556,0.6088195772640365,0.559000002995557
0,3,0,True,1,0.20000000298023224,0.4998486042022705,0.5210887942181833,0.6579999945792723
3,0,3,True,1,0.6000000238418579,0.6209326386451721,0.7113207692620573,0.722999992643757
2,2,2,True,0,0.6000000238418579,0.3618179261684418,0.7113207692620573,0.591000000410564
1,2,1,True,0,0.75,0.5383345484733582,0.7993705370142242,0.677999992582976
0,0,0,True,0,0.550000011920929,0.7558227181434631,0.6841814055442375,0.8029999949872656
2,1,2,True,0,0.44999998807907104,0.3769524097442627,0.6329695552826582,0.5980000036639656
3,1,3,True,1,0.44999998807907104,0.4171554446220398,0.6329695552826582,0.6169999996816915
3,2,3,True,0,0.75,0.6594605445861816,0.7993705370142242,0.7449999955396052
2,2,2,True,1,0.75,0.33766916394233704,0.7993705370142242,0.5799999977030665
3,2,3,True,1,0.8500000238418579,0.3153149485588074,0.8640454394695402,0.5699999949628566
1,0,1,True,0,0.550000011920929,0.29256507754325867,0.6841814055442375,0.5599999986660849
3,0,3,True,1,0.550000011920929,0.6030307412147522,0.6841814055442375,0.7129999863200077
2,2,2,True,0,0.699999988079071,0.3790999948978424,0.768871768122878,0.5989999996127661
0,1,0,True,0,0.5,0.3855213224887848,0.658077503034407,0.6019999959607932
3,3,3,True,0,0.30000001192092896,0.4254613518714905,0.5632486689650297,0.6209999998295582
2,2,2,True,1,0.75,0.5173100233078003,0.7993705370142242,0.6669999949844069
0,1,0,True,0,0.5,0.4439556896686554,0.658077503034407,0.6299999975354973
2,2,2,True,1,0.699999988079071,0.3748012185096741,0.768871768122878,0.5970000022301625
3,1,3,True,1,0.4000000059604645,0.48610159754753113,0.6088195772640365,0.651000004150087
0,1,0,True,0,0.5,0.19235841929912567,0.658077503034407,0.5180000030009603
0,2,0,True,0,0.6499999761581421,0.3790999948978424,0.7395366334422223,0.5989999996127661
0,2,0,True,0,0.8999999761581421,0.24582049250602722,0.8983194123648568,0.5400000017738655
3,2,3,True,0,0.8999999761581421,0.5364373922348022,0.8983194123648568,0.6770000015404591
3,1,3,True,0,0.44999998807907104,0.3596412241458893,0.6329695552826582,0.5899999944934109
1,0,1,True,0,0.6000000238418579,0.29485827684402466,0.7113207692620573,0.561000001187531
3,0,3,True,1,0.550000011920929,0.32430335879325867,0.6841814055442375,0.5740000036699657
0,2,0,True,0,0.699999988079071,0.23626405000686646,0.768871768122878,0.5359999987561012
3,1,3,True,0,0.44999998807907104,0.14432655274868011,0.6329695552826582,0.498999999553165
0,0,0,True,1,0.6000000238418579,0.7510117292404175,0.7113207692620573,0.7999999956072469
2,1,2,True,1,0.5,0.37264642119407654,0.658077503034407,0.5960000009269539
1,2,1,True,1,0.699999988079071,0.523078203201294,0.768871768122878,0.6700000089266277
1,2,1,True,0,0.75,0.3596412241458893,0.7993705370142242,0.5899999944934109
1,2,1,True,0,0.699999988079071,0.4641976058483124,0.768871768122878,0.6400000013129329
0,1,0,True,1,0.5,0.4419138729572296,0.658077503034407,0.6290000063056567
1,3,1,True,0,0.3499999940395355,0.35308897495269775,0.5855909908654705,0.587000005058579
0,3,0,True,1,0.30000001192092896,0.2647227942943573,0.5632486689650297,0.5479999938412414
1,2,1,True,1,0.800000011920929,0.39191073179244995,0.8310790978922871,0.6049999933638269
3,0,3,True,0,0.550000011920929,0.21693535149097443,0.6841814055442375,0.5280000012242887
0,1,0,True,0,0.4000000059604645,0.27639713883399963,0.6088195772640365,0.553000001098508
1,2,1,True,1,0.699999988079071,0.3790999948978424,0.768871768122878,0.5989999996127661
2,2,2,True,0,0.75,0.3310036361217499,0.7993705370142242,0.5770000013431426
3,1,3,True,0,0.5,0.2694052755832672,0.658077503034407,0.5500000017162529
1,0,1,True,0,0.550000011920929,0.33322933316230774,0.6841814055442375,0.5780000053118328
1,1,1,True,1,0.4000000059604645,0.42131510376930237,0.6088195772640365,0.6189999980109001
1,0,1,True,0,0.550000011920929,0.5383345484733582,0.6841814055442375,0.677999992582976
0,1,0,True,0,0.4000000059604645,0.43576881289482117,0.6088195772640365,0.625999995435672
1,1,1,True,0,0.5,0.24582049250602722,0.658077503034407,0.5400000017738655
1,0,1,True,0,0.550000011920929,0.19731153547763824,0.6841814055442375,0.5199999990084729
2,2,2,True,0,0.6499999761581421,0.22179484367370605,0.7395366334422223,0.530000000488792
0,2,0,True,0,0.6499999761581421,0.4920111894607544,0.7395366334422223,0.6540000026505938
2,1,2,True,0,0.4000000059604645,0.39191073179244995,0.6088195772640365,0.6049999933638269
0,2,0,True,0,1.0,0.4520907402038574,0.971,0.6339999946097808
3,1,3,True,0,0.5,0.3940335214138031,0.658077503034407,0.6060000044077539
1,1,1,True,1,0.44999998807907104,0.42338991165161133,0.6329695552826582,0.6200000046867694
2,3,2,True,0,0.3499999940395355,0.6244832873344421,0.5855909908654705,0.7249999916605938
1,1,1,True,0,0.44999998807907104,0.2386598289012909,0.6329695552826582,0.5369999990486598
1,0,1,True,0,0.550000011920929,0.29256507754325867,0.6841814055442375,0.5599999986660849
0,2,0,True,0,0.699999988079071,0.38338443636894226,0.768871768122878,0.6009999943513901
3,0,3,True,0,0.550000011920929,0.33322933316230774,0.6841814055442375,0.5780000053118328
0,2,0,True,0,0.699999988079071,0.27871933579444885,0.768871768122878,0.5540000019118512
0,2,0,True,1,0.800000011920929,0.3940335214138031,0.8310790978922871,0.6060000044077539
0,0,0,True,0,0.550000011920929,0.19483736157417297,0.6841814055442375,0.5190000003162492
0,2,0,True,1,0.75,0.48412567377090454,0.7993705370142242,0.6500000013936217
0,1,0,True,0,0.5,0.27871933579444885,0.658077503034407,0.5540000019118512
0,1,0,True,1,0.4000000059604645,0.7590200901031494,0.6088195772640365,0.8050000078106256
0,2,0,True,0,0.75,0.42338991165161133,0.7993705370142242,0.6200000046867694
3,1,3,True,1,0.44999998807907104,0.5608848929405212,0.6329695552826582,0.6900000116606454
0,2,0,True,1,0.75,0.3812440037727356,0.7993705370142242,0.599999998363473
1,2,1,True,1,0.75,0.3153149485588074,0.7993705370142242,0.5699999949628566
2,1,2,True,0,0.44999998807907104,0.3153149485588074,0.6329695552826582,0.5699999949628566
1,2,1,True,0,0.699999988079071,0.22179484367370605,0.768871768122878,0.530000000488792
3,0,3,True,1,0.6000000238418579,0.3812440037727356,0.7113207692620573,0.599999998363473
0,2,0,True,0,0.8500000238418579,0.5939854383468628,0.8640454394695402,0.7079999956924453
0,1,0,True,1,0.4000000059604645,0.5994202494621277,0.6088195772640365,0.7109999869912261
1,1,1,True,0,0.4000000059604645,0.328774094581604,0.6088195772640365,0.5760000046448289
0,1,0,True,0,0.5,0.32430335879325867,0.658077503034407,0.5740000036699657
2,1,2,True,0,0.5,0.1596893072128296,0.658077503034407,0.5050000020323402
0,0,0,True,1,0.550000011920929,0.633317232131958,0.6841814055442375,0.7299999888020932
0,0,0,True,1,0.550000011920929,0.27407073974609375,0.6841814055442375,0.5520000006930108
3,2,3,True,1,1.0,0.5720133781433105,0.971,0.6959999995050431
2,2,2,True,1,0.6499999761581421,0.3596412241458893,0.7395366334422223,0.5899999944934109
0,3,0,True,1,0.3499999940395355,0.4439556896686554,0.5855909908654705,0.6299999975354973
3,0,3,True,1,0.550000011920929,0.37264642119407654,0.6841814055442375,0.5960000009269539
1,2,1,True,1,0.8999999761581421,0.39826855063438416,0.8983194123648568,0.6079999975326807
2,1,2,True,1,0.44999998807907104,0.3790999948978424,0.6329695552826582,0.5989999996127661
2,2,1,False,0,0.6000000238418579,0.38978445529937744,0.7113207692620573,0.6039999939804539
0,2,0,True,1,1.0,0.3153149485588074,0.971,0.5699999949628566
3,2,3,True,1,0.800000011920929,0.20224565267562866,0.8310790978922871,0.5220000010712751
1,2,1,True,1,0.699999988079071,0.501800537109375,0.768871768122878,0.6590000046509626
0,2,0,True,1,0.8999999761581421,0.3107970952987671,0.8983194123648568,0.5680000053827252
3,0,3,True,1,0.6000000238418579,0.35527676343917847,0.7113207692620573,0.5879999979029831
1,0,1,True,0,0.550000011920929,0.29256507754325867,0.6841814055442375,0.5599999986660849
1,1,1,True,0,0.5,0.4419138729572296,0.658077503034407,0.6290000063056567
3,1,3,True,1,0.4000000059604645,0.22904980182647705,0.6088195772640365,0.5329999974819276
2,2,2,True,1,0.800000011920929,0.31756794452667236,0.8310790978922871,0.5709999943657259
1,1,2,False,1,0.5,0.4998486042022705,0.658077503034407,0.6579999945792723
3,1,3,True,0,0.5,0.3153149485588074,0.658077503034407,0.5699999949628566
2,2,2,True,0,0.8999999761581421,0.4150705635547638,0.8983194123648568,0.6160000041365007
1,1,1,True,1,0.5,0.4295942783355713,0.658077503034407,0.6230000066815589
1,0,1,True,0,0.550000011920929,0.4337139427661896,0.6841814055442375,0.6250000060421259
1,2,1,True,0,0.699999988079071,0.42338991165161133,0.768871768122878,0.6200000046867694
2,2,2,True,0,0.75,0.4641976058483124,0.7993705370142242,0.6400000013129329
1,1,1,True,0,0.44999998807907104,0.33322933316230774,0.6329695552826582,0.5780000053118328
1,2,1,True,0,1.0,0.29485827684402466,0.971,0.561000001187531
0,2,0,True,1,0.699999988079071,0.4254613518714905,0.768871768122878,0.6209999998295582
2,2,2,True,1,0.6499999761581421,0.5421205163002014,0.7395366334422223,0.6799999933743011
0,0,0,True,1,0.550000011920929,0.33766916394233704,0.6841814055442375,0.5799999977030665
2,2,2,True,0,0.6000000238418579,0.23145905137062073,0.7113207692620573,0.5339999971886118
0,1,1,False,1,0.44999998807907104,0.5793792009353638,0.6329695552826582,0.6999999930529267
0,0,0,True,0,0.6000000238418579,0.3748012185096741,0.7113207692620573,0.5970000022301625
1,1,1,True,1,0.44999998807907104,0.6901463866233826,0.6329695552826582,0.7629999976011663
0,0,0,True,0,0.6000000238418579,0.179891437292099,0.7113207692620573,0.5129999985509739
1,0,1,True,1,0.6000000238418579,0.5793792009353638,0.7113207692620573,0.6999999930529267
0,1,0,True,1,0.44999998807907104,0.3876546621322632,0.6329695552826582,0.6029999976780734
1,0,3,False,0,0.6000000238418579,0.9376192092895508,0.7113207692620573,0.9250000062300838
2,2,2,True,1,1.0,0.6490669250488281,0.971,0.7389999832416423
2,1,2,True,0,0.5,0.42338991165161133,0.658077503034407,0.6200000046867694
2,0,2,True,0,0.550000011920929,0.17738346755504608,0.6841814055442375,0.5119999989763284
2,0,2,True,1,0.550000011920929,0.523078203201294,0.6841814055442375,0.6700000089266277
1,2,1,True,0,0.6499999761581421,0.3812440037727356,0.7395366334422223,0.599999998363473
0,0,0,True,1,0.550000011920929,0.3574608564376831,0.6841814055442375,0.5890000008539068
0,2,1,False,1,0.6499999761581421,0.36832594871520996,0.7395366334422223,0.5939999935821837
3,1,2,False,1,0.5,0.48016470670700073,0.658077503034407,0.6480000042340459
3,1,3,True,0,0.44999998807907104,0.29256507754325867,0.6329695552826582,0.5599999986660849
3,1,3,True,1,0.5,0.48016470670700073,0.658077503034407,0.6480000042340459
1,1,1,True,0,0.5,0.22663603723049164,0.658077503034407,0.5320000016500914
0,1,0,True,1,0.44999998807907104,0.4641976058483124,0.6329695552826582,0.6400000013129329
1,2,1,True,0,1.0,0.3574608564376831,0.971,0.5890000008539068
1,3,1,True,1,0.25,0.4621877074241638,0.5417587713672438,0.6390000050779484
3,1,3,True,0,0.5,0.3596412241458893,0.658077503034407,0.5899999944934109
2,1,2,True,0,0.44999998807907104,0.29256507754325867,0.6329695552826582,0.5599999986660849
0,1,0,True,1,0.5,0.44802966713905334,0.658077503034407,0.6320000040573776
0,1,0,True,0,0.44999998807907104,0.33766916394233704,0.6329695552826582,0.5799999977030665
1,1,1,True,0,0.5,0.26002323627471924,0.658077503034407,0.5460000046421294
2,2,2,True,1,0.699999988079071,0.5921686887741089,0.768871768122878,0.7069999836614034
3,2,3,True,1,0.75,0.42338991165161133,0.7993705370142242,0.6200000046867694
3,0,3,True,1,0.550000011920929,0.5793792009353638,0.6841814055442375,0.6999999930529267
2,2,2,True,1,0.6000000238418579,0.4641976058483124,0.7113207692620573,0.6400000013129329
3,2,3,True,1,0.800000011920929,0.45613905787467957,0.8310790978922871,0.6360000026529686
2,2,2,True,0,0.6000000238418579,0.26706618070602417,0.7113207692620573,0.5490000035364818
1,2,1,True,1,0.800000011920929,0.6262549757957458,0.8310790978922871,0.7260000112287769
3,0,3,True,0,0.550000011920929,0.3130580186843872,0.6841814055442375,0.5690000053822707
0,2,0,True,0,0.6499999761581421,0.3855213224887848,0.7395366334422223,0.6019999959607932
2,2,2,True,0,0.6499999761581421,0.48610159754753113,0.7395366334422223,0.651000004150087
0,1,0,True,1,0.5,0.5326346158981323,0.658077503034407,0.6749999971262126
2,0,2,True,0,0.550000011920929,0.3855213224887848,0.6841814055442375,0.6019999959607932
2,2,2,True,1,0.6499999761581421,0.4641976058483124,0.7395366334422223,0.6400000013129329
1,2,1,True,0,0.699999988079071,0.24343803524971008,0.768871768122878,0.5390000012298091
2,2,2,True,0,1.0,0.3661602735519409,0.971,0.592999998817374
3,2,3,True,1,0.699999988079071,0.38338443636894226,0.768871768122878,0.6009999943513901
1,2,1,True,1,0.8999999761581421,0.5173100233078003,0.8983194123648568,0.6669999949844069
3,2,3,True,0,0.75,0.3220621347427368,0.7993705370142242,0.5729999981902032
2,1,2,True,1,0.44999998807907104,0.2994324266910553,0.6329695552826582,0.5630000013857446
0,2,2,False,0,1.0,0.3812440037727356,0.971,0.599999998363473
3,1,3,True,1,0.5,0.35308897495269775,0.658077503034407,0.587000005058579
2,2,2,True,1,0.800000011920929,0.42338991165161133,0.8310790978922871,0.6200000046867694
0,0,0,True,0,0.6000000238418579,0.2647227942943573,0.7113207692620573,0.5479999938412414
2,2,2,True,1,0.6000000238418579,0.44802966713905334,0.7113207692620573,0.6320000040573776
1,2,1,True,0,0.6499999761581421,0.4781796336174011,0.7395366334422223,0.6470000042710665
0,1,0,True,0,0.5,0.21205741167068481,0.658077503034407,0.5259999997071105
1,2,1,True,0,0.800000011920929,0.33766916394233704,0.8310790978922871,0.5799999977030665
1,1,1,True,1,0.44999998807907104,0.33766916394233704,0.6329695552826582,0.5799999977030665
1,2,1,True,0,0.8500000238418579,0.26002323627471924,0.8640454394695402,0.5460000046421294
0,1,0,True,0,0.44999998807907104,0.4108906090259552,0.6329695552826582,0.6140000037210799
2,2,2,True,0,1.0,0.3618179261684418,0.971,0.591000000410564
2,2,2,True,0,0.6000000238418579,0.3812440037727356,0.7113207692620573,0.599999998363473
2,2,2,True,1,0.699999988079071,0.49789372086524963,0.768871768122878,0.6569999938720841
0,2,0,True,0,0.8500000238418579,0.32654064893722534,0.8640454394695402,0.5749999945167829
3,0,3,True,1,0.550000011920929,0.3855213224887848,0.6841814055442375,0.6019999959607932
0,2,0,True,0,0.699999988079071,0.5326346158981323,0.768871768122878,0.6749999971262126
3,0,3,True,0,0.550000011920929,0.12093255668878555,0.6841814055442375,0.489999999500772
1,2,1,True,1,0.6000000238418579,0.1698300689458847,0.7113207692620573,0.5090000028495377
3,1,1,False,1,0.5,0.22179484367370605,0.658077503034407,0.530000000488792
0,0,0,True,0,0.550000011920929,0.30399036407470703,0.6841814055442375,0.565000005083747
1,0,1,True,1,0.550000011920929,0.42338991165161133,0.6841814055442375,0.6200000046867694
1,0,1,True,0,0.6000000238418579,0.3153149485588074,0.7113207692620573,0.5699999949628566
0,1,0,True,0,0.5,0.2694052755832672,0.658077503034407,0.5500000017162529
3,1,3,True,0,0.5,0.25057220458984375,0.658077503034407,0.5420000049430272
0,2,0,True,0,0.800000011920929,0.49004432559013367,0.8310790978922871,0.6529999943573211
3,1,3,True,0,0.5,0.22179484367370605,0.658077503034407,0.530000000488792
2,1,2,True,0,0.44999998807907104,0.40248969197273254,0.6329695552826582,0.6100000002618106
1,2,1,True,0,0.699999988079071,0.31756794452667236,0.768871768122878,0.5709999943657259
0,0,0,True,1,0.6000000238418579,0.5037494897842407,0.7113207692620573,0.6600000042038996
2,2,2,True,1,0.6000000238418579,0.36832594871520996,0.7113207692620573,0.5939999935821837
3,1,3,True,1,0.44999998807907104,0.4781796336174011,0.6329695552826582,0.6470000042710665
0,1,0,True,0,0.4000000059604645,0.2694052755832672,0.6088195772640365,0.5500000017162529
2,2,2,True,1,0.6000000238418579,0.4821467101573944,0.7113207692620573,0.6489999998467633
1,1,1,True,0,0.44999998807907104,0.5056954622268677,0.6329695552826582,0.6609999885813245
1,2,0,False,1,0.8500000238418579,0.5477786660194397,0.8640454394695402,0.6830000081040974
3,1,3,True,0,0.4000000059604645,0.33988335728645325,0.6088195772640365,0.5810000010414563
0,0,0,True,1,0.6000000238418579,0.5664611458778381,0.7113207692620573,0.6929999875251339
0,2,0,True,0,0.699999988079071,0.6120128631591797,0.768871768122878,0.7179999932252222
0,1,0,True,0,0.44999998807907104,0.43576881289482117,0.6329695552826582,0.625999995435672
3,0,3,True,0,0.550000011920929,0.3465031087398529,0.6841814055442375,0.5839999954464355
1,1,1,True,0,0.4000000059604645,0.6473264694213867,0.6088195772640365,0.7379999897497476
0,0,0,True,0,0.550000011920929,0.501800537109375,0.6841814055442375,0.6590000046509626
2,2,2,True,1,1.0,0.36832594871520996,0.971,0.5939999935821837
0,1,0,True,1,0.44999998807907104,0.42338991165161133,0.6329695552826582,0.6200000046867694
1,1,1,True,0,0.5,0.19235841929912567,0.658077503034407,0.5180000030009603
1,2,1,True,1,0.6000000238418579,0.9038296937942505,0.7113207692620573,0.9009999906411374
3,1,3,True,1,0.4000000059604645,0.4295942783355713,0.6088195772640365,0.6230000066815589
0,2,0,True,1,0.6000000238418579,0.7299534678459167,0.7113207692620573,0.7869999906465494
0,1,0,True,0,0.5,0.28335118293762207,0.658077503034407,0.5560000043586534
0,0,0,True,1,0.550000011920929,0.24819853901863098,0.6841814055442375,0.5410000011131741
2,1,2,True,1,0.5,0.49004432559013367,0.658077503034407,0.6529999943573211
1,0,1,True,0,0.550000011920929,0.22179484367370605,0.6841814055442375,0.530000000488792
0,0,0,True,1,0.550000011920929,0.29714739322662354,0.6841814055442375,0.5620000042133692
2,2,2,True,0,0.699999988079071,0.42131510376930237,0.768871768122878,0.6189999980109001
3,2,3,True,1,0.699999988079071,0.5534119606018066,0.768871768122878,0.6859999926164443
1,1,1,True,0,0.44999998807907104,0.42338991165161133,0.6329695552826582,0.6200000046867694
1,2,1,True,0,0.699999988079071,0.42131510376930237,0.768871768122878,0.6189999980109001
1,2,1,True,1,0.8500000238418579,0.6508050560951233,0.8640454394695402,0.7399999934074837
3,2,3,True,0,0.8500000238418579,0.33766916394233704,0.8640454394695402,0.5799999977030665
0,2,0,True,0,0.699999988079071,0.4150705635547638,0.768871768122878,0.6160000041365007
3,1,3,True,1,0.5,0.40248969197273254,0.658077503034407,0.6100000002618106
3,2,3,True,1,0.6000000238418579,0.29714739322662354,0.7113207692620573,0.5620000042133692
2,2,2,True,1,0.6499999761581421,0.5440093278884888,0.7395366334422223,0.680999994476731
3,2,3,True,0,0.8999999761581421,0.4439556896686554,0.8983194123648568,0.6299999975354973
3,2,3,True,1,0.6499999761581421,0.5421205163002014,0.7395366334422223,0.6799999933743011
0,2,0,True,0,0.949999988079071,0.29714739322662354,0.9339529695901586,0.5620000042133692
1,0,1,True,0,0.6000000238418579,0.4419138729572296,0.7113207692620573,0.6290000063056567
1,2,1,True,0,0.699999988079071,0.40248969197273254,0.768871768122878,0.6100000002618106
0,2,0,True,0,1.0,0.3812440037727356,0.971,0.599999998363473
1,0,1,True,1,0.550000011920929,0.3855213224887848,0.6841814055442375,0.6019999959607932
0,0,0,True,0,0.6000000238418579,0.4150705635547638,0.7113207692620573,0.6160000041365007
1,2,1,True,1,0.699999988079071,0.5646051168441772,0.768871768122878,0.6920000145544056
2,1,2,True,0,0.44999998807907104,0.18738612532615662,0.6329695552826582,0.516000000251395
3,0,3,True,1,0.550000011920929,0.3812440037727356,0.6841814055442375,0.599999998363473
2,2,2,True,0,0.800000011920929,0.36832594871520996,0.8310790978922871,0.5939999935821837
3,2,3,True,0,0.6499999761581421,0.4439556896686554,0.7395366334422223,0.6299999975354973
0,0,0,True,0,0.550000011920929,0.40248969197273254,0.6841814055442375,0.6100000002618106
2,2,2,True,1,0.6499999761581421,0.39191073179244995,0.7395366334422223,0.6049999933638269
3,2,3,True,1,0.6499999761581421,0.7002143263816833,0.7395366334422223,0.7689999934175042
3,2,3,True,0,0.6499999761581421,0.14946790039539337,0.7395366334422223,0.5010000004429338
1,1,1,True,0,0.44999998807907104,0.3618179261684418,0.6329695552826582,0.591000000410564
1,2,1,True,0,0.8999999761581421,0.3310036361217499,0.8983194123648568,0.5770000013431426
0,2,2,False,1,0.75,0.419236958026886,0.7993705370142242,0.6179999993857016
2,1,2,True,0,0.5,0.3198170065879822,0.658077503034407,0.5719999974815364
1,2,1,True,0,0.699999988079071,0.33766916394233704,0.768871768122878,0.5799999977030665
1,1,1,True,0,0.44999998807907104,0.5421205163002014,0.6329695552826582,0.6799999933743011
2,2,2,True,1,0.75,0.45411649346351624,0.7993705370142242,0.6349999989235079
3,1,3,True,0,0.5,0.20716089010238647,0.658077503034407,0.5239999985726885
2,2,2,True,1,0.8500000238418579,0.5421205163002014,0.8640454394695402,0.6799999933743011
2,2,2,True,1,0.699999988079071,0.3812440037727356,0.768871768122878,0.599999998363473
3,0,3,True,0,0.550000011920929,0.38338443636894226,0.6841814055442375,0.6009999943513901
0,2,0,True,0,0.75,0.3812440037727356,0.7993705370142242,0.599999998363473
0,2,0,True,1,0.75,0.5793792009353638,0.7993705370142242,0.6999999930529267
0,1,0,True,1,0.4000000059604645,0.46620437502861023,0.6088195772640365,0.6410000019167172
1,2,1,True,1,1.0,0.5903494358062744,0.971,0.7060000090442848
3,2,3,True,0,0.6499999761581421,0.2193673849105835,0.7395366334422223,0.5289999970624468
0,2,0,True,0,1.0,0.2694052755832672,0.971,0.5500000017162529
2,2,2,True,1,0.75,0.4087955057621002,0.7993705370142242,0.6129999952092078
0,2,0,True,0,0.8999999761581421,0.29256507754325867,0.8983194123648568,0.5599999986660849
3,0,3,True,0,0.6000000238418579,0.3812440037727356,0.7113207692620573,0.599999998363473
3,1,3,True,1,0.5,0.5402289628982544,0.658077503034407,0.6790000122923703
1,2,1,True,1,0.949999988079071,0.6048322319984436,0.9339529695901586,0.7140000087524918
1,0,1,True,0,0.550000011920929,0.2694052755832672,0.6841814055442375,0.5500000017162529
2,1,2,True,1,0.44999998807907104,0.4722059369087219,0.6329695552826582,0.6439999961737441
1,0,0,False,1,0.550000011920929,0.48807448148727417,0.6841814055442375,0.6520000033843422
2,2,2,True,1,0.6499999761581421,0.4419138729572296,0.7395366334422223,0.6290000063056567
2,0,2,True,1,0.6000000238418579,0.5608848929405212,0.7113207692620573,0.6900000116606454
3,1,3,True,0,0.5,0.33766916394233704,0.658077503034407,0.5799999977030665
3,2,3,True,1,0.699999988079071,0.5793792009353638,0.768871768122878,0.6999999930529267
0,2,2,False,0,0.699999988079071,0.24582049250602722,0.768871768122878,0.5400000017738655
1,1,1,True,0,0.5,0.40038084983825684,0.658077503034407,0.6089999968669422
0,3,0,True,1,0.3499999940395355,0.2694052755832672,0.5855909908654705,0.5500000017162529
2,0,2,True,1,0.6000000238418579,0.5249951481819153,0.7113207692620573,0.6709999908340439
0,0,0,True,1,0.550000011920929,0.4702085256576538,0.6841814055442375,0.6429999967585903
0,2,0,True,1,1.0,0.6473264694213867,0.971,0.7379999897497476
2,1,2,True,0,0.5,0.3704880177974701,0.658077503034407,0.5950000053605375
3,2,3,True,1,0.75,0.33988335728645325,0.7993705370142242,0.5810000010414563
0,2,0,True,1,0.75,0.40248969197273254,0.7993705370142242,0.6100000002618106
3,2,3,True,0,1.0,0.3153149485588074,0.971,0.5699999949628566
2,2,2,True,1,1.0,0.48412567377090454,0.971,0.6500000013936217
1,2,3,False,1,0.800000011920929,0.3574608564376831,0.8310790978922871,0.5890000008539068
1,1,1,True,1,0.44999998807907104,0.5211583375930786,0.6329695552826582,0.6689999971277729
3,1,3,True,0,0.44999998807907104,0.2994324266910553,0.6329695552826582,0.5630000013857446
1,0,1,True,1,0.550000011920929,0.4959358870983124,0.6841814055442375,0.6560000071025891
3,1,3,True,1,0.4000000059604645,0.4439556896686554,0.6088195772640365,0.6299999975354973
1,2,1,True,1,0.699999988079071,0.7135167717933655,0.768871768122878,0.7770000101734638
0,2,0,True,1,0.800000011920929,0.4419138729572296,0.8310790978922871,0.6290000063056567
2,2,2,True,1,0.699999988079071,0.07282710075378418,0.768871768122878,0.47199999915474106
1,0,1,True,1,0.550000011920929,0.4045950770378113,0.6841814055442375,0.6110000023402741
1,2,1,True,0,0.699999988079071,0.4045950770378113,0.768871768122878,0.6110000023402741
1,2,1,True,0,0.6499999761581421,0.5421205163002014,0.7395366334422223,0.6799999933743011
3,2,3,True,1,0.6000000238418579,0.36832594871520996,0.7113207692620573,0.5939999935821837
0,1,0,True,0,0.44999998807907104,0.32654064893722534,0.6329695552826582,0.5749999945167829
1,2,1,True,0,1.0,0.4500617980957031,0.971,0.632999994670712
2,2,0,False,1,0.949999988079071,0.40669700503349304,0.9339529695901586,0.6119999977165095
2,1,2,True,0,0.44999998807907104,0.24582049250602722,0.6329695552826582,0.5400000017738655
2,2,2,True,1,0.6000000238418579,0.23145905137062073,0.7113207692620573,0.5339999971886118
0,1,0,True,0,0.5,0.4108906090259552,0.658077503034407,0.6140000037210799
0,1,0,True,0,0.5,0.2553063929080963,0.658077503034407,0.5439999988025059
3,2,3,True,0,0.800000011920929,0.2553063929080963,0.8310790978922871,0.5439999988025059
0,0,0,True,1,0.550000011920929,0.27639713883399963,0.6841814055442375,0.553000001098508
0,2,0,True,1,0.699999988079071,0.40038084983825684,0.768871768122878,0.6089999968669422
3,2,1,False,0,0.6000000238418579,0.4520907402038574,0.7113207692620573,0.6339999946097808
1,0,1,True,0,0.550000011920929,0.3153149485588074,0.6841814055442375,0.5699999949628566
0,0,0,True,0,0.550000011920929,0.3130580186843872,0.6841814055442375,0.5690000053822707
3,1,3,True,1,0.44999998807907104,0.36832594871520996,0.6329695552826582,0.5939999935821837
0,1,0,True,1,0.5,0.37264642119407654,0.658077503034407,0.5960000009269539
0,0,0,True,0,0.550000011920929,0.29256507754325867,0.6841814055442375,0.5599999986660849
3,2,3,True,0,0.6000000238418579,0.29256507754325867,0.7113207692620573,0.5599999986660849
3,2,3,True,1,1.0,0.49789372086524963,0.971,0.6569999938720841
0,3,0,True,1,0.30000001192092896,0.4129822850227356,0.5632486689650297,0.6150000037195905
3,1,3,True,0,0.44999998807907104,0.43165573477745056,0.6329695552826582,0.6239999936034302
0,1,0,True,0,0.5,0.24582049250602722,0.658077503034407,0.5400000017738655
0,0,0,True,0,0.6000000238418579,0.3618179261684418,0.7113207692620573,0.591000000410564
0,1,0,True,0,0.44999998807907104,0.4439556896686554,0.6329695552826582,0.6299999975354973
1,2,1,True,1,0.75,0.28796637058258057,0.7993705370142242,0.5579999946350287
1,2,1,True,1,0.6499999761581421,0.39191073179244995,0.7395366334422223,0.6049999933638269
1,2,0,False,1,0.8500000238418579,0.33766916394233704,0.8640454394695402,0.5799999977030665
3,2,3,True,0,0.800000011920929,0.5076385736465454,0.8310790978922871,0.6620000145171903
1,0,1,True,0,0.550000011920929,0.4520907402038574,0.6841814055442375,0.6339999946097808
1,1,1,True,0,0.5,0.29485827684402466,0.658077503034407,0.561000001187531
2,2,2,True,0,0.6000000238418579,0.22179484367370605,0.7113207692620573,0.530000000488792
0,1,0,True,0,0.44999998807907104,0.9208354949951172,0.6329695552826582,0.913000007103746
0,2,0,True,1,0.800000011920929,0.4998486042022705,0.8310790978922871,0.6579999945792723
3,1,3,True,0,0.5,0.24582049250602722,0.658077503034407,0.5400000017738655
0,1,0,True,1,0.4000000059604645,0.38338443636894226,0.6088195772640365,0.6009999943513901
2,0,2,True,0,0.550000011920929,0.3130580186843872,0.6841814055442375,0.5690000053822707
2,0,2,True,0,0.550000011920929,0.4742002487182617,0.6841814055442375,0.6449999954493963
3,1,3,True,0,0.5,0.19731153547763824,0.658077503034407,0.5199999990084729
0,2,0,True,1,0.75,0.40248969197273254,0.7993705370142242,0.6100000002618106
3,2,3,True,1,0.8999999761581421,0.4150705635547638,0.8983194123648568,0.6160000041365007
1,0,1,True,1,0.550000011920929,0.49004432559013367,0.6841814055442375,0.6529999943573211
2,2,2,True,1,0.6499999761581421,0.37264642119407654,0.7395366334422223,0.5960000009269539
1,1,1,True,1,0.4000000059604645,0.42338991165161133,0.6088195772640365,0.6200000046867694
0,2,0,True,1,0.6000000238418579,0.3153149485588074,0.7113207692620573,0.5699999949628566
1,2,1,True,0,0.6499999761581421,0.29256507754325867,0.7395366334422223,0.5599999986660849
0,1,0,True,1,0.5,0.4045950770378113,0.658077503034407,0.6110000023402741
0,2,0,True,1,0.699999988079071,0.4581584334373474,0.768871768122878,0.6370000008314272
1,2,1,True,0,0.6499999761581421,0.34870216250419617,0.7395366334422223,0.5850000047715612
0,0,0,True,1,0.6000000238418579,0.4045950770378113,0.7113207692620573,0.6110000023402741
2,2,2,True,1,0.6499999761581421,0.31756794452667236,0.7395366334422223,0.5709999943657259
0,0,0,True,0,0.6000000238418579,0.2576669752597809,0.7113207692620573,0.5450000004380767
2,0,2,True,0,0.550000011920929,0.4129822850227356,0.6841814055442375,0.6150000037195905
0,2,0,True,1,0.6000000238418579,0.2576669752597809,0.7113207692620573,0.5450000004380767
1,2,1,True,1,0.6499999761581421,0.48610159754753113,0.7395366334422223,0.651000004150087
1,2,1,True,1,0.8500000238418579,0.3812440037727356,0.8640454394695402,0.599999998363473
0,2,0,True,0,0.8999999761581421,0.3153149485588074,0.8983194123648568,0.5699999949628566
0,1,0,True,0,0.44999998807907104,0.3153149485588074,0.6329695552826582,0.5699999949628566
0,0,0,True,0,0.6000000238418579,0.3812440037727356,0.7113207692620573,0.599999998363473
1,1,1,True,0,0.5,0.3639909327030182,0.658077503034407,0.5919999991910871
3,2,3,True,0,0.6000000238418579,0.4171554446220398,0.7113207692620573,0.6169999996816915
0,2,0,True,1,0.6000000238418579,0.5037494897842407,0.7113207692620573,0.6600000042038996
0,2,0,True,0,1.0,0.33766916394233704,0.971,0.5799999977030665
3,1,3,True,1,0.44999998807907104,0.4500617980957031,0.6329695552826582,0.632999994670712
2,2,2,True,1,0.699999988079071,0.6731892228126526,0.768871768122878,0.7529999995792407
0,0,0,True,1,0.550000011920929,0.3153149485588074,0.6841814055442375,0.5699999949628566
0,2,0,True,0,0.6499999761581421,0.4641976058483124,0.7395366334422223,0.6400000013129329
3,1,3,True,0,0.44999998807907104,0.2694052755832672,0.6329695552826582,0.5500000017162529
3,2,3,True,0,0.6000000238418579,0.3661602735519409,0.7113207692620573,0.592999998817374
2,2,2,True,0,0.6499999761581421,0.3574608564376831,0.7395366334422223,0.5890000008539068
2,1,2,True,1,0.5,0.4439556896686554,0.658077503034407,0.6299999975354973
2,1,2,True,0,0.5,0.4045950770378113,0.658077503034407,0.6110000023402741
3,1,3,True,1,0.5,0.30399036407470703,0.658077503034407,0.565000005083747
1,0,1,True,1,0.550000011920929,0.4439556896686554,0.6841814055442375,0.6299999975354973
0,0,0,True,1,0.6000000238418579,0.419236958026886,0.7113207692620573,0.6179999993857016
2,1,2,True,1,0.5,0.5793792009353638,0.658077503034407,0.6999999930529267
0,2,0,True,0,0.8999999761581421,0.23626405000686646,0.8983194123648568,0.5359999987561012
0,2,0,True,0,0.75,0.28796637058258057,0.7993705370142242,0.5579999946350287
2,2,2,True,1,0.6499999761581421,0.6438384652137756,0.7395366334422223,0.7359999988901547
3,1,3,True,0,0.44999998807907104,0.523078203201294,0.6329695552826582,0.6700000089266277
2,2,2,True,1,1.0,0.3812440037727356,0.971,0.599999998363473
0,1,0,True,0,0.44999998807907104,0.28335118293762207,0.6329695552826582,0.5560000043586534
0,0,0,True,1,0.6000000238418579,0.42338991165161133,0.7113207692620573,0.6200000046867694
1,2,3,False,0,1.0,0.28566086292266846,0.971,0.5570000058769908
3,2,3,True,1,0.75,0.7510117292404175,0.7993705370142242,0.7999999956072469
1,3,1,True,0,0.30000001192092896,0.14689980447292328,0.5632486689650297,0.5000000028082926
3,2,3,True,1,0.699999988079071,0.4439556896686554,0.768871768122878,0.6299999975354973
1,2,1,True,1,0.6499999761581421,0.7510117292404175,0.7395366334422223,0.7999999956072469
0,0,0,True,0,0.550000011920929,0.39191073179244995,0.6841814055442375,0.6049999933638269
2,0,2,True,0,0.550000011920929,0.7299534678459167,0.6841814055442375,0.7869999906465494
2,1,2,True,1,0.5,0.6935111284255981,0.658077503034407,0.7649999913757016
0,2,0,True,0,0.75,0.7998777031898499,0.7993705370142242,0.831000018567957
2,2,1,False,1,0.699999988079071,0.3961527645587921,0.768871768122878,0.6069999935530198
2,1,2,True,0,0.5,0.0944298729300499,0.658077503034407,0.4799999995287582
1,2,1,True,0,0.699999988079071,0.5037494897842407,0.768871768122878,0.6600000042038996
2,2,2,True,0,0.6499999761581421,0.3961527645587921,0.7395366334422223,0.6069999935530198
0,1,0,True,0,0.44999998807907104,0.3812440037727356,0.6329695552826582,0.599999998363473
3,2,3,True,1,0.8999999761581421,0.4439556896686554,0.8983194123648568,0.6299999975354973
3,2,3,True,0,0.8500000238418579,0.4682080149650574,0.8640454394695402,0.642000002023176
2,2,2,True,0,0.6000000238418579,0.33988335728645325,0.7113207692620573,0.5810000010414563
0,0,0,True,1,0.550000011920929,0.6138017773628235,0.6841814055442375,0.7189999932327383
3,2,3,True,1,0.8500000238418579,0.6455836892127991,0.8640454394695402,0.7370000165238458
3,2,3,True,1,0.6499999761581421,0.2694052755832672,0.7395366334422223,0.5500000017162529
2,2,2,True,0,0.699999988079071,0.4337139427661896,0.768871768122878,0.6250000060421259
2,3,2,True,1,0.25,0.32654064893722534,0.5417587713672438,0.5749999945167829
3,1,3,True,0,0.44999998807907104,0.2694052755832672,0.6329695552826582,0.5500000017162529
3,2,3,True,0,0.8999999761581421,0.2994324266910553,0.8983194123648568,0.5630000013857446
1,2,1,True,1,0.699999988079071,0.3940335214138031,0.768871768122878,0.6060000044077539
1,2,1,True,1,1.0,0.3812440037727356,0.971,0.599999998363473
3,0,3,True,0,0.550000011920929,0.4337139427661896,0.6841814055442375,0.6250000060421259
1,3,1,True,1,0.3499999940395355,0.3812440037727356,0.5855909908654705,0.599999998363473
1,2,1,True,1,1.0,0.40669700503349304,0.971,0.6119999977165095
3,2,3,True,1,0.75,0.44802966713905334,0.7993705370142242,0.6320000040573776
0,1,0,True,0,0.44999998807907104,0.49789372086524963,0.6329695552826582,0.6569999938720841
2,0,2,True,1,0.6000000238418579,0.9528141021728516,0.7113207692620573,0.9360000080891027
1,3,1,True,1,0.3499999940395355,0.48807448148727417,0.5855909908654705,0.6520000033843422
0,1,0,True,0,0.44999998807907104,0.5720133781433105,0.6329695552826582,0.6959999995050431
3,1,3,True,1,0.4000000059604645,0.19483736157417297,0.6088195772640365,0.5190000003162492
2,2,2,True,1,0.699999988079071,0.4641976058483124,0.768871768122878,0.6400000013129329
1,2,1,True,0,0.800000011920929,0.5812140703201294,0.8310790978922871,0.7009999861602607
3,2,3,True,0,0.6000000238418579,0.4398687779903412,0.7113207692620573,0.6280000006288825
2,2,2,True,0,0.6000000238418579,0.3940335214138031,0.7113207692620573,0.6060000044077539
0,0,0,True,0,0.6000000238418579,0.7542210817337036,0.7113207692620573,0.8020000117674349
3,2,3,True,0,0.75,0.3596412241458893,0.7993705370142242,0.5899999944934109
2,2,2,True,0,0.6000000238418579,0.0944298729300499,0.7113207692620573,0.4799999995287582
3,2,3,True,1,0.949999988079071,0.35527676343917847,0.9339529695901586,0.5879999979029831
0,0,0,True,0,0.6000000238418579,0.3220621347427368,0.7113207692620573,0.5729999981902032
0,2,0,True,0,1.0,0.3812440037727356,0.971,0.599999998363473
0,3,0,True,1,0.30000001192092896,0.45411649346351624,0.5632486689650297,0.6349999989235079
3,2,3,True,0,0.6499999761581421,0.4337139427661896,0.7395366334422223,0.6250000060421259
0,0,0,True,0,0.550000011920929,0.42338991165161133,0.6841814055442375,0.6200000046867694
3,2,3,True,1,0.800000011920929,0.3354511559009552,0.8310790978922871,0.5789999971512589
1,2,1,True,0,0.6499999761581421,0.4682080149650574,0.7395366334422223,0.642000002023176
3,0,3,True,1,0.550000011920929,0.3940335214138031,0.6841814055442375,0.6060000044077539
0,1,0,True,1,0.44999998807907104,0.5326346158981323,0.6329695552826582,0.6749999971262126
0,1,0,True,1,0.5,0.3443003296852112,0.658077503034407,0.5830000058412748
1,0,1,True,0,0.6000000238418579,0.33988335728645325,0.7113207692620573,0.5810000010414563
3,2,3,True,1,0.6000000238418579,0.3153149485588074,0.7113207692620573,0.5699999949628566
0,1,0,True,0,0.44999998807907104,0.4045950770378113,0.6329695552826582,0.6110000023402741
3,2,3,True,1,0.800000011920929,0.5793792009353638,0.8310790978922871,0.6999999930529267
0,1,0,True,0,0.44999998807907104,0.42131510376930237,0.6329695552826582,0.6189999980109001
0,2,0,True,0,0.6499999761581421,0.30399036407470703,0.7395366334422223,0.565000005083747
2,2,2,True,0,0.800000011920929,0.2694052755832672,0.8310790978922871,0.5500000017162529
1,2,1,True,0,0.75,0.48412567377090454,0.7993705370142242,0.6500000013936217
0,2,0,True,1,0.8999999761581421,0.48412567377090454,0.8983194123648568,0.6500000013936217
0,1,0,True,1,0.44999998807907104,0.308532178401947,0.6329695552826582,0.5670000011910246
2,1,2,True,0,0.44999998807907104,0.328774094581604,0.6329695552826582,0.5760000046448289
1,0,1,True,1,0.550000011920929,0.29714739322662354,0.6841814055442375,0.5620000042133692
0,2,0,True,1,0.6499999761581421,0.5134501457214355,0.7395366334422223,0.6649999893374305
2,2,2,True,1,0.75,0.4641976058483124,0.7993705370142242,0.6400000013129329
1,0,1,True,0,0.6000000238418579,0.39826855063438416,0.7113207692620573,0.6079999975326807
1,0,1,True,1,0.6000000238418579,0.5720133781433105,0.7113207692620573,0.6959999995050431
0,0,0,True,1,0.550000011920929,0.3812440037727356,0.6841814055442375,0.599999998363473
0,2,0,True,0,0.800000011920929,0.29026779532432556,0.8310790978922871,0.559000002995557
0,2,0,True,0,0.800000011920929,0.27639713883399963,0.8310790978922871,0.553000001098508
2,0,2,True,1,0.550000011920929,0.42338991165161133,0.6841814055442375,0.6200000046867694
1,0,1,True,1,0.550000011920929,0.43576881289482117,0.6841814055442375,0.625999995435672
1,2,1,True,1,0.6499999761581421,0.40248969197273254,0.7395366334422223,0.6100000002618106
2,1,2,True,0,0.4000000059604645,0.42338991165161133,0.6088195772640365,0.6200000046867694
1,1,1,True,0,0.5,0.4439556896686554,0.658077503034407,0.6299999975354973
2,2,2,True,1,0.6499999761581421,0.4275294840335846,0.7395366334422223,0.6220000070202574
3,0,3,True,0,0.550000011920929,0.9166051149368286,0.6841814055442375,0.9100000194582607
3,1,3,True,0,0.44999998807907104,0.5720133781433105,0.6329695552826582,0.6959999995050431
0,2,0,True,1,1.0,0.3153149485588074,0.971,0.5699999949628566
0,2,0,True,1,0.6499999761581421,0.5402289628982544,0.7395366334422223,0.6790000122923703
1,0,1,True,1,0.550000011920929,0.6508050560951233,0.6841814055442375,0.7399999934074837
2,1,2,True,0,0.4000000059604645,0.29485827684402466,0.6088195772640365,0.561000001187531
1,2,1,True,1,0.6000000238418579,0.5885275602340698,0.7113207692620573,0.7050000102948958
2,2,2,True,1,0.6000000238418579,0.31756794452667236,0.7113207692620573,0.5709999943657259
0,1,0,True,1,0.4000000059604645,0.42338991165161133,0.6088195772640365,0.6200000046867694
0,0,0,True,1,0.550000011920929,0.3354511559009552,0.6841814055442375,0.5789999971512589
1,2,1,True,1,0.800000011920929,0.4920111894607544,0.8310790978922871,0.6540000026505938
2,2,2,True,0,1.0,0.42338991165161133,0.971,0.6200000046867694
1,1,3,False,1,0.4000000059604645,0.4581584334373474,0.6088195772640365,0.6370000008314272
1,1,1,True,1,0.5,0.9866941571235657,0.658077503034407,0.9610000130242814
0,1,0,True,1,0.44999998807907104,0.45613905787467957,0.6329695552826582,0.6360000026529686
1,1,1,True,1,0.44999998807907104,0.36832594871520996,0.6329695552826582,0.5939999935821837
0,1,0,True,1,0.5,0.34870216250419617,0.658077503034407,0.5850000047715612
3,2,3,True,0,0.949999988079071,0.308532178401947,0.9339529695901586,0.5670000011910246
0,0,0,True,0,0.550000011920929,0.46620437502861023,0.6841814055442375,0.6410000019167172
2,2,2,True,0,0.699999988079071,0.3153149485588074,0.768871768122878,0.5699999949628566
2,0,2,True,1,0.550000011920929,0.5249951481819153,0.6841814055442375,0.6709999908340439
2,1,2,True,1,0.5,0.5921686887741089,0.658077503034407,0.7069999836614034
1,2,1,True,1,0.6000000238418579,0.5211583375930786,0.7113207692620573,0.6689999971277729
2,1,2,True,0,0.5,0.29256507754325867,0.658077503034407,0.5599999986660849
0,2,0,True,0,0.6499999761581421,0.619153618812561,0.7395366334422223,0.7219999872133522
0,2,0,True,1,0.8999999761581421,0.5921686887741089,0.8983194123648568,0.7069999836614034
3,2,3,True,1,0.699999988079071,0.42338991165161133,0.768871768122878,0.6200000046867694
1,0,1,True,0,0.6000000238418579,0.23386380076408386,0.7113207692620573,0.5349999999477194
1,1,1,True,0,0.5,0.24582049250602722,0.658077503034407,0.5400000017738655
0,2,0,True,0,0.8999999761581421,0.3812440037727356,0.8983194123648568,0.599999998363473
2,2,2,True,1,0.75,0.5903494358062744,0.7993705370142242,0.7060000090442848
0,2,0,True,1,0.800000011920929,0.4171554446220398,0.8310790978922871,0.6169999996816915
1,0,3,False,1,0.550000011920929,0.5421205163002014,0.6841814055442375,0.6799999933743011
3,2,3,True,0,0.6499999761581421,0.24582049250602722,0.7395366334422223,0.5400000017738655
2,2,2,True,0,0.6000000238418579,0.3153149485588074,0.7113207692620573,0.5699999949628566
2,1,2,True,0,0.44999998807907104,0.29256507754325867,0.6329695552826582,0.5599999986660849
2,2,2,True,0,0.699999988079071,0.40669700503349304,0.768871768122878,0.6119999977165095
3,2,3,True,0,0.6499999761581421,0.3596412241458893,0.7395366334422223,0.5899999944934109
3,1,3,True,1,0.5,0.19978095591068268,0.658077503034407,0.5209999976935672
3,1,3,True,0,0.44999998807907104,0.3639909327030182,0.6329695552826582,0.5919999991910871
0,1,0,True,0,0.44999998807907104,0.26706618070602417,0.6329695552826582,0.5490000035364818
0,2,0,True,0,0.699999988079071,0.40248969197273254,0.768871768122878,0.6100000002618106
3,0,3,True,1,0.6000000238418579,0.3443003296852112,0.7113207692620573,0.5830000058412748
0,1,0,True,0,0.5,0.3961527645587921,0.658077503034407,0.6069999935530198
3,2,3,True,1,0.6000000238418579,0.42338991165161133,0.7113207692620573,0.6200000046867694
3,1,3,True,1,0.5,0.3465031087398529,0.658077503034407,0.5839999954464355
1,2,3,False,1,0.6000000238418579,0.3465031087398529,0.7113207692620573,0.5839999954464355
1,1,1,True,0,0.44999998807907104,0.2576669752597809,0.6329695552826582,0.5450000004380767
0,0,0,True,1,0.6000000238418579,0.5812140703201294,0.7113207692620573,0.7009999861602607
0,0,0,True,0,0.6000000238418579,0.5037494897842407,0.7113207692620573,0.6600000042038996
0,2,0,True,0,1.0,0.3812440037727356,0.971,0.599999998363473
3,2,3,True,1,1.0,0.2810373306274414,0.971,0.5549999965892977
2,1,2,True,0,0.44999998807907104,0.4045950770378113,0.6329695552826582,0.6110000023402741
3,1,3,True,0,0.5,0.4087955057621002,0.658077503034407,0.6129999952092078
1,2,1,True,0,0.699999988079071,0.46620437502861023,0.768871768122878,0.6410000019167172
2,2,2,True,1,0.699999988079071,0.3812440037727356,0.768871768122878,0.599999998363473
1,2,1,True,1,0.699999988079071,0.523078203201294,0.768871768122878,0.6700000089266277
3,2,3,True,0,0.6499999761581421,0.3354511559009552,0.7395366334422223,0.5789999971512589
1,0,1,True,1,0.6000000238418579,0.3153149485588074,0.7113207692620573,0.5699999949628566
2,0,2,True,0,0.6000000238418579,0.5830463767051697,0.7113207692620573,0.7020000080067311
2,1,2,True,1,0.4000000059604645,0.6577340960502625,0.6088195772640365,0.7439999907907382
1,1,1,True,1,0.5,0.48412567377090454,0.658077503034407,0.6500000013936217
3,2,3,True,1,0.800000011920929,0.3443003296852112,0.8310790978922871,0.5830000058412748
1,2,1,True,1,0.6000000238418579,0.5812140703201294,0.7113207692620573,0.7009999861602607
3,1,3,True,0,0.44999998807907104,0.33766916394233704,0.6329695552826582,0.5799999977030665
1,1,1,True,0,0.5,0.3153149485588074,0.658077503034407,0.5699999949628566
0,2,0,True,1,0.75,0.523078203201294,0.7993705370142242,0.6700000089266277
3,2,3,True,1,1.0,0.5307289958000183,0.971,0.6739999925477638
1,1,1,True,1,0.4000000059604645,0.328774094581604,0.6088195772640365,0.5760000046448289
3,1,3,True,0,0.5,0.3661602735519409,0.658077503034407,0.592999998817374
0,2,0,True,0,0.800000011920929,0.30171340703964233,0.8310790978922871,0.5639999994126826
2,0,2,True,1,0.550000011920929,0.5627463459968567,0.6841814055442375,0.6910000104977662
3,2,3,True,0,0.6000000238418579,0.3748012185096741,0.7113207692620573,0.5970000022301625
1,2,1,True,1,0.800000011920929,0.3748012185096741,0.8310790978922871,0.5970000022301625
0,2,0,True,0,1.0,0.09710486978292465,0.971,0.4810000002270129
0,2,0,True,1,0.6499999761581421,0.5627463459968567,0.7395366334422223,0.6910000104977662
0,2,0,True,0,0.800000011920929,0.33988335728645325,0.8310790978922871,0.5810000010414563
1,2,1,True,0,0.800000011920929,0.6155881881713867,0.8310790978922871,0.7199999836812788
2,2,2,True,0,0.6499999761581421,0.3812440037727356,0.7395366334422223,0.599999998363473
0,1,0,True,0,0.5,0.3153149485588074,0.658077503034407,0.5699999949628566
3,1,3,True,0,0.5,0.3574608564376831,0.658077503034407,0.5890000008539068
2,1,2,True,1,0.4000000059604645,0.5957996249198914,0.6088195772640365,0.7090000084138519
0,0,0,True,1,0.550000011920929,0.48610159754753113,0.6841814055442375,0.651000004150087
2,2,2,True,0,0.6499999761581421,0.3812440037727356,0.7395366334422223,0.599999998363473
0,2,0,True,0,0.800000011920929,0.3354511559009552,0.8310790978922871,0.5789999971512589
1,3,1,True,0,0.3499999940395355,0.33766916394233704,0.5855909908654705,0.5799999977030665
2,2,2,True,0,0.6000000238418579,0.3153149485588074,0.7113207692620573,0.5699999949628566
3,0,3,True,1,0.6000000238418579,0.5037494897842407,0.7113207692620573,0.6600000042038996
0,2,0,True,1,0.6499999761581421,0.5056954622268677,0.7395366334422223,0.6609999885813245
1,2,1,True,1,0.8500000238418579,0.4641976058483124,0.8640454394695402,0.6400000013129329
1,2,1,True,1,0.699999988079071,0.43576881289482117,0.768871768122878,0.625999995435672
3,1,3,True,0,0.4000000059604645,0.29485827684402466,0.6088195772640365,0.561000001187531
3,2,3,True,1,0.699999988079071,0.4439556896686554,0.768871768122878,0.6299999975354973
0,2,0,True,1,0.8500000238418579,0.4621877074241638,0.8640454394695402,0.6390000050779484
0,2,0,True,0,0.8500000238418579,0.6403409838676453,0.8640454394695402,0.7340000160240354
1,2,1,True,0,0.8999999761581421,0.22179484367370605,0.8983194123648568,0.530000000488792
1,2,1,True,1,0.6499999761581421,0.4295942783355713,0.7395366334422223,0.6230000066815589
2,1,2,True,0,0.5,0.4150705635547638,0.658077503034407,0.6160000041365007
3,1,1,False,1,0.44999998807907104,0.33322933316230774,0.6329695552826582,0.5780000053118328
2,0,2,True,1,0.6000000238418579,0.3574608564376831,0.7113207692620573,0.5890000008539068
0,1,0,True,0,0.5,0.35527676343917847,0.658077503034407,0.5879999979029831
0,3,0,True,1,0.3499999940395355,0.3876546621322632,0.5855909908654705,0.6029999976780734
1,0,1,True,1,0.550000011920929,0.40248969197273254,0.6841814055442375,0.6100000002618106
0,2,0,True,1,0.6000000238418579,0.4337139427661896,0.7113207692620573,0.6250000060421259
0,2,0,True,0,0.699999988079071,0.20716089010238647,0.768871768122878,0.5239999985726885
0,0,0,True,0,0.6000000238418579,0.4087955057621002,0.7113207692620573,0.6129999952092078
0,1,0,True,1,0.44999998807907104,0.33766916394233704,0.6329695552826582,0.5799999977030665
0,2,0,True,0,0.8500000238418579,0.4439556896686554,0.8640454394695402,0.6299999975354973
2,2,2,True,0,1.0,0.2242177128791809,0.971,0.5309999982366974
1,2,2,False,1,0.75,0.42338991165161133,0.7993705370142242,0.6200000046867694
3,2,3,True,0,0.6000000238418579,0.2242177128791809,0.7113207692620573,0.5309999982366974
2,0,2,True,1,0.550000011920929,0.29256507754325867,0.6841814055442375,0.5599999986660849
3,1,3,True,0,0.44999998807907104,0.2242177128791809,0.6329695552826582,0.5309999982366974
1,2,1,True,1,0.8999999761581421,0.5867030620574951,0.8983194123648568,0.7039999915253303
1,2,1,True,1,0.800000011920929,0.46620437502861023,0.8310790978922871,0.6410000019167172
2,0,2,True,1,0.550000011920929,0.5903494358062744,0.6841814055442375,0.7060000090442848
2,2,2,True,0,0.8500000238418579,0.6508050560951233,0.8640454394695402,0.7399999934074837
3,1,3,True,1,0.5,0.3961527645587921,0.658077503034407,0.6069999935530198
1,0,1,True,1,0.550000011920929,0.3661602735519409,0.6841814055442375,0.592999998817374
2,3,2,True,1,0.30000001192092896,0.43165573477745056,0.5632486689650297,0.6239999936034302
3,2,3,True,0,0.6000000238418579,0.25294145941734314,0.7113207692620573,0.542999993858368
3,2,3,True,0,0.6499999761581421,0.22179484367370605,0.7395366334422223,0.530000000488792
3,2,3,True,0,0.75,0.33322933316230774,0.7993705370142242,0.5780000053118328
2,2,2,True,0,0.6000000238418579,0.2694052755832672,0.7113207692620573,0.5500000017162529
1,0,1,True,0,0.6000000238418579,0.3310036361217499,0.7113207692620573,0.5770000013431426
0,2,0,True,1,0.6499999761581421,0.4398687779903412,0.7395366334422223,0.6280000006288825
0,0,0,True,0,0.6000000238418579,0.22663603723049164,0.7113207692620573,0.5320000016500914
3,2,3,True,1,0.6000000238418579,0.29485827684402466,0.7113207692620573,0.561000001187531
0,0,0,True,0,0.6000000238418579,0.42338991165161133,0.7113207692620573,0.6200000046867694
0,2,1,False,1,0.800000011920929,0.42338991165161133,0.8310790978922871,0.6200000046867694
2,2,2,True,0,0.949999988079071,0.38338443636894226,0.9339529695901586,0.6009999943513901
3,0,3,True,1,0.6000000238418579,0.42131510376930237,0.7113207692620573,0.6189999980109001
2,0,2,True,1,0.550000011920929,0.5664611458778381,0.6841814055442375,0.6929999875251339
2,0,2,True,1,0.6000000238418579,0.43576881289482117,0.7113207692620573,0.625999995435672
1,0,1,True,1,0.6000000238418579,0.5664611458778381,0.7113207692620573,0.6929999875251339
3,2,3,True,0,0.699999988079071,0.33988335728645325,0.768871768122878,0.5810000010414563
2,2,2,True,1,0.699999988079071,0.3596412241458893,0.768871768122878,0.5899999944934109
3,2,3,True,0,0.75,0.3153149485588074,0.7993705370142242,0.5699999949628566
0,2,0,True,1,0.6000000238418579,0.419236958026886,0.7113207692620573,0.6179999993857016
0,0,0,True,0,0.6000000238418579,0.27407073974609375,0.7113207692620573,0.5520000006930108
1,2,1,True,0,0.75,0.35308897495269775,0.7993705370142242,0.587000005058579
1,0,1,True,0,0.6000000238418579,0.49004432559013367,0.7113207692620573,0.6529999943573211
1,1,1,True,0,0.44999998807907104,0.5608848929405212,0.6329695552826582,0.6900000116606454
2,1,2,True,0,0.5,0.5173100233078003,0.658077503034407,0.6669999949844069
1,1,1,True,1,0.44999998807907104,0.3574608564376831,0.6329695552826582,0.5890000008539068
1,2,1,True,0,0.699999988079071,0.4959358870983124,0.768871768122878,0.6560000071025891
1,1,1,True,0,0.4000000059604645,0.4439556896686554,0.6088195772640365,0.6299999975354973
0,2,0,True,0,0.6499999761581421,0.3354511559009552,0.7395366334422223,0.5789999971512589
1,0,1,True,0,0.550000011920929,0.14946790039539337,0.6841814055442375,0.5010000004429338
2,2,2,True,1,0.6499999761581421,0.48412567377090454,0.7395366334422223,0.6500000013936217
0,1,2,False,1,0.5,0.42338991165161133,0.658077503034407,0.6200000046867694
1,1,3,False,0,0.5,0.33766916394233704,0.658077503034407,0.5799999977030665
2,2,2,True,0,0.6000000238418579,0.29256507754325867,0.7113207692620573,0.5599999986660849
0,2,0,True,1,0.8500000238418579,0.40248969197273254,0.8640454394695402,0.6100000002618106
1,1,1,True,1,0.5,0.39191073179244995,0.658077503034407,0.6049999933638269
2,1,2,True,0,0.5,0.17235280573368073,0.658077503034407,0.5100000023525977
2,2,2,True,1,1.0,0.4761914908885956,0.971,0.6460000047372518
1,2,1,True,1,0.6499999761581421,0.45613905787467957,0.7395366334422223,0.6360000026529686
1,1,1,True,0,0.44999998807907104,0.17738346755504608,0.6329695552826582,0.5119999989763284
1,3,1,True,0,0.3499999940395355,0.24105115234851837,0.5855909908654705,0.5380000001029064
3,3,3,True,0,0.30000001192092896,0.2717401087284088,0.5632486689650297,0.5509999944515519
3,2,3,True,0,0.6000000238418579,0.3940335214138031,0.7113207692620573,0.6060000044077539
0,0,0,True,0,0.6000000238418579,0.3220621347427368,0.7113207692620573,0.5729999981902032
1,0,1,True,1,0.550000011920929,0.5867030620574951,0.6841814055442375,0.7039999915253303
0,1,0,True,0,0.5,0.2647227942943573,0.658077503034407,0.5479999938412414
0,2,0,True,1,0.8999999761581421,0.7283192276954651,0.8983194123648568,0.7859999944844881
0,1,0,True,0,0.44999998807907104,0.523078203201294,0.6329695552826582,0.6700000089266277
2,2,2,True,1,0.699999988079071,0.6138017773628235,0.768871768122878,0.7189999932327383
0,2,0,True,0,0.699999988079071,0.26706618070602417,0.768871768122878,0.5490000035364818
3,3,3,True,1,0.3499999940395355,0.636833906173706,0.5855909908654705,0.7320000026925029
3,1,3,True,0,0.5,0.44802966713905334,0.658077503034407,0.6320000040573776
2,0,2,True,1,0.550000011920929,0.38978445529937744,0.6841814055442375,0.6039999939804539
3,0,3,True,1,0.6000000238418579,0.29256507754325867,0.7113207692620573,0.5599999986660849
3,1,3,True,1,0.44999998807907104,0.42338991165161133,0.6329695552826582,0.6200000046867694
3,2,3,True,0,0.6000000238418579,0.3812440037727356,0.7113207692620573,0.599999998363473
1,1,1,True,1,0.5,0.29026779532432556,0.658077503034407,0.559000002995557
2,0,2,True,1,0.550000011920929,0.42338991165161133,0.6841814055442375,0.6200000046867694
2,2,2,True,1,0.6499999761581421,0.2717401087284088,0.7395366334422223,0.5509999944515519
0,1,0,True,0,0.4000000059604645,0.5095786452293396,0.6088195772640365,0.6629999853834717
0,2,0,True,0,0.75,0.40248969197273254,0.7993705370142242,0.6100000002618106
0,2,0,True,0,0.949999988079071,0.30171340703964233,0.9339529695901586,0.5639999994126826
3,2,3,True,0,0.6499999761581421,0.3812440037727356,0.7395366334422223,0.599999998363473
0,1,0,True,1,0.5,0.5867030620574951,0.658077503034407,0.7039999915253303
0,0,0,True,1,0.550000011920929,0.4641976058483124,0.6841814055442375,0.6400000013129329
3,2,3,True,0,0.8500000238418579,0.40248969197273254,0.8640454394695402,0.6100000002618106
3,2,3,True,0,0.699999988079071,0.30171340703964233,0.768871768122878,0.5639999994126826
2,3,2,True,0,0.3499999940395355,0.36832594871520996,0.5855909908654705,0.5939999935821837
1,2,1,True,1,0.699999988079071,0.4439556896686554,0.768871768122878,0.6299999975354973
0,2,0,True,1,0.8500000238418579,0.33988335728645325,0.8640454394695402,0.5810000010414563
3,2,3,True,0,0.6000000238418579,0.29714739322662354,0.7113207692620573,0.5620000042133692
2,2,3,False,1,1.0,0.13916456699371338,0.971,0.4970000025064603
0,1,0,True,0,0.44999998807907104,0.42338991165161133,0.6329695552826582,0.6200000046867694
3,2,3,True,0,0.6000000238418579,0.2386598289012909,0.7113207692620573,0.5369999990486598
3,2,3,True,0,0.6000000238418579,0.33766916394233704,0.7113207692620573,0.5799999977030665
1,0,1,True,0,0.6000000238418579,0.4641976058483124,0.7113207692620573,0.6400000013129329
3,2,3,True,0,0.6499999761581421,0.33766916394233704,0.7395366334422223,0.5799999977030665
3,2,3,True,1,0.6499999761581421,0.21693535149097443,0.7395366334422223,0.5280000012242887
3,1,3,True,0,0.5,0.5939854383468628,0.658077503034407,0.7079999956924453
3,2,3,True,1,1.0,0.2717401087284088,0.971,0.5509999944515519
0,2,3,False,1,0.800000011920929,0.4581584334373474,0.8310790978922871,0.6370000008314272
1,0,1,True,0,0.550000011920929,0.29256507754325867,0.6841814055442375,0.5599999986660849
2,1,2,True,1,0.44999998807907104,0.32654064893722534,0.6329695552826582,0.5749999945167829
1,2,1,True,0,0.800000011920929,0.4742002487182617,0.8310790978922871,0.6449999954493963
1,0,1,True,0,0.550000011920929,0.17235280573368073,0.6841814055442375,0.5100000023525977
3,2,3,True,1,0.699999988079071,0.633317232131958,0.768871768122878,0.7299999888020932
1,2,1,True,0,0.699999988079071,0.22179484367370605,0.768871768122878,0.530000000488792
0,2,0,True,1,0.6499999761581421,0.3812440037727356,0.7395366334422223,0.599999998363473
3,1,3,True,0,0.4000000059604645,0.39826855063438416,0.6088195772640365,0.6079999975326807
3,2,3,True,0,0.699999988079071,0.48412567377090454,0.768871768122878,0.6500000013936217
3,3,3,True,0,0.30000001192092896,0.5515369176864624,0.5632486689650297,0.6849999871350084
3,2,3,True,0,0.8500000238418579,0.28796637058258057,0.8640454394695402,0.5579999946350287
0,0,0,True,1,0.550000011920929,0.4439556896686554,0.6841814055442375,0.6299999975354973
1,2,1,True,1,0.75,0.5957996249198914,0.7993705370142242,0.7090000084138519
1,3,1,True,1,0.30000001192092896,0.29485827684402466,0.5632486689650297,0.561000001187531
2,2,2,True,1,0.75,0.23145905137062073,0.7993705370142242,0.5339999971886118
0,1,0,True,0,0.5,0.3596412241458893,0.658077503034407,0.5899999944934109
0,0,0,True,0,0.550000011920929,0.2553063929080963,0.6841814055442375,0.5439999988025059
1,2,1,True,1,0.699999988079071,0.4045950770378113,0.768871768122878,0.6110000023402741
2,2,2,True,0,0.6499999761581421,0.24582049250602722,0.7395366334422223,0.5400000017738655
1,2,1,True,1,0.6000000238418579,0.42131510376930237,0.7113207692620573,0.6189999980109001
3,2,3,True,0,0.699999988079071,0.3354511559009552,0.768871768122878,0.5789999971512589
1,0,1,True,0,0.550000011920929,0.4439556896686554,0.6841814055442375,0.6299999975354973
3,2,3,True,0,0.8500000238418579,0.33766916394233704,0.8640454394695402,0.5799999977030665
1,0,1,True,0,0.6000000238418579,0.45411649346351624,0.7113207692620573,0.6349999989235079
0,0,0,True,0,0.6000000238418579,0.2047056257724762,0.7113207692620573,0.52300000179344
1,0,1,True,0,0.550000011920929,0.306263267993927,0.6841814055442375,0.565999999023059
3,2,3,True,0,0.6499999761581421,0.4254613518714905,0.7395366334422223,0.6209999998295582
0,1,0,True,0,0.44999998807907104,0.4045950770378113,0.6329695552826582,0.6110000023402741
0,1,0,True,0,0.5,0.3596412241458893,0.658077503034407,0.5899999944934109
3,3,3,True,0,0.30000001192092896,0.48412567377090454,0.5632486689650297,0.6500000013936217
2,1,2,True,0,0.5,0.4275294840335846,0.658077503034407,0.6220000070202574
1,0,1,True,1,0.550000011920929,0.5552842617034912,0.6841814055442375,0.6869999924912059
1,1,1,True,1,0.5,0.42338991165161133,0.658077503034407,0.6200000046867694
0,0,0,True,1,0.550000011920929,0.633317232131958,0.6841814055442375,0.7299999888020932
0,1,0,True,0,0.5,0.3618179261684418,0.658077503034407,0.591000000410564
3,2,3,True,1,0.8500000238418579,0.4641976058483124,0.8640454394695402,0.6400000013129329
3,2,3,True,0,1.0,0.27639713883399963,0.971,0.553000001098508
3,0,3,True,1,0.550000011920929,0.17235280573368073,0.6841814055442375,0.5100000023525977
0,2,0,True,1,0.8999999761581421,0.7429531812667847,0.8983194123648568,0.7949999973200035
3,0,3,True,0,0.550000011920929,0.24343803524971008,0.6841814055442375,0.5390000012298091
1,0,1,True,0,0.550000011920929,0.0944298729300499,0.6841814055442375,0.4799999995287582
0,2,0,True,0,0.75,0.33988335728645325,0.7993705370142242,0.5810000010414563
0,2,0,True,0,0.75,0.46620437502861023,0.7993705370142242,0.6410000019167172
1,1,3,False,1,0.44999998807907104,0.2694052755832672,0.6329695552826582,0.5500000017162529
0,1,0,True,1,0.4000000059604645,0.3748012185096741,0.6088195772640365,0.5970000022301625
1,2,1,True,0,0.6499999761581421,0.34870216250419617,0.7395366334422223,0.5850000047715612
2,2,2,True,1,0.800000011920929,0.48412567377090454,0.8310790978922871,0.6500000013936217
2,1,2,True,1,0.5,0.3812440037727356,0.658077503034407,0.599999998363473
3,2,3,True,1,0.8500000238418579,0.4045950770378113,0.8640454394695402,0.6110000023402741
3,2,3,True,0,0.8999999761581421,0.3940335214138031,0.8983194123648568,0.6060000044077539
1,1,1,True,0,0.44999998807907104,0.2694052755832672,0.6329695552826582,0.5500000017162529
3,2,3,True,1,0.6000000238418579,0.4742002487182617,0.7113207692620573,0.6449999954493963
2,1,2,True,1,0.4000000059604645,0.7590200901031494,0.6088195772640365,0.8050000078106256
2,2,2,True,0,0.75,0.39826855063438416,0.7993705370142242,0.6079999975326807
0,0,0,True,0,0.550000011920929,0.9986755847930908,0.6841814055442375,0.9699999920540093
1,2,1,True,1,0.6000000238418579,0.3354511559009552,0.7113207692620573,0.5789999971512589
3,1,3,True,1,0.5,0.29256507754325867,0.658077503034407,0.5599999986660849
3,0,3,True,1,0.550000011920929,0.5830463767051697,0.6841814055442375,0.7020000080067311
0,2,0,True,1,0.75,0.3596412241458893,0.7993705370142242,0.5899999944934109
2,2,2,True,1,0.949999988079071,0.419236958026886,0.9339529695901586,0.6179999993857016
0,1,0,True,1,0.4000000059604645,0.3508974313735962,0.6088195772640365,0.5860000008743051
1,1,1,True,1,0.44999998807907104,0.33766916394233704,0.6329695552826582,0.5799999977030665
2,2,2,True,1,0.6000000238418579,0.3596412241458893,0.7113207692620573,0.5899999944934109
1,2,1,True,0,0.699999988079071,0.328774094581604,0.768871768122878,0.5760000046448289
1,2,1,True,0,0.8999999761581421,0.42338991165161133,0.8983194123648568,0.6200000046867694
3,0,3,True,0,0.550000011920929,0.19235841929912567,0.6841814055442375,0.5180000030009603
3,2,3,True,1,0.75,0.4419138729572296,0.7993705370142242,0.6290000063056567
1,2,1,True,0,0.699999988079071,0.03972652927041054,0.768871768122878,0.4600000004161496
0,2,0,True,0,0.75,0.2994324266910553,0.7993705370142242,0.5630000013857446
0,1,0,True,1,0.44999998807907104,0.5037494897842407,0.6329695552826582,0.6600000042038996
1,2,1,True,0,0.699999988079071,0.33766916394233704,0.768871768122878,0.5799999977030665
2,2,2,True,0,0.949999988079071,0.3618179261684418,0.9339529695901586,0.591000000410564
3,0,3,True,1,0.550000011920929,0.523078203201294,0.6841814055442375,0.6700000089266277
2,1,2,True,0,0.5,0.48610159754753113,0.658077503034407,0.651000004150087
1,1,1,True,1,0.44999998807907104,0.3596412241458893,0.6329695552826582,0.5899999944934109
1,1,1,True,1,0.44999998807907104,0.6155881881713867,0.6329695552826582,0.7199999836812788
1,1,1,True,0,0.44999998807907104,0.18987467885017395,0.6329695552826582,0.5170000024850443
2,2,2,True,0,1.0,0.2386598289012909,0.971,0.5369999990486598
3,1,3,True,1,0.5,0.4439556896686554,0.658077503034407,0.6299999975354973
1,2,1,True,1,0.75,0.42338991165161133,0.7993705370142242,0.6200000046867694
3,2,3,True,0,0.6000000238418579,0.3940335214138031,0.7113207692620573,0.6060000044077539
3,0,3,True,1,0.550000011920929,0.5867030620574951,0.6841814055442375,0.7039999915253303
1,2,1,True,0,0.6499999761581421,0.29485827684402466,0.7395366334422223,0.561000001187531
2,0,2,True,0,0.550000011920929,0.5477786660194397,0.6841814055442375,0.6830000081040974
2,0,2,True,0,0.550000011920929,0.3596412241458893,0.6841814055442375,0.5899999944934109
3,2,3,True,0,0.800000011920929,0.14689980447292328,0.8310790978922871,0.5000000028082926
1,1,1,True,0,0.5,0.5994202494621277,0.658077503034407,0.7109999869912261
2,2,2,True,1,0.6000000238418579,0.37264642119407654,0.7113207692620573,0.5960000009269539
0,2,0,True,1,0.8500000238418579,0.5477786660194397,0.8640454394695402,0.6830000081040974
0,0,0,True,1,0.6000000238418579,0.4087955057621002,0.7113207692620573,0.6129999952092078
2,2,2,True,0,0.699999988079071,0.28796637058258057,0.768871768122878,0.5579999946350287
1,1,1,True,0,0.44999998807907104,0.27407073974609375,0.6329695552826582,0.5520000006930108
3,2,3,True,0,0.75,0.2647227942943573,0.7993705370142242,0.5479999938412414
0,1,0,True,1,0.44999998807907104,0.2994324266910553,0.6329695552826582,0.5630000013857446
1,1,1,True,1,0.5,0.3596412241458893,0.658077503034407,0.5899999944934109
1,1,1,True,1,0.44999998807907104,0.4641976058483124,0.6329695552826582,0.6400000013129329
0,2,0,True,0,1.0,0.4171554446220398,0.971,0.6169999996816915
0,2,0,True,1,0.699999988079071,0.33766916394233704,0.768871768122878,0.5799999977030665
2,2,2,True,0,0.800000011920929,0.4920111894607544,0.8310790978922871,0.6540000026505938
1,2,1,True,1,0.699999988079071,0.6680581569671631,0.768871768122878,0.750000009687365
0,2,0,True,1,0.8500000238418579,0.39826855063438416,0.8640454394695402,0.6079999975326807
0,2,0,True,1,0.800000011920929,0.501800537109375,0.8310790978922871,0.6590000046509626
2,2,2,True,0,0.6499999761581421,0.2994324266910553,0.7395366334422223,0.5630000013857446
0,2,0,True,0,1.0,0.3354511559009552,0.971,0.5789999971512589
2,2,2,True,0,0.699999988079071,0.4419138729572296,0.768871768122878,0.6290000063056567
1,2,1,True,0,0.6499999761581421,0.3220621347427368,0.7395366334422223,0.5729999981902032
3,0,3,True,1,0.550000011920929,0.4419138729572296,0.6841814055442375,0.6290000063056567
1,2,1,True,1,0.6499999761581421,0.6138017773628235,0.7395366334422223,0.7189999932327383
3,2,3,True,1,0.6000000238418579,0.3130580186843872,0.7113207692620573,0.5690000053822707
1,3,1,True,0,0.30000001192092896,0.28335118293762207,0.5632486689650297,0.5560000043586534
2,1,2,True,1,0.44999998807907104,0.4722059369087219,0.6329695552826582,0.6439999961737441
0,2,0,True,1,0.699999988079071,0.4939750134944916,0.768871768122878,0.6549999932755893
3,1,0,False,1,0.44999998807907104,0.3198170065879822,0.6329695552826582,0.5719999974815364
1,1,1,True,1,0.5,0.42338991165161133,0.658077503034407,0.6200000046867694
0,2,0,True,1,0.6499999761581421,0.523078203201294,0.7395366334422223,0.6700000089266277
0,1,0,True,1,0.44999998807907104,0.42338991165161133,0.6329695552826582,0.6200000046867694
2,1,2,True,1,0.44999998807907104,0.4641976058483124,0.6329695552826582,0.6400000013129329
2,0,2,True,0,0.550000011920929,0.5307289958000183,0.6841814055442375,0.6739999925477638
2,2,2,True,0,0.75,0.4500617980957031,0.7993705370142242,0.632999994670712
1,0,1,True,1,0.550000011920929,0.6155881881713867,0.6841814055442375,0.7199999836812788
1,0,1,True,0,0.550000011920929,0.5364373922348022,0.6841814055442375,0.6770000015404591
2,2,2,True,0,0.8999999761581421,0.3855213224887848,0.8983194123648568,0.6019999959607932
3,1,3,True,0,0.4000000059604645,0.42338991165161133,0.6088195772640365,0.6200000046867694
3,1,0,False,1,0.44999998807907104,0.29256507754325867,0.6329695552826582,0.5599999986660849
3,0,3,True,1,0.6000000238418579,0.910942792892456,0.7113207692620573,0.9059999870809383
3,2,3,True,0,0.6000000238418579,0.179891437292099,0.7113207692620573,0.5129999985509739
0,2,0,True,1,0.8500000238418579,0.46620437502861023,0.8640454394695402,0.6410000019167172
0,3,0,True,1,0.25,0.38978445529937744,0.5417587713672438,0.6039999939804539
1,2,1,True,1,0.6000000238418579,0.5976111888885498,0.7113207692620573,0.7099999849109374
0,1,0,True,1,0.4000000059604645,0.42338991165161133,0.6088195772640365,0.6200000046867694
3,1,3,True,1,0.5,0.38338443636894226,0.658077503034407,0.6009999943513901
2,0,2,True,0,0.550000011920929,0.6680581569671631,0.6841814055442375,0.750000009687365
3,2,3,True,0,0.8500000238418579,0.577541708946228,0.8640454394695402,0.6990000002142911
1,2,1,True,1,0.6499999761581421,0.37264642119407654,0.7395366334422223,0.5960000009269539
2,1,2,True,0,0.5,0.35527676343917847,0.658077503034407,0.5879999979029831
2,0,2,True,1,0.550000011920929,0.7510117292404175,0.6841814055442375,0.7999999956072469
3,1,3,True,0,0.5,0.29256507754325867,0.658077503034407,0.5599999986660849
3,1,3,True,1,0.5,0.523078203201294,0.658077503034407,0.6700000089266277
0,2,0,True,1,1.0,0.28335118293762207,0.971,0.5560000043586534
0,2,0,True,0,0.6499999761581421,0.4621877074241638,0.7395366334422223,0.6390000050779484
1,2,3,False,1,0.6000000238418579,0.3153149485588074,0.7113207692620573,0.5699999949628566
2,2,2,True,0,0.6499999761581421,0.31756794452667236,0.7395366334422223,0.5709999943657259
2,2,2,True,0,0.75,0.501800537109375,0.7993705370142242,0.6590000046509626
3,2,3,True,0,0.800000011920929,0.4108906090259552,0.8310790978922871,0.6140000037210799
0,2,0,True,1,0.949999988079071,0.5249951481819153,0.9339529695901586,0.6709999908340439
2,1,2,True,1,0.5,0.45411649346351624,0.658077503034407,0.6349999989235079
2,1,2,True,1,0.5,0.577541708946228,0.658077503034407,0.6990000002142911
2,1,2,True,0,0.4000000059604645,0.40248969197273254,0.6088195772640365,0.6100000002618106
2,1,2,True,0,0.44999998807907104,0.22663603723049164,0.6329695552826582,0.5320000016500914
0,0,0,True,1,0.550000011920929,0.3153149485588074,0.6841814055442375,0.5699999949628566
2,2,2,True,0,0.6000000238418579,0.3940335214138031,0.7113207692620573,0.6060000044077539
1,0,1,True,0,0.6000000238418579,0.4398687779903412,0.7113207692620573,0.6280000006288825
3,2,3,True,0,0.6000000238418579,0.33766916394233704,0.7113207692620573,0.5799999977030665
3,0,3,True,0,0.550000011920929,0.6731892228126526,0.6841814055442375,0.7529999995792407
0,1,0,True,1,0.5,0.3153149485588074,0.658077503034407,0.5699999949628566
3,2,3,True,1,0.800000011920929,0.5076385736465454,0.8310790978922871,0.6620000145171903
3,2,3,True,0,0.6000000238418579,0.1698300689458847,0.7113207692620573,0.5090000028495377
2,2,2,True,0,1.0,0.29485827684402466,0.971,0.561000001187531
3,0,3,True,1,0.6000000238418579,0.35527676343917847,0.7113207692620573,0.5879999979029831
3,1,3,True,1,0.44999998807907104,0.14689980447292328,0.6329695552826582,0.5000000028082926
1,2,1,True,0,0.6000000238418579,0.40248969197273254,0.7113207692620573,0.6100000002618106
1,2,1,True,0,1.0,0.29256507754325867,0.971,0.5599999986660849
2,2,2,True,0,0.8500000238418579,0.9745999574661255,0.8640454394695402,0.9520000090392358
1,2,1,True,0,0.6499999761581421,0.3855213224887848,0.7395366334422223,0.6019999959607932
1,2,1,True,0,0.800000011920929,0.32654064893722534,0.8310790978922871,0.5749999945167829
3,1,3,True,0,0.44999998807907104,0.18489274382591248,0.6329695552826582,0.5149999978148059
2,2,2,True,0,0.6000000238418579,0.22179484367370605,0.7113207692620573,0.530000000488792
1,1,1,True,0,0.4000000059604645,0.33988335728645325,0.6088195772640365,0.5810000010414563
3,2,3,True,1,0.699999988079071,0.3661602735519409,0.768871768122878,0.592999998817374
3,1,3,True,0,0.44999998807907104,0.48412567377090454,0.6329695552826582,0.6500000013936217
3,0,3,True,1,0.550000011920929,0.45613905787467957,0.6841814055442375,0.6360000026529686
0,1,0,True,0,0.4000000059604645,0.13657577335834503,0.6088195772640365,0.49600000174021064
3,0,3,True,1,0.550000011920929,0.5440093278884888,0.6841814055442375,0.680999994476731
1,1,3,False,0,0.44999998807907104,0.39826855063438416,0.6329695552826582,0.6079999975326807
3,2,3,True,0,0.6499999761581421,0.4621877074241638,0.7395366334422223,0.6390000050779484
2,1,2,True,1,0.4000000059604645,0.3790999948978424,0.6088195772640365,0.5989999996127661
0,2,0,True,1,0.6499999761581421,0.4045950770378113,0.7395366334422223,0.6110000023402741
3,1,3,True,0,0.44999998807907104,0.34870216250419617,0.6329695552826582,0.5850000047715612
0,1,0,True,0,0.44999998807907104,0.29256507754325867,0.6329695552826582,0.5599999986660849
1,2,1,True,1,0.75,0.3596412241458893,0.7993705370142242,0.5899999944934109
3,2,3,True,0,0.699999988079071,0.17235280573368073,0.768871768122878,0.5100000023525977
2,2,2,True,1,0.8500000238418579,0.3790999948978424,0.8640454394695402,0.5989999996127661
0,2,0,True,1,0.6499999761581421,0.29026779532432556,0.7395366334422223,0.559000002995557
2,2,2,True,0,0.949999988079071,0.5848760008811951,0.9339529695901586,0.7029999894420969
2,2,2,True,0,0.800000011920929,0.7510117292404175,0.8310790978922871,0.7999999956072469
1,0,1,True,0,0.6000000238418579,0.42338991165161133,0.7113207692620573,0.6200000046867694
1,2,1,True,0,0.699999988079071,0.5664611458778381,0.768871768122878,0.6929999875251339
3,2,3,True,1,0.699999988079071,0.4254613518714905,0.768871768122878,0.6209999998295582
1,1,3,False,1,0.5,0.25057220458984375,0.658077503034407,0.5420000049430272
0,2,0,True,1,0.75,0.577541708946228,0.7993705370142242,0.6990000002142911
2,2,2,True,0,0.6000000238418579,0.32430335879325867,0.7113207692620573,0.5740000036699657
0,0,0,True,1,0.550000011920929,0.3596412241458893,0.6841814055442375,0.5899999944934109
1,0,1,True,1,0.550000011920929,0.46620437502861023,0.6841814055442375,0.6410000019167172
0,2,0,True,1,0.75,0.29256507754325867,0.7993705370142242,0.5599999986660849
3,2,3,True,1,0.75,0.28566086292266846,0.7993705370142242,0.5570000058769908
1,2,3,False,1,0.699999988079071,0.2694052755832672,0.768871768122878,0.5500000017162529
2,2,2,True,1,0.699999988079071,0.4641976058483124,0.768871768122878,0.6400000013129329
3,1,3,True,0,0.5,0.35308897495269775,0.658077503034407,0.587000005058579
1,1,1,True,0,0.44999998807907104,0.40038084983825684,0.6329695552826582,0.6089999968669422
3,2,3,True,0,0.6499999761581421,0.2553063929080963,0.7395366334422223,0.5439999988025059
0,2,0,True,1,0.75,0.38338443636894226,0.7993705370142242,0.6009999943513901
1,2,1,True,0,0.800000011920929,0.28335118293762207,0.8310790978922871,0.5560000043586534
0,2,0,True,1,0.8999999761581421,0.19235841929912567,0.8983194123648568,0.5180000030009603
1,1,0,False,1,0.5,0.3354511559009552,0.658077503034407,0.5789999971512589
0,1,0,True,0,0.4000000059604645,0.306263267993927,0.6088195772640365,0.565999999023059
1,1,1,True,0,0.44999998807907104,0.4641976058483124,0.6329695552826582,0.6400000013129329
2,1,2,True,1,0.44999998807907104,0.4419138729572296,0.6329695552826582,0.6290000063056567
1,1,1,True,0,0.44999998807907104,0.29026779532432556,0.6329695552826582,0.559000002995557
3,1,3,True,0,0.4000000059604645,0.28566086292266846,0.6088195772640365,0.5570000058769908
2,1,2,True,0,0.5,0.3855213224887848,0.658077503034407,0.6019999959607932
1,0,1,True,0,0.550000011920929,0.3812440037727356,0.6841814055442375,0.599999998363473
1,1,1,True,0,0.44999998807907104,0.4439556896686554,0.6329695552826582,0.6299999975354973
3,2,3,True,0,0.800000011920929,0.3639909327030182,0.8310790978922871,0.5919999991910871
2,0,2,True,0,0.550000011920929,0.35527676343917847,0.6841814055442375,0.5879999979029831
2,2,2,True,0,0.699999988079071,0.17235280573368073,0.768871768122878,0.5100000023525977
3,1,3,True,0,0.5,0.3812440037727356,0.658077503034407,0.599999998363473
2,1,2,True,0,0.44999998807907104,0.3855213224887848,0.6329695552826582,0.6019999959607932
0,2,0,True,1,0.8500000238418579,0.33988335728645325,0.8640454394695402,0.5810000010414563
3,1,3,True,1,0.5,0.3704880177974701,0.658077503034407,0.5950000053605375
2,2,2,True,1,0.6499999761581421,0.3790999948978424,0.7395366334422223,0.5989999996127661
1,0,1,True,0,0.550000011920929,0.5173100233078003,0.6841814055442375,0.6669999949844069
3,1,3,True,1,0.5,0.4500617980957031,0.658077503034407,0.632999994670712
1,1,1,True,0,0.5,0.3812440037727356,0.658077503034407,0.599999998363473
0,1,0,True,1,0.5,0.3107970952987671,0.658077503034407,0.5680000053827252
1,0,1,True,0,0.550000011920929,0.3596412241458893,0.6841814055442375,0.5899999944934109
0,0,0,True,0,0.550000011920929,0.4459942877292633,0.6841814055442375,0.6309999984516933
1,2,1,True,1,1.0,0.38338443636894226,0.971,0.6009999943513901
2,2,2,True,1,0.6000000238418579,0.3596412241458893,0.7113207692620573,0.5899999944934109
1,3,1,True,0,0.30000001192092896,0.4821467101573944,0.5632486689650297,0.6489999998467633
1,1,1,True,0,0.44999998807907104,0.20961149036884308,0.6329695552826582,0.5250000023269161
1,2,1,True,0,0.75,0.32654064893722534,0.7993705370142242,0.5749999945167829
1,2,1,True,0,1.0,0.4500617980957031,0.971,0.632999994670712
1,0,1,True,1,0.550000011920929,0.38338443636894226,0.6841814055442375,0.6009999943513901
1,2,1,True,0,0.6499999761581421,0.14432655274868011,0.7395366334422223,0.498999999553165
0,0,0,True,0,0.550000011920929,0.2694052755832672,0.6841814055442375,0.5500000017162529
1,2,1,True,1,0.8500000238418579,0.5976111888885498,0.8640454394695402,0.7099999849109374
0,1,0,True,1,0.5,0.42131510376930237,0.658077503034407,0.6189999980109001
2,2,1,False,1,0.6499999761581421,0.2694052755832672,0.7395366334422223,0.5500000017162529
2,1,2,True,0,0.5,0.2386598289012909,0.658077503034407,0.5369999990486598
1,2,1,True,0,1.0,0.3596412241458893,0.971,0.5899999944934109
3,2,3,True,0,0.75,0.46620437502861023,0.7993705370142242,0.6410000019167172
2,2,2,True,1,0.699999988079071,0.3618179261684418,0.768871768122878,0.591000000410564
0,2,0,True,0,1.0,0.2647227942943573,0.971,0.5479999938412414
2,2,0,False,1,0.800000011920929,0.16730235517024994,0.8310790978922871,0.5079999970809916
1,0,1,True,0,0.6000000238418579,0.29026779532432556,0.7113207692620573,0.559000002995557
1,2,1,True,1,0.6000000238418579,0.48412567377090454,0.7113207692620573,0.6500000013936217
0,0,0,True,0,0.550000011920929,0.32430335879325867,0.6841814055442375,0.5740000036699657
2,1,2,True,0,0.5,0.4439556896686554,0.658077503034407,0.6299999975354973
1,3,1,True,1,0.3499999940395355,0.3748012185096741,0.5855909908654705,0.5970000022301625
3,0,3,True,1,0.550000011920929,0.6508050560951233,0.6841814055442375,0.7399999934074837
2,2,2,True,1,0.6000000238418579,0.7068827748298645,0.7113207692620573,0.7730000118832996
2,2,2,True,1,0.6000000238418579,0.3940335214138031,0.7113207692620573,0.6060000044077539
1,2,1,True,1,0.8999999761581421,0.42338991165161133,0.8983194123648568,0.6200000046867694
0,2,0,True,1,0.8999999761581421,0.3310036361217499,0.8983194123648568,0.5770000013431426
0,1,0,True,1,0.5,0.48610159754753113,0.658077503034407,0.651000004150087
1,0,1,True,0,0.550000011920929,0.23145905137062073,0.6841814055442375,0.5339999971886118
1,1,1,True,0,0.44999998807907104,0.6262549757957458,0.6329695552826582,0.7260000112287769
2,1,2,True,1,0.44999998807907104,0.42338991165161133,0.6329695552826582,0.6200000046867694
0,2,0,True,0,0.949999988079071,0.45613905787467957,0.9339529695901586,0.6360000026529686
0,2,0,True,1,0.75,0.49004432559013367,0.7993705370142242,0.6529999943573211
0,2,0,True,0,0.6499999761581421,0.3855213224887848,0.7395366334422223,0.6019999959607932
0,0,0,True,0,0.550000011920929,0.3153149485588074,0.6841814055442375,0.5699999949628566
3,0,3,True,0,0.550000011920929,0.29256507754325867,0.6841814055442375,0.5599999986660849
1,3,1,True,1,0.3499999940395355,0.6030307412147522,0.5855909908654705,0.7129999863200077
3,2,3,True,0,0.75,0.14689980447292328,0.7993705370142242,0.5000000028082926
3,1,3,True,1,0.4000000059604645,0.3153149485588074,0.6088195772640365,0.5699999949628566
0,2,0,True,0,1.0,0.29256507754325867,0.971,0.5599999986660849
1,2,1,True,1,0.6499999761581421,0.4295942783355713,0.7395366334422223,0.6230000066815589
2,1,2,True,0,0.5,0.22179484367370605,0.658077503034407,0.530000000488792
1,2,1,True,1,0.6000000238418579,0.33766916394233704,0.7113207692620573,0.5799999977030665
2,2,2,True,1,0.699999988079071,0.7184698581695557,0.768871768122878,0.7799999861212166
0,2,0,True,0,0.800000011920929,0.2623751759529114,0.8310790978922871,0.547000004689126
0,1,0,True,1,0.5,0.43165573477745056,0.658077503034407,0.6239999936034302
3,1,3,True,0,0.44999998807907104,0.306263267993927,0.6329695552826582,0.565999999023059
0,2,3,False,1,0.6499999761581421,0.4439556896686554,0.7395366334422223,0.6299999975354973
2,0,2,True,0,0.6000000238418579,0.8661933541297913,0.7113207692620573,0.8750000050046861
1,2,1,True,0,0.699999988079071,0.24582049250602722,0.768871768122878,0.5400000017738655
2,2,2,True,1,0.800000011920929,0.5867030620574951,0.8310790978922871,0.7039999915253303
3,1,3,True,1,0.5,0.5095786452293396,0.658077503034407,0.6629999853834717
3,2,3,True,1,1.0,0.43576881289482117,0.971,0.625999995435672
2,2,2,True,1,0.8500000238418579,0.5885275602340698,0.8640454394695402,0.7050000102948958
1,2,1,True,1,0.800000011920929,0.40248969197273254,0.8310790978922871,0.6100000002618106
3,2,3,True,1,0.8500000238418579,0.38338443636894226,0.8640454394695402,0.6009999943513901
0,0,0,True,0,0.550000011920929,0.24343803524971008,0.6841814055442375,0.5390000012298091
3,1,3,True,1,0.44999998807907104,0.6066311597824097,0.6329695552826582,0.7150000080374032
3,3,3,True,0,0.30000001192092896,0.19731153547763824,0.5632486689650297,0.5199999990084729
0,0,0,True,0,0.6000000238418579,0.2047056257724762,0.7113207692620573,0.52300000179344
2,2,1,False,1,0.8500000238418579,0.24582049250602722,0.8640454394695402,0.5400000017738655
0,2,0,True,0,0.8500000238418579,0.2386598289012909,0.8640454394695402,0.5369999990486598
2,2,2,True,1,0.699999988079071,0.42131510376930237,0.768871768122878,0.6189999980109001
2,2,2,True,1,0.75,0.49004432559013367,0.7993705370142242,0.6529999943573211
2,0,2,True,1,0.550000011920929,0.5421205163002014,0.6841814055442375,0.6799999933743011
1,2,1,True,1,0.699999988079071,0.3748012185096741,0.768871768122878,0.5970000022301625
2,1,2,True,1,0.5,0.3618179261684418,0.658077503034407,0.591000000410564
3,3,3,True,1,0.25,0.3310036361217499,0.5417587713672438,0.5770000013431426
3,0,3,True,0,0.550000011920929,0.3153149485588074,0.6841814055442375,0.5699999949628566
2,2,2,True,1,0.6499999761581421,0.5646051168441772,0.7395366334422223,0.6920000145544056
1,1,1,True,0,0.44999998807907104,0.5173100233078003,0.6329695552826582,0.6669999949844069
3,2,3,True,1,0.6499999761581421,0.3812440037727356,0.7395366334422223,0.599999998363473
3,2,3,True,0,0.75,0.3220621347427368,0.7993705370142242,0.5729999981902032
2,1,2,True,0,0.5,0.2694052755832672,0.658077503034407,0.5500000017162529
3,2,3,True,0,0.6499999761581421,0.29256507754325867,0.7395366334422223,0.5599999986660849
0,2,0,True,0,0.8500000238418579,0.5440093278884888,0.8640454394695402,0.680999994476731
2,1,2,True,1,0.5,0.39191073179244995,0.658077503034407,0.6049999933638269
0,2,0,True,0,0.75,0.29256507754325867,0.7993705370142242,0.5599999986660849
1,2,1,True,0,0.699999988079071,0.31756794452667236,0.768871768122878,0.5709999943657259
3,0,3,True,0,0.550000011920929,0.40248969197273254,0.6841814055442375,0.6100000002618106
1,2,1,True,0,0.6499999761581421,0.501800537109375,0.7395366334422223,0.6590000046509626
0,1,0,True,0,0.4000000059604645,0.3153149485588074,0.6088195772640365,0.5699999949628566
3,2,3,True,1,0.75,0.523078203201294,0.7993705370142242,0.6700000089266277
0,0,0,True,0,0.550000011920929,0.24582049250602722,0.6841814055442375,0.5400000017738655
2,1,2,True,0,0.5,0.523078203201294,0.658077503034407,0.6700000089266277
0,2,0,True,1,0.6000000238418579,0.48412567377090454,0.7113207692620573,0.6500000013936217
2,2,2,True,1,0.800000011920929,0.7494040727615356,0.8310790978922871,0.7990000060616607
0,0,0,True,0,0.550000011920929,0.42338991165161133,0.6841814055442375,0.6200000046867694
2,2,2,True,0,0.8999999761581421,0.5664611458778381,0.8983194123648568,0.6929999875251339
1,0,1,True,0,0.6000000238418579,0.28796637058258057,0.7113207692620573,0.5579999946350287
3,3,3,True,0,0.30000001192092896,0.23145905137062073,0.5632486689650297,0.5339999971886118
2,0,2,True,1,0.550000011920929,0.3940335214138031,0.6841814055442375,0.6060000044077539
2,2,2,True,1,0.6499999761581421,0.7796112298965454,0.7395366334422223,0.8180000098538827
2,1,2,True,1,0.5,0.3443003296852112,0.658077503034407,0.5830000058412748
3,0,3,True,0,0.550000011920929,0.3153149485588074,0.6841814055442375,0.5699999949628566
3,1,3,True,1,0.4000000059604645,0.29256507754325867,0.6088195772640365,0.5599999986660849
3,2,3,True,1,0.6499999761581421,0.40248969197273254,0.7395366334422223,0.6100000002618106
0,1,0,True,1,0.5,0.3812440037727356,0.658077503034407,0.599999998363473
2,2,2,True,0,0.6000000238418579,0.29256507754325867,0.7113207692620573,0.5599999986660849
3,2,3,True,0,1.0,0.39826855063438416,0.971,0.6079999975326807
2,2,2,True,1,0.6000000238418579,0.4722059369087219,0.7113207692620573,0.6439999961737441
1,2,1,True,1,0.699999988079071,0.30399036407470703,0.768871768122878,0.565000005083747
2,2,2,True,1,0.6499999761581421,0.6155881881713867,0.7395366334422223,0.7199999836812788
1,2,1,True,0,0.699999988079071,0.40248969197273254,0.768871768122878,0.6100000002618106
3,2,3,True,0,0.6000000238418579,0.24582049250602722,0.7113207692620573,0.5400000017738655
2,0,2,True,1,0.550000011920929,0.49789372086524963,0.6841814055442375,0.6569999938720841
1,2,1,True,0,0.6499999761581421,0.3812440037727356,0.7395366334422223,0.599999998363473
1,3,1,True,0,0.3499999940395355,0.40038084983825684,0.5855909908654705,0.6089999968669422
0,1,0,True,0,0.44999998807907104,0.32430335879325867,0.6329695552826582,0.5740000036699657
2,1,2,True,1,0.5,0.5421205163002014,0.658077503034407,0.6799999933743011
0,1,0,True,1,0.5,0.45613905787467957,0.658077503034407,0.6360000026529686
1,0,1,True,0,0.550000011920929,0.4087955057621002,0.6841814055442375,0.6129999952092078
2,1,2,True,0,0.5,0.35527676343917847,0.658077503034407,0.5879999979029831
3,2,3,True,1,0.800000011920929,0.29485827684402466,0.8310790978922871,0.561000001187531
2,2,2,True,1,0.6499999761581421,0.40248969197273254,0.7395366334422223,0.6100000002618106
0,2,0,True,1,0.699999988079071,0.4821467101573944,0.768871768122878,0.6489999998467633
1,0,1,True,1,0.550000011920929,0.4108906090259552,0.6841814055442375,0.6140000037210799
0,0,0,True,0,0.550000011920929,0.5608848929405212,0.6841814055442375,0.6900000116606454
3,2,3,True,0,0.75,0.6850826740264893,0.7993705370142242,0.7599999911836276
0,2,0,True,1,0.6499999761581421,0.46620437502861023,0.7395366334422223,0.6410000019167172
1,2,1,True,0,0.699999988079071,0.23386380076408386,0.768871768122878,0.5349999999477194
3,0,3,True,1,0.550000011920929,0.6155881881713867,0.6841814055442375,0.7199999836812788
0,0,0,True,0,0.550000011920929,0.5867030620574951,0.6841814055442375,0.7039999915253303
0,0,0,True,0,0.550000011920929,0.4295942783355713,0.6841814055442375,0.6230000066815589
3,2,3,True,1,0.8500000238418579,0.5307289958000183,0.8640454394695402,0.6739999925477638
1,2,1,True,1,0.6499999761581421,0.3596412241458893,0.7395366334422223,0.5899999944934109
0,2,0,True,1,1.0,0.4500617980957031,0.971,0.632999994670712
3,0,3,True,0,0.550000011920929,0.33766916394233704,0.6841814055442375,0.5799999977030665
3,1,3,True,1,0.44999998807907104,0.4641976058483124,0.6329695552826582,0.6400000013129329
1,1,1,True,1,0.5,0.3618179261684418,0.658077503034407,0.591000000410564
2,0,2,True,1,0.550000011920929,0.3596412241458893,0.6841814055442375,0.5899999944934109
2,1,2,True,0,0.44999998807907104,0.22179484367370605,0.6329695552826582,0.530000000488792
0,0,0,True,0,0.6000000238418579,0.26706618070602417,0.7113207692620573,0.5490000035364818
3,1,3,True,1,0.44999998807907104,0.4641976058483124,0.6329695552826582,0.6400000013129329
2,2,2,True,1,1.0,0.48412567377090454,0.971,0.6500000013936217
3,0,3,True,1,0.550000011920929,0.4129822850227356,0.6841814055442375,0.6150000037195905
0,2,0,True,0,0.75,0.7510117292404175,0.7993705370142242,0.7999999956072469
3,0,3,True,1,0.550000011920929,0.628024160861969,0.6841814055442375,0.7269999942109775
0,0,0,True,0,0.6000000238418579,0.2717401087284088,0.7113207692620573,0.5509999944515519
2,1,2,True,0,0.4000000059604645,0.24582049250602722,0.6088195772640365,0.5400000017738655
3,1,3,True,0,0.4000000059604645,0.33766916394233704,0.6088195772640365,0.5799999977030665
1,2,1,True,1,0.800000011920929,0.5552842617034912,0.8310790978922871,0.6869999924912059
1,2,1,True,1,0.75,0.42338991165161133,0.7993705370142242,0.6200000046867694
2,2,2,True,1,0.6499999761581421,0.2810373306274414,0.7395366334422223,0.5549999965892977
3,1,3,True,0,0.5,0.3508974313735962,0.658077503034407,0.5860000008743051
1,1,1,True,0,0.44999998807907104,0.4459942877292633,0.6329695552826582,0.6309999984516933
3,2,3,True,0,0.75,0.6782999038696289,0.7993705370142242,0.7559999994989051
0,2,0,True,0,0.8500000238418579,0.7348437905311584,0.8640454394695402,0.7899999991132267
1,1,1,True,1,0.44999998807907104,0.4742002487182617,0.6329695552826582,0.6449999954493963
3,0,3,True,0,0.550000011920929,0.33766916394233704,0.6841814055442375,0.5799999977030665
2,2,2,True,1,0.8999999761581421,0.46017464995384216,0.8983194123648568,0.6380000032773165
1,1,1,True,0,0.44999998807907104,0.4781796336174011,0.6329695552826582,0.6470000042710665
0,2,0,True,1,0.6499999761581421,0.42338991165161133,0.7395366334422223,0.6200000046867694
2,2,2,True,0,0.699999988079071,0.3130580186843872,0.768871768122878,0.5690000053822707
0,2,0,True,1,0.699999988079071,0.3198170065879822,0.768871768122878,0.5719999974815364
1,1,1,True,0,0.5,0.3618179261684418,0.658077503034407,0.591000000410564
2,2,2,True,0,0.699999988079071,0.4254613518714905,0.768871768122878,0.6209999998295582
3,2,2,False,0,0.699999988079071,0.4641976058483124,0.768871768122878,0.6400000013129329
0,1,0,True,0,0.5,0.18738612532615662,0.658077503034407,0.516000000251395
3,2,3,True,1,0.949999988079071,0.4295942783355713,0.9339529695901586,0.6230000066815589
2,1,1,False,1,0.5,0.33766916394233704,0.658077503034407,0.5799999977030665
0,1,0,True,0,0.44999998807907104,0.40248969197273254,0.6329695552826582,0.6100000002618106
2,1,2,True,0,0.5,0.4045950770378113,0.658077503034407,0.6110000023402741
2,0,2,True,0,0.550000011920929,0.22179484367370605,0.6841814055442375,0.530000000488792
3,1,3,True,1,0.4000000059604645,0.3443003296852112,0.6088195772640365,0.5830000058412748
0,1,0,True,0,0.44999998807907104,0.40248969197273254,0.6329695552826582,0.6100000002618106
1,1,1,True,0,0.5,0.308532178401947,0.658077503034407,0.5670000011910246
1,1,1,True,1,0.44999998807907104,0.5402289628982544,0.6329695552826582,0.6790000122923703
1,2,1,True,0,0.8500000238418579,0.3153149485588074,0.8640454394695402,0.5699999949628566
1,2,1,True,1,0.8500000238418579,0.38338443636894226,0.8640454394695402,0.6009999943513901
0,2,0,True,0,0.6499999761581421,0.34870216250419617,0.7395366334422223,0.5850000047715612
1,2,1,True,1,1.0,0.4761914908885956,0.971,0.6460000047372518
2,1,2,True,1,0.4000000059604645,0.37264642119407654,0.6088195772640365,0.5960000009269539
3,3,3,True,0,0.25,0.28335118293762207,0.5417587713672438,0.5560000043586534
3,1,3,True,0,0.5,0.3961527645587921,0.658077503034407,0.6069999935530198
1,1,1,True,1,0.5,0.40248969197273254,0.658077503034407,0.6100000002618106
0,0,0,True,1,0.6000000238418579,0.2994324266910553,0.7113207692620573,0.5630000013857446
1,2,1,True,1,0.6499999761581421,0.35527676343917847,0.7395366334422223,0.5879999979029831
1,2,1,True,0,1.0,0.3961527645587921,0.971,0.6069999935530198
3,2,3,True,0,0.6000000238418579,0.39191073179244995,0.7113207692620573,0.6049999933638269
3,1,3,True,0,0.5,0.1698300689458847,0.658077503034407,0.5090000028495377
0,0,0,True,1,0.550000011920929,0.42338991165161133,0.6841814055442375,0.6200000046867694
2,0,2,True,1,0.6000000238418579,0.4920111894607544,0.7113207692620573,0.6540000026505938
3,2,3,True,0,0.699999988079071,0.306263267993927,0.768871768122878,0.565999999023059
0,2,1,False,1,0.75,0.3596412241458893,0.7993705370142242,0.5899999944934109
3,2,3,True,0,0.6000000238418579,0.29714739322662354,0.7113207692620573,0.5620000042133692
1,3,1,True,1,0.3499999940395355,0.26002323627471924,0.5855909908654705,0.5460000046421294
3,2,3,True,1,0.800000011920929,0.4129822850227356,0.8310790978922871,0.6150000037195905
1,1,1,True,1,0.5,0.6155881881713867,0.658077503034407,0.7199999836812788
3,2,3,True,1,1.0,0.523078203201294,0.971,0.6700000089266277
2,2,2,True,0,0.6000000238418579,0.35527676343917847,0.7113207692620573,0.5879999979029831
1,0,1,True,0,0.550000011920929,0.3465031087398529,0.6841814055442375,0.5839999954464355
2,0,2,True,1,0.550000011920929,0.523078203201294,0.6841814055442375,0.6700000089266277
2,0,2,True,0,0.550000011920929,0.5134501457214355,0.6841814055442375,0.6649999893374305
0,1,0,True,0,0.44999998807907104,0.22904980182647705,0.6329695552826582,0.5329999974819276
2,1,2,True,0,0.44999998807907104,0.42131510376930237,0.6329695552826582,0.6189999980109001
2,2,2,True,0,0.6000000238418579,0.3153149485588074,0.7113207692620573,0.5699999949628566
2,2,2,True,0,0.6000000238418579,0.43576881289482117,0.7113207692620573,0.625999995435672
0,1,0,True,0,0.44999998807907104,0.27871933579444885,0.6329695552826582,0.5540000019118512
2,2,2,True,0,0.8500000238418579,0.3443003296852112,0.8640454394695402,0.5830000058412748
2,2,2,True,0,0.75,0.40248969197273254,0.7993705370142242,0.6100000002618106
0,0,0,True,0,0.6000000238418579,0.40248969197273254,0.7113207692620573,0.6100000002618106
2,2,2,True,0,0.6000000238418579,0.24582049250602722,0.7113207692620573,0.5400000017738655
3,2,3,True,1,0.800000011920929,0.2694052755832672,0.8310790978922871,0.5500000017162529
0,2,0,True,1,1.0,0.4821467101573944,0.971,0.6489999998467633
0,2,0,True,1,0.75,0.38338443636894226,0.7993705370142242,0.6009999943513901
3,1,3,True,1,0.44999998807907104,0.5288205742835999,0.6329695552826582,0.6730000026427778
2,2,2,True,1,0.6000000238418579,0.5115158557891846,0.7113207692620573,0.663999988738256
2,0,1,False,1,0.550000011920929,0.21449869871139526,0.6841814055442375,0.5270000017425633
2,2,2,True,1,1.0,0.5192356109619141,0.971,0.6679999910003619
2,1,2,True,1,0.44999998807907104,0.5646051168441772,0.6329695552826582,0.6920000145544056
1,1,1,True,1,0.5,0.328774094581604,0.658077503034407,0.5760000046448289
1,0,1,True,1,0.550000011920929,0.3574608564376831,0.6841814055442375,0.5890000008539068
3,2,3,True,1,0.6499999761581421,0.19731153547763824,0.7395366334422223,0.5199999990084729
3,1,3,True,0,0.4000000059604645,0.22179484367370605,0.6088195772640365,0.530000000488792
3,1,0,False,1,0.44999998807907104,0.4419138729572296,0.6329695552826582,0.6290000063056567
0,2,0,True,0,0.75,0.4129822850227356,0.7993705370142242,0.6150000037195905
2,2,2,True,0,0.8999999761581421,0.5440093278884888,0.8983194123648568,0.680999994476731
1,2,1,True,1,0.8500000238418579,0.29714739322662354,0.8640454394695402,0.5620000042133692
2,2,2,True,0,0.949999988079071,0.48016470670700073,0.9339529695901586,0.6480000042340459
3,1,3,True,1,0.5,0.34209373593330383,0.658077503034407,0.5820000012303785
3,3,3,True,1,0.3499999940395355,0.5269092917442322,0.5855909908654705,0.672000000582687
3,2,3,True,0,0.8500000238418579,0.33766916394233704,0.8640454394695402,0.5799999977030665
2,2,2,True,0,0.75,0.4108906090259552,0.7993705370142242,0.6140000037210799
1,2,1,True,1,0.699999988079071,0.3940335214138031,0.768871768122878,0.6060000044077539
3,2,3,True,0,0.6499999761581421,0.2810373306274414,0.7395366334422223,0.5549999965892977
3,2,3,True,0,0.8999999761581421,0.4419138729572296,0.8983194123648568,0.6290000063056567
1,2,1,True,0,0.800000011920929,0.4702085256576538,0.8310790978922871,0.6429999967585903
0,2,0,True,1,0.75,0.33322933316230774,0.7993705370142242,0.5780000053118328
3,0,3,True,0,0.550000011920929,0.4254613518714905,0.6841814055442375,0.6209999998295582
3,2,3,True,1,0.699999988079071,0.2553063929080963,0.768871768122878,0.5439999988025059
3,2,3,True,0,0.8500000238418579,0.523078203201294,0.8640454394695402,0.6700000089266277
